,,,,,,,,,,
,,,,,,,,,,
,,,,,,,,,,
,,,,,,,,,,
,,,,,,,,,,
,,,,,,,,,,
Transaction_ID,Timestamp,Amount,Merchant,Card_Type,Device,Is_Fraud,Estado,Tipo_Comercio,Uso_Internacional,Historial_Usuario
1,2025-01-30 05:23:00,46.93,Chavez PLC,Amex,Desktop,0,Baja California,Restaurante,0,27
2,2025-01-15 06:45:00,301.01,"Perez, Davila and Carter",Discover,Mobile,1,Nuevo León,Electrónica,0,26
3,2025-02-03 21:32:00,131.67,Freeman Inc,Amex,Mobile,1,Baja California,Turismo,0,42
4,2025-01-02 20:20:00,91.29,Rogers-Wright,Discover,Mobile,0,Sonora,Electrónica,0,35
5,2025-01-28 15:29:00,16.96,Wilson Group,Discover,Mobile,0,Puebla,Entretenimiento,0,47
6,2025-01-13 17:28:00,16.96,"Jimenez, Carlson and Thornton",Amex,Desktop,0,CDMX,Entretenimiento,0,37
7,2025-01-06 06:32:00,5.98,Byrd-Simpson,MasterCard,Desktop,0,Nuevo León,Entretenimiento,0,7
8,2025-01-23 12:41:00,201.12,"Curtis, Cooper and King",Discover,Desktop,0,Michoacán,Retail,0,15
9,2025-01-18 19:05:00,91.91,"Howard, Marshall and Bell",Amex,Desktop,0,Sonora,Entretenimiento,0,45
10,2025-01-18 18:47:00,123.13,Ellison-Gonzalez,Visa,Mobile,0,Sonora,Supermercado,0,50
11,2025-01-07 03:10:00,2.08,Kelley Group,Amex,Tablet,0,Jalisco,Servicios,0,18
12,2025-01-21 08:39:00,350.36,"Page, Griffin and Holder",Visa,Desktop,0,Tamaulipas,Retail,0,16
13,2025-02-03 03:59:00,178.64,Clark-Beard,Discover,Desktop,0,CDMX,Turismo,0,4
14,2025-01-27 07:24:00,23.87,"Allen, Bennett and Lewis",Amex,Mobile,0,Guanajuato,Retail,0,30
15,2025-02-04 07:16:00,20.07,Whitehead-Shields,Amex,Mobile,0,Coahuila,Supermercado,0,46
16,2025-01-20 08:51:00,20.26,"Gay, Patel and Chambers",Visa,Mobile,0,Veracruz,Electrónica,0,35
17,2025-01-10 04:00:00,36.28,Anderson Group,Amex,Mobile,0,Baja California,Supermercado,0,11
18,2025-01-14 23:44:00,74.39,Luna PLC,Amex,Tablet,0,Jalisco,Retail,0,11
19,2025-01-30 09:02:00,56.55,"Castro, Kemp and Bowen",Discover,Tablet,0,Puebla,Turismo,0,8
20,2025-02-02 17:36:00,34.42,Stuart and Sons,Amex,Desktop,0,Puebla,Restaurante,0,20
21,2025-01-29 21:31:00,94.64,Burgess-Perez,MasterCard,Tablet,0,EdoMex,Restaurante,0,6
22,2025-01-15 23:09:00,15.02,Brooks Inc,Visa,Desktop,0,Jalisco,Servicios,0,35
23,2025-02-02 14:33:00,34.55,Ramos Ltd,Amex,Desktop,0,EdoMex,Supermercado,0,33
24,2025-01-01 01:34:00,45.63,Potts-Casey,Visa,Tablet,0,Coahuila,Turismo,0,21
25,2025-01-11 17:02:00,60.89,"Cole, Jordan and Walker",Visa,Desktop,0,Coahuila,Servicios,0,9
26,2025-01-29 00:57:00,153.79,King Inc,Visa,Mobile,0,Baja California,Restaurante,0,46
27,2025-01-20 05:09:00,22.27,"Payne, Sandoval and Young",Amex,Desktop,0,Nuevo León,Retail,0,23
28,2025-01-03 23:18:00,72.2,Garcia Ltd,Amex,Mobile,0,Chihuahua,Servicios,0,36
29,2025-01-07 06:24:00,89.75,"Booth, Wallace and Richards",Visa,Tablet,0,Michoacán,Servicios,0,41
30,2025-01-27 23:13:00,4.76,Vargas-Morse,MasterCard,Tablet,0,Veracruz,Servicios,0,6
31,2025-01-03 03:27:00,93.53,"Newman, Olson and Smith",Visa,Desktop,0,Sonora,Supermercado,0,19
32,2025-01-03 02:12:00,18.7,"Miller, Washington and Hogan",MasterCard,Mobile,0,Puebla,Servicios,0,32
33,2025-01-11 14:36:00,6.73,Guzman Group,Visa,Desktop,0,EdoMex,Restaurante,0,16
34,2025-02-02 12:47:00,297.37,Chen LLC,Discover,Tablet,0,Nuevo León,Servicios,0,27
35,2025-01-10 04:15:00,337.06,Griffith-Fernandez,Visa,Desktop,0,Guanajuato,Entretenimiento,0,33
36,2025-01-29 13:01:00,165.23,Bennett and Sons,Visa,Desktop,0,Guanajuato,Electrónica,0,3
37,2025-01-20 11:00:00,36.33,Skinner-Hess,Amex,Mobile,0,Veracruz,Entretenimiento,0,26
38,2025-01-11 01:56:00,10.28,Banks Group,MasterCard,Tablet,0,EdoMex,Servicios,0,48
39,2025-01-31 10:15:00,115.28,"Hayden, Cannon and Reeves",Discover,Desktop,0,Jalisco,Electrónica,0,19
40,2025-01-16 07:44:00,58.01,Tyler and Sons,MasterCard,Mobile,0,EdoMex,Servicios,0,46
41,2025-01-10 05:41:00,13.02,Shields Ltd,Discover,Desktop,0,Tamaulipas,Electrónica,0,10
42,2025-01-28 02:18:00,68.35,"Johnson, Jones and Sweeney",Visa,Mobile,0,Jalisco,Servicios,0,14
43,2025-01-05 04:35:00,3.5,"Smith, Bailey and Madden",Amex,Mobile,0,Baja California,Restaurante,0,23
44,2025-01-24 22:11:00,240.04,"Cline, Brown and Brown",Amex,Desktop,0,Guanajuato,Entretenimiento,0,43
45,2025-01-17 08:00:00,29.95,Smith Inc,MasterCard,Tablet,0,Veracruz,Supermercado,0,11
46,2025-01-19 18:40:00,108.63,Harmon-Pratt,Amex,Tablet,0,CDMX,Restaurante,0,23
47,2025-01-24 15:32:00,37.35,Gaines LLC,MasterCard,Mobile,0,Michoacán,Electrónica,0,16
48,2025-01-14 06:36:00,73.41,"Powell, Marquez and Wilson",MasterCard,Tablet,0,CDMX,Servicios,0,41
49,2025-01-11 20:43:00,79.12,Gilbert PLC,Discover,Mobile,0,EdoMex,Supermercado,0,41
50,2025-01-18 20:17:00,20.44,Webb LLC,MasterCard,Tablet,0,Baja California,Retail,0,36
51,2025-01-04 08:20:00,349.28,Garrison-Gilmore,Discover,Desktop,0,Chihuahua,Servicios,0,33
52,2025-02-05 02:45:00,149.22,"Richardson, Smith and Barajas",Amex,Tablet,0,Jalisco,Restaurante,0,50
53,2025-01-15 05:31:00,280.51,"Simmons, Pearson and Gutierrez",MasterCard,Mobile,0,Veracruz,Servicios,0,47
54,2025-01-13 18:12:00,225.22,"Lee, Dean and Mathews",MasterCard,Mobile,0,Sonora,Turismo,0,14
55,2025-01-24 22:53:00,91.11,Moore-Stone,Visa,Tablet,0,Jalisco,Supermercado,0,8
56,2025-01-21 14:57:00,254.94,"Silva, Collins and Griffin",MasterCard,Desktop,0,Sonora,Supermercado,0,47
57,2025-01-14 01:00:00,9.27,Nguyen-Davis,MasterCard,Mobile,0,CDMX,Electrónica,0,27
58,2025-01-11 17:32:00,21.81,Evans PLC,Visa,Mobile,0,Michoacán,Servicios,0,3
59,2025-02-04 16:06:00,4.63,Smith PLC,Visa,Mobile,0,CDMX,Retail,0,39
60,2025-01-19 13:19:00,39.35,Clark LLC,Amex,Mobile,0,Puebla,Entretenimiento,0,5
61,2025-01-17 08:16:00,49.21,Andrews Ltd,MasterCard,Mobile,0,Chihuahua,Entretenimiento,0,13
62,2025-01-09 14:12:00,31.66,"Shannon, Davis and Garcia",Amex,Desktop,0,Nuevo León,Supermercado,0,4
63,2025-01-26 03:19:00,176.46,Dixon LLC,Amex,Tablet,0,Nuevo León,Restaurante,0,50
64,2025-01-24 19:35:00,44.12,Horn-Brown,Visa,Desktop,0,Nuevo León,Restaurante,0,14
65,2025-01-15 10:53:00,32.98,Banks-Alvarado,Discover,Desktop,0,Sonora,Servicios,0,12
66,2025-01-07 04:32:00,78.24,Jones PLC,Amex,Mobile,0,Jalisco,Electrónica,0,26
67,2025-01-31 07:04:00,15.19,Welch-Miller,Discover,Desktop,0,Sonora,Servicios,0,1
68,2025-01-05 01:27:00,162.05,Barnett-Maldonado,MasterCard,Mobile,0,Sonora,Entretenimiento,0,29
69,2025-02-02 11:45:00,7.75,Brown-Donaldson,Visa,Desktop,0,Jalisco,Turismo,0,42
70,2025-02-05 07:45:00,433.41,"Fisher, Neal and Cook",MasterCard,Mobile,0,Michoacán,Restaurante,0,45
71,2025-01-19 04:09:00,147.95,"Castillo, Ruiz and Mason",MasterCard,Mobile,0,Puebla,Electrónica,0,33
72,2025-01-26 09:12:00,22.15,Torres-Humphrey,Visa,Desktop,0,Coahuila,Restaurante,0,32
73,2025-01-31 14:58:00,0.55,Mills Group,MasterCard,Desktop,0,Tamaulipas,Retail,0,41
74,2025-02-01 08:31:00,168.99,"Garcia, Barber and Finley",Visa,Tablet,0,Guanajuato,Turismo,0,12
75,2025-01-18 23:33:00,122.71,Holloway Group,Discover,Tablet,0,CDMX,Restaurante,0,46
76,2025-01-10 03:59:00,130.57,Smith Group,MasterCard,Tablet,0,Tamaulipas,Electrónica,0,22
77,2025-01-15 03:58:00,147.52,Clark-Norris,Visa,Desktop,0,Guanajuato,Supermercado,0,18
78,2025-01-02 01:56:00,7.69,Sanchez-Francis,Amex,Desktop,0,Michoacán,Supermercado,0,31
79,2025-01-19 02:41:00,44.39,Carter-Hatfield,MasterCard,Mobile,1,Veracruz,Supermercado,0,21
80,2025-01-04 06:44:00,12.32,Jones-Gray,Discover,Tablet,0,Coahuila,Turismo,0,40
81,2025-01-19 05:11:00,198.85,Stokes PLC,Visa,Mobile,0,Nuevo León,Entretenimiento,0,10
82,2025-01-19 01:04:00,97.63,Gomez-Oneal,MasterCard,Mobile,0,Baja California,Electrónica,0,45
83,2025-02-04 09:25:00,40.18,Miller-Jones,MasterCard,Mobile,0,Nuevo León,Retail,0,40
84,2025-01-29 02:52:00,6.57,Garcia-Mathews,MasterCard,Mobile,0,Jalisco,Turismo,0,27
85,2025-01-05 02:41:00,37.25,"Ellis, Thompson and Cole",Discover,Tablet,0,Jalisco,Restaurante,0,12
86,2025-01-06 15:55:00,39.33,Olsen LLC,Visa,Mobile,0,EdoMex,Electrónica,0,47
87,2025-01-05 02:31:00,130.79,Mclaughlin LLC,Amex,Desktop,0,Michoacán,Restaurante,0,25
88,2025-02-05 11:48:00,101.49,"Yoder, Owens and Dean",Amex,Desktop,0,Guanajuato,Supermercado,0,39
89,2025-01-08 18:52:00,218.23,"Jones, Walker and Weaver",Amex,Desktop,0,EdoMex,Supermercado,0,38
90,2025-01-31 05:02:00,63.91,"Cole, Ortega and Jennings",Visa,Tablet,0,Tamaulipas,Turismo,0,5
91,2025-01-08 14:19:00,12.74,"Walker, Goodwin and Williams",Amex,Mobile,0,Tamaulipas,Restaurante,0,36
92,2025-01-12 22:31:00,124.91,Morgan Inc,Discover,Tablet,0,Baja California,Electrónica,0,19
93,2025-01-25 02:54:00,143.04,Bowen-Scott,Visa,Mobile,0,CDMX,Entretenimiento,0,4
94,2025-01-12 21:35:00,82.39,Willis Inc,MasterCard,Tablet,0,Tamaulipas,Turismo,0,11
95,2025-01-14 07:18:00,147.39,"Martin, Flowers and Anderson",Discover,Tablet,0,EdoMex,Servicios,0,22
96,2025-01-22 20:51:00,68.08,"Smith, Taylor and Ryan",MasterCard,Mobile,0,Guanajuato,Retail,0,35
97,2025-01-31 09:40:00,73.97,Lawson-Scott,Amex,Tablet,0,Puebla,Turismo,0,43
98,2025-01-30 09:20:00,55.78,Oconnor PLC,Discover,Mobile,0,Puebla,Restaurante,0,26
99,2025-01-15 19:13:00,2.57,"Martin, Day and Barnett",Visa,Desktop,0,Chihuahua,Electrónica,0,1
100,2025-02-02 11:04:00,11.42,"Gomez, Bradley and Williams",Discover,Desktop,0,Chihuahua,Turismo,0,33
101,2025-01-06 14:42:00,3.19,"Smith, Green and Patel",MasterCard,Desktop,0,Veracruz,Retail,0,46
102,2025-01-03 03:49:00,101.17,"Ellis, Ruiz and Adams",Visa,Tablet,0,Baja California,Entretenimiento,0,10
103,2025-01-08 19:20:00,37.74,Thomas-Dunn,Discover,Desktop,0,CDMX,Servicios,0,16
104,2025-02-03 11:49:00,71.04,"Williams, Andrews and Jackson",Discover,Mobile,0,Nuevo León,Entretenimiento,0,18
105,2025-01-28 13:53:00,238.13,Smith-Schmidt,Discover,Desktop,0,Coahuila,Supermercado,0,50
106,2025-01-19 20:33:00,28.67,Walker-Stewart,Discover,Desktop,0,Puebla,Electrónica,0,26
107,2025-01-20 12:24:00,52.83,Brown and Sons,Visa,Tablet,0,Sonora,Servicios,0,21
108,2025-01-22 08:07:00,140.87,"Haynes, Ryan and Fowler",MasterCard,Mobile,0,Chihuahua,Retail,0,46
109,2025-01-20 00:06:00,25.98,Doyle-Morris,Discover,Tablet,0,Sonora,Electrónica,0,26
110,2025-01-18 08:17:00,8.01,"Rojas, Thornton and Perry",Visa,Tablet,0,Michoacán,Restaurante,0,8
111,2025-01-04 05:11:00,34.21,Taylor Ltd,MasterCard,Mobile,0,Tamaulipas,Supermercado,0,31
112,2025-01-18 09:38:00,17.58,Lang Ltd,Discover,Tablet,0,Veracruz,Electrónica,0,14
113,2025-01-24 11:34:00,265.5,Fuller-Young,MasterCard,Mobile,0,Guanajuato,Retail,0,48
114,2025-01-15 11:57:00,165.09,"Knox, Cruz and Roberts",MasterCard,Desktop,0,Nuevo León,Supermercado,0,32
115,2025-01-25 16:01:00,100.35,Caldwell-White,Visa,Mobile,0,Chihuahua,Turismo,0,42
116,2025-02-03 00:02:00,205.15,"Gay, Stein and Delgado",MasterCard,Mobile,0,Guanajuato,Restaurante,0,12
117,2025-01-06 23:20:00,162.8,Jones and Sons,Visa,Mobile,0,Sonora,Retail,0,46
118,2025-01-01 16:53:00,20.65,Avery-Townsend,Discover,Tablet,0,Guanajuato,Servicios,0,15
119,2025-01-16 17:46:00,223.08,Anthony-Higgins,MasterCard,Mobile,0,Chihuahua,Electrónica,0,3
120,2025-01-24 14:08:00,77.51,Miller Ltd,MasterCard,Mobile,0,Baja California,Retail,0,23
121,2025-01-17 19:00:00,164.73,Allison-Gonzales,Amex,Mobile,0,EdoMex,Supermercado,0,15
122,2025-02-05 04:07:00,226.42,"Fernandez, Jackson and Gross",Discover,Desktop,0,EdoMex,Supermercado,0,23
123,2025-01-22 08:22:00,38.27,Phillips Group,Discover,Mobile,0,Tamaulipas,Restaurante,0,46
124,2025-01-22 11:54:00,11.66,Rodriguez Inc,Amex,Tablet,0,Puebla,Entretenimiento,0,23
125,2025-01-17 07:40:00,25.87,Jacobs-Kelly,Amex,Mobile,0,CDMX,Restaurante,0,5
126,2025-01-05 15:52:00,55.71,Kim and Sons,Visa,Mobile,0,Tamaulipas,Entretenimiento,0,39
127,2025-02-05 00:39:00,170.38,Bond LLC,Visa,Desktop,0,Michoacán,Supermercado,0,45
128,2025-02-05 04:22:00,197.13,Rosales-Velazquez,MasterCard,Mobile,0,EdoMex,Restaurante,0,10
129,2025-01-07 10:46:00,0.7,"Wright, Meyer and Cannon",MasterCard,Tablet,0,Nuevo León,Servicios,0,28
130,2025-01-22 01:05:00,71.49,"Franklin, Smith and Hurley",MasterCard,Mobile,0,CDMX,Servicios,0,23
131,2025-01-21 16:03:00,54.03,"Poole, Ingram and Orozco",MasterCard,Tablet,0,Michoacán,Servicios,0,46
132,2025-02-02 06:31:00,25.12,Ayala Inc,Visa,Desktop,0,Tamaulipas,Turismo,0,45
133,2025-01-18 10:51:00,12.77,Juarez LLC,Discover,Mobile,0,EdoMex,Electrónica,0,28
134,2025-02-04 06:13:00,41.19,Costa-Bonilla,MasterCard,Desktop,0,Guanajuato,Servicios,0,41
135,2025-01-09 05:59:00,286.31,Burns-Osborne,Discover,Mobile,0,Baja California,Turismo,0,1
136,2025-01-30 21:50:00,39.04,Smith-Cisneros,MasterCard,Tablet,0,Sonora,Electrónica,0,14
137,2025-01-16 03:00:00,73.15,Sherman and Sons,Amex,Desktop,0,Tamaulipas,Retail,0,46
138,2025-01-18 06:23:00,121.41,Sanders Group,MasterCard,Mobile,0,Guanajuato,Retail,0,24
139,2025-02-05 18:18:00,45.2,Rush-Pena,MasterCard,Tablet,1,Tamaulipas,Restaurante,0,11
140,2025-02-03 21:55:00,356.78,Foster Ltd,MasterCard,Desktop,0,Nuevo León,Retail,0,40
141,2025-01-09 00:48:00,328.2,"Green, Jackson and Lawrence",Visa,Mobile,0,Tamaulipas,Retail,0,17
142,2025-01-10 16:01:00,29.01,Clark PLC,Amex,Desktop,0,Chihuahua,Electrónica,0,39
143,2025-01-18 08:14:00,68.77,Perez-Daniels,MasterCard,Mobile,0,Baja California,Restaurante,0,34
144,2025-02-04 13:14:00,35.79,Johnson PLC,MasterCard,Tablet,0,Michoacán,Servicios,0,10
145,2025-02-01 12:34:00,33.52,Smith PLC,Discover,Tablet,0,Veracruz,Servicios,0,46
146,2025-01-16 17:33:00,3.76,"Anderson, Anderson and Charles",Amex,Desktop,0,EdoMex,Turismo,0,36
147,2025-01-21 23:08:00,94.05,Ashley PLC,MasterCard,Desktop,0,Guanajuato,Electrónica,0,17
148,2025-01-12 14:35:00,69.85,Matthews-Webb,Discover,Mobile,0,Chihuahua,Servicios,0,15
149,2025-01-14 21:24:00,5.29,Arellano and Sons,Discover,Tablet,0,Guanajuato,Retail,0,19
150,2025-01-24 19:21:00,32.66,Parker-Garza,Visa,Mobile,0,Baja California,Supermercado,0,27
151,2025-01-28 02:36:00,238.89,Hicks and Sons,Discover,Tablet,0,EdoMex,Turismo,0,2
152,2025-01-27 21:26:00,27.39,Sanders and Sons,MasterCard,Desktop,0,Michoacán,Entretenimiento,0,32
153,2025-01-30 02:08:00,15.65,"Hill, Love and Barron",Visa,Mobile,0,CDMX,Supermercado,0,28
154,2025-01-15 07:40:00,67.23,"Parker, Smith and Lynn",Visa,Mobile,0,Puebla,Electrónica,0,37
155,2025-01-17 14:01:00,424.4,Miller-Horne,MasterCard,Tablet,0,Puebla,Servicios,0,2
156,2025-01-07 15:40:00,27.71,"Russell, Smith and Benitez",Amex,Tablet,0,Veracruz,Servicios,0,39
157,2025-01-12 17:34:00,111.52,"Adams, Drake and Lopez",Discover,Tablet,0,Veracruz,Entretenimiento,0,46
158,2025-01-30 10:40:00,143.39,Obrien LLC,Visa,Desktop,0,Chihuahua,Electrónica,0,50
159,2025-02-02 14:06:00,27.13,"Brown, Bautista and Hernandez",Amex,Mobile,0,Veracruz,Turismo,0,5
160,2025-01-05 08:16:00,130.27,Roberts LLC,MasterCard,Tablet,0,Veracruz,Retail,0,23
161,2025-02-02 14:58:00,45.85,"Cooper, Harrison and Cline",Discover,Desktop,0,Sonora,Supermercado,0,3
162,2025-01-03 14:12:00,100.05,Perez PLC,Discover,Tablet,0,Baja California,Servicios,0,50
163,2025-01-24 10:08:00,100.38,Holder Inc,Visa,Mobile,0,Tamaulipas,Entretenimiento,0,1
164,2025-01-14 07:09:00,76.74,"Morgan, Gardner and Martin",Discover,Tablet,0,Coahuila,Servicios,0,2
165,2025-01-18 23:17:00,9.46,Brown PLC,Discover,Mobile,0,Sonora,Electrónica,0,10
166,2025-01-11 22:22:00,180.36,Ramirez-Anderson,Discover,Desktop,0,CDMX,Supermercado,0,29
167,2025-01-28 13:41:00,38.68,"Burke, Steele and Freeman",Discover,Desktop,0,CDMX,Turismo,0,42
168,2025-01-07 20:30:00,20.64,"Johnson, Giles and Jones",MasterCard,Tablet,0,Nuevo León,Supermercado,0,32
169,2025-01-24 11:14:00,4.16,Jones Ltd,Amex,Mobile,0,Chihuahua,Entretenimiento,0,21
170,2025-01-24 08:55:00,89.38,Williams Inc,MasterCard,Mobile,0,Sonora,Supermercado,0,33
171,2025-02-04 20:05:00,113.19,"Lucas, Lang and Garcia",MasterCard,Mobile,0,Tamaulipas,Servicios,0,4
172,2025-01-22 01:52:00,1.67,"Harris, Robinson and Ortiz",Visa,Tablet,0,Tamaulipas,Retail,0,43
173,2025-01-11 18:30:00,71.76,Chavez-Costa,Discover,Mobile,0,Guanajuato,Turismo,0,22
174,2025-01-31 20:48:00,25.68,Cervantes Group,MasterCard,Mobile,0,Sonora,Servicios,0,41
175,2025-01-05 05:07:00,103.61,"Adams, Dixon and Hancock",Discover,Mobile,0,Michoacán,Turismo,0,6
176,2025-01-13 01:06:00,19.16,Lawson PLC,MasterCard,Mobile,0,Sonora,Restaurante,0,8
177,2025-01-07 23:27:00,117.42,Lopez and Sons,MasterCard,Tablet,0,Baja California,Servicios,0,35
178,2025-01-22 14:46:00,48.9,Ramos Ltd,Visa,Tablet,0,Veracruz,Turismo,0,31
179,2025-01-23 19:06:00,276.03,"Gardner, Orr and Schultz",Amex,Mobile,0,Veracruz,Entretenimiento,0,49
180,2025-01-13 15:45:00,14.79,Collier Inc,Amex,Mobile,0,Coahuila,Retail,0,3
181,2025-01-20 03:43:00,41.71,"Porter, Hill and Lin",MasterCard,Desktop,0,Tamaulipas,Restaurante,0,42
182,2025-01-17 02:09:00,12.04,Jensen Group,Visa,Desktop,0,Tamaulipas,Electrónica,0,49
183,2025-01-02 07:31:00,258.62,Gutierrez-Robinson,Discover,Mobile,0,CDMX,Turismo,0,4
184,2025-02-05 20:10:00,209.83,Porter-Daugherty,Discover,Mobile,0,Chihuahua,Retail,0,14
185,2025-01-17 15:56:00,29.83,"Montoya, Hernandez and Pham",MasterCard,Desktop,0,CDMX,Servicios,0,3
186,2025-01-31 03:48:00,107.88,Bowers-Thompson,Amex,Desktop,0,EdoMex,Supermercado,0,23
187,2025-01-03 20:31:00,169.95,Hammond PLC,Visa,Mobile,0,Puebla,Servicios,0,4
188,2025-01-11 02:34:00,81.01,Wagner and Sons,Amex,Tablet,0,Veracruz,Supermercado,0,36
189,2025-01-13 09:15:00,75.43,Woodward Inc,Discover,Tablet,0,Michoacán,Restaurante,0,9
190,2025-01-17 12:54:00,27.69,Bird LLC,Amex,Mobile,0,Guanajuato,Supermercado,0,39
191,2025-01-06 22:56:00,9.77,Mills LLC,Discover,Mobile,0,Veracruz,Servicios,0,43
192,2025-02-02 12:02:00,227.51,"Boyer, Knight and Valenzuela",Visa,Desktop,0,EdoMex,Entretenimiento,0,23
193,2025-01-25 11:59:00,230.68,"Palmer, Santiago and Jackson",Visa,Desktop,0,Baja California,Entretenimiento,0,20
194,2025-01-27 00:27:00,100.27,"Young, Turner and Mack",MasterCard,Tablet,0,Veracruz,Retail,0,1
195,2025-01-28 04:18:00,41.4,"Hall, Frazier and Martin",MasterCard,Mobile,0,Nuevo León,Retail,0,45
196,2025-01-28 16:05:00,42.96,"Weaver, Walker and Brock",Amex,Desktop,0,Veracruz,Restaurante,0,47
197,2025-01-19 22:16:00,129.45,"Kelley, House and Leonard",Visa,Tablet,0,Coahuila,Supermercado,0,16
198,2025-01-25 08:49:00,227.41,Delacruz PLC,Visa,Tablet,0,Jalisco,Electrónica,0,15
199,2025-01-11 02:53:00,218.11,Rios Inc,MasterCard,Tablet,0,Chihuahua,Electrónica,0,18
200,2025-01-30 04:33:00,151.36,Bell LLC,Discover,Desktop,0,EdoMex,Retail,0,2
201,2025-01-23 16:01:00,102.73,Wang and Sons,Amex,Desktop,0,Guanajuato,Entretenimiento,0,24
202,2025-01-26 00:36:00,8.79,"Thompson, Tran and Pierce",Amex,Mobile,0,Jalisco,Retail,0,20
203,2025-01-25 02:45:00,17.63,Murphy-Ortiz,MasterCard,Mobile,0,Guanajuato,Electrónica,0,40
204,2025-01-05 22:00:00,228.82,Johnston and Sons,Visa,Tablet,0,Guanajuato,Retail,0,49
205,2025-01-11 16:18:00,93.25,"Mosley, Reynolds and Watson",MasterCard,Tablet,0,Guanajuato,Retail,0,15
206,2025-01-26 23:10:00,0.92,Sharp Ltd,MasterCard,Desktop,0,Michoacán,Servicios,0,49
207,2025-01-25 11:34:00,10.7,Rich-Austin,MasterCard,Desktop,0,Veracruz,Servicios,0,18
208,2025-01-05 09:24:00,108.92,"Ferguson, Tanner and James",MasterCard,Mobile,0,Tamaulipas,Retail,0,40
209,2025-01-03 11:48:00,0.51,Williams-Holmes,Discover,Mobile,0,Puebla,Electrónica,0,28
210,2025-01-08 20:08:00,17.53,Sanchez-Rose,Discover,Mobile,0,Coahuila,Restaurante,0,49
211,2025-01-20 09:39:00,79.57,Gonzales-Pitts,Visa,Desktop,0,Coahuila,Electrónica,0,48
212,2025-02-03 23:07:00,117.73,Young LLC,MasterCard,Tablet,0,Baja California,Retail,0,8
213,2025-01-12 14:29:00,105.54,Horton Group,Discover,Mobile,0,Veracruz,Entretenimiento,0,34
214,2025-01-13 06:38:00,25.39,Allen-Mccarthy,Visa,Mobile,0,Veracruz,Retail,0,17
215,2025-01-14 14:12:00,124.54,Parker-Berry,MasterCard,Desktop,0,Guanajuato,Turismo,0,14
216,2025-01-27 18:15:00,27.08,Powell-Martin,Amex,Mobile,0,Chihuahua,Entretenimiento,0,1
217,2025-01-22 02:04:00,39.36,Bender LLC,Discover,Tablet,0,Baja California,Supermercado,0,5
218,2025-01-17 07:36:00,137.24,Rodriguez-Haney,Visa,Desktop,0,Coahuila,Supermercado,0,21
219,2025-01-25 15:13:00,104.88,"Garcia, Leon and Evans",Amex,Mobile,0,Sonora,Retail,0,15
220,2025-01-07 03:52:00,189.2,Roberts Group,MasterCard,Mobile,0,CDMX,Electrónica,0,10
221,2025-01-07 19:18:00,107.18,Wise-Davis,MasterCard,Desktop,0,Chihuahua,Retail,0,38
222,2025-01-03 20:40:00,84,Valencia Group,MasterCard,Desktop,0,Chihuahua,Turismo,0,42
223,2025-01-02 07:18:00,9.84,Gomez and Sons,Discover,Mobile,0,Guanajuato,Retail,0,10
224,2025-01-18 21:51:00,45.84,Jarvis-Jones,Visa,Tablet,0,Puebla,Turismo,0,5
225,2025-01-14 21:41:00,30.82,"Johnson, Poole and Lopez",Amex,Desktop,0,EdoMex,Servicios,0,31
226,2025-01-17 05:46:00,27.97,"Rice, Patterson and Adams",Visa,Tablet,0,Chihuahua,Supermercado,0,14
227,2025-01-27 20:08:00,361.23,"Matthews, Howard and Perez",Discover,Mobile,0,Tamaulipas,Supermercado,0,6
228,2025-02-02 11:04:00,49.94,Yang PLC,Visa,Tablet,0,Tamaulipas,Electrónica,0,50
229,2025-01-07 14:54:00,222.61,Franklin Group,Discover,Mobile,0,Chihuahua,Restaurante,0,8
230,2025-01-11 07:49:00,99.73,Villegas-Gutierrez,MasterCard,Mobile,1,CDMX,Entretenimiento,0,9
231,2025-01-01 15:42:00,158.38,Nelson and Sons,Amex,Mobile,0,Guanajuato,Supermercado,0,9
232,2025-01-20 18:17:00,69.84,Brown-Lane,MasterCard,Mobile,0,EdoMex,Turismo,0,19
233,2025-01-27 20:23:00,86.02,"Bernard, Alexander and Miller",Visa,Tablet,0,CDMX,Entretenimiento,0,5
234,2025-01-24 12:37:00,67.83,Rodriguez LLC,MasterCard,Mobile,0,Sonora,Servicios,0,50
235,2025-01-19 19:04:00,21.72,Pacheco-West,Amex,Mobile,0,Nuevo León,Electrónica,0,34
236,2025-01-10 06:10:00,128.18,Delacruz-Stephens,MasterCard,Tablet,0,Sonora,Turismo,0,27
237,2025-01-01 08:07:00,32.96,Cook-Garza,Amex,Desktop,0,Veracruz,Restaurante,0,42
238,2025-01-02 01:18:00,2.46,"Dickerson, Rodriguez and Roberts",Amex,Tablet,0,EdoMex,Entretenimiento,0,32
239,2025-01-31 23:00:00,103.7,Brooks PLC,MasterCard,Tablet,0,Guanajuato,Servicios,0,6
240,2025-01-28 04:38:00,19.49,Blanchard-Holt,Discover,Tablet,0,CDMX,Turismo,0,14
241,2025-01-18 16:18:00,282.11,Phillips-Boyd,Visa,Mobile,0,Guanajuato,Supermercado,0,37
242,2025-02-01 05:45:00,307.76,Hunt Group,Discover,Mobile,0,Coahuila,Entretenimiento,0,25
243,2025-01-03 22:55:00,246.35,Ortiz-Hoover,Discover,Mobile,0,Veracruz,Servicios,0,3
244,2025-01-07 02:17:00,46.23,"Patel, Brown and Thomas",MasterCard,Desktop,0,Puebla,Electrónica,0,21
245,2025-01-04 06:18:00,1.56,"Nichols, Taylor and White",Visa,Mobile,0,Baja California,Electrónica,0,36
246,2025-01-16 15:52:00,263.55,Barnes and Sons,Visa,Desktop,0,EdoMex,Restaurante,0,10
247,2025-01-22 07:32:00,55.89,"Wilson, Huber and Higgins",Discover,Mobile,0,Sonora,Turismo,0,32
248,2025-01-12 14:42:00,340.08,Daniel-Wright,MasterCard,Tablet,0,Sonora,Restaurante,0,38
249,2025-01-09 10:54:00,331.37,Murray-Warren,Visa,Mobile,0,Nuevo León,Entretenimiento,0,27
250,2025-01-08 11:41:00,191.74,Freeman-Guerrero,Discover,Desktop,0,EdoMex,Entretenimiento,0,45
251,2025-01-02 19:05:00,34.88,Howell-Foster,Visa,Desktop,0,CDMX,Supermercado,0,36
252,2025-01-06 01:44:00,48.63,Garcia-Rivera,MasterCard,Mobile,0,Michoacán,Electrónica,0,41
253,2025-01-19 20:10:00,190.47,Holt and Sons,MasterCard,Tablet,0,Baja California,Entretenimiento,0,38
254,2025-01-26 16:29:00,38.11,Stokes-Gibson,MasterCard,Mobile,0,Michoacán,Entretenimiento,0,8
255,2025-01-06 20:04:00,18.57,Foster PLC,Visa,Mobile,0,Tamaulipas,Retail,0,47
256,2025-01-30 16:53:00,81.37,Allen-Jennings,Amex,Mobile,0,Veracruz,Electrónica,0,10
257,2025-02-03 17:41:00,275.13,Ortiz LLC,Visa,Tablet,0,Nuevo León,Supermercado,0,32
258,2025-01-30 09:09:00,119.08,Wallace-Anderson,Amex,Desktop,0,Chihuahua,Retail,0,14
259,2025-01-03 11:37:00,84.41,"Rodriguez, Jenkins and Ortega",MasterCard,Tablet,0,EdoMex,Electrónica,0,26
260,2025-01-12 19:51:00,10.22,Mullen-Green,Discover,Desktop,0,EdoMex,Supermercado,0,41
261,2025-01-03 03:49:00,95.45,"Barton, Butler and Barker",Amex,Desktop,0,Tamaulipas,Electrónica,0,5
262,2025-01-23 12:29:00,461.06,Sanford Inc,MasterCard,Desktop,0,EdoMex,Turismo,0,40
263,2025-01-01 21:33:00,15.09,Aguirre Inc,MasterCard,Tablet,0,Coahuila,Servicios,0,21
264,2025-02-03 22:14:00,73.05,Webb-Casey,Amex,Mobile,0,Michoacán,Electrónica,0,19
265,2025-01-28 05:31:00,209.86,Herring and Sons,Discover,Mobile,0,Tamaulipas,Supermercado,0,8
266,2025-01-15 18:58:00,135,"Wallace, Crawford and Meza",MasterCard,Mobile,0,Veracruz,Turismo,0,23
267,2025-02-01 03:54:00,119.41,Henderson and Sons,Amex,Mobile,0,Michoacán,Electrónica,0,42
268,2025-01-21 08:31:00,121.23,Hunt-Serrano,Discover,Mobile,0,Sonora,Servicios,0,12
269,2025-01-01 21:35:00,44.55,Marshall Ltd,Discover,Tablet,0,Sonora,Entretenimiento,0,20
270,2025-01-30 11:14:00,34.76,Hall and Sons,MasterCard,Tablet,0,Coahuila,Supermercado,0,3
271,2025-01-01 03:15:00,165.74,Oconnell-Mccormick,Visa,Tablet,0,Baja California,Restaurante,0,8
272,2025-01-21 07:00:00,166.13,York-Marshall,Visa,Tablet,0,Puebla,Servicios,0,39
273,2025-01-06 16:15:00,201.8,Chen-Ellis,MasterCard,Tablet,0,Veracruz,Entretenimiento,0,41
274,2025-01-01 15:00:00,244.46,Clark-Lopez,Discover,Tablet,0,Guanajuato,Entretenimiento,0,16
275,2025-01-28 12:51:00,71.61,"Gibson, Williams and Quinn",MasterCard,Tablet,0,Sonora,Turismo,0,2
276,2025-01-09 03:42:00,69.62,Clayton Ltd,Amex,Mobile,0,Sonora,Servicios,0,27
277,2025-01-16 15:13:00,160.09,Figueroa LLC,Visa,Desktop,0,Sonora,Supermercado,0,8
278,2025-01-02 20:55:00,104.97,Pace Group,Amex,Tablet,0,Nuevo León,Electrónica,0,43
279,2025-01-28 19:28:00,121.06,"Park, Lewis and Collins",MasterCard,Desktop,0,Baja California,Entretenimiento,0,18
280,2025-01-12 23:58:00,158.86,"Chambers, Miller and Gibbs",MasterCard,Tablet,0,Coahuila,Entretenimiento,0,29
281,2025-01-29 23:48:00,220.73,Wang Inc,Discover,Tablet,0,Baja California,Entretenimiento,0,23
282,2025-02-03 10:38:00,41.25,"Snow, Newman and Stewart",Discover,Mobile,0,EdoMex,Turismo,0,37
283,2025-01-02 19:20:00,47.09,"Rose, Carter and Avery",Discover,Desktop,0,Nuevo León,Entretenimiento,0,17
284,2025-01-24 16:01:00,9.87,Smith and Sons,Amex,Mobile,0,Guanajuato,Retail,0,4
285,2025-01-09 17:39:00,86.34,Moore-Brown,Discover,Mobile,0,Nuevo León,Retail,0,10
286,2025-01-27 12:24:00,3.66,"Lewis, Bates and Smith",MasterCard,Desktop,0,Baja California,Supermercado,0,45
287,2025-01-19 21:32:00,62.66,"Hall, Coleman and Mccann",Discover,Mobile,0,CDMX,Electrónica,0,13
288,2025-01-20 11:59:00,78.23,"Berry, Hunter and Williams",Visa,Tablet,0,Guanajuato,Retail,0,3
289,2025-02-01 17:33:00,33.76,Edwards PLC,Discover,Tablet,0,Guanajuato,Turismo,0,29
290,2025-01-29 05:53:00,89.36,"Roberts, Campos and Parks",Amex,Tablet,0,Baja California,Retail,0,2
291,2025-01-24 06:48:00,3.1,"Brooks, Taylor and Hamilton",Visa,Tablet,0,Tamaulipas,Turismo,0,11
292,2025-01-19 02:31:00,3.81,"Jones, Chang and Fowler",Visa,Tablet,0,EdoMex,Entretenimiento,0,50
293,2025-01-20 17:37:00,172.94,"Campbell, Drake and Peterson",Visa,Mobile,0,Baja California,Entretenimiento,0,13
294,2025-01-13 21:12:00,44.66,Gonzales-Johnson,Amex,Mobile,0,Sonora,Turismo,0,5
295,2025-02-02 02:19:00,13.59,Cherry-Marshall,MasterCard,Tablet,0,Baja California,Turismo,0,18
296,2025-01-23 10:51:00,73.87,Thomas-Jenkins,Discover,Tablet,0,Tamaulipas,Servicios,0,37
297,2025-01-22 23:36:00,146.96,Ortiz-Figueroa,Visa,Mobile,0,Tamaulipas,Entretenimiento,0,20
298,2025-01-29 08:14:00,24.31,"Harmon, Ellis and Williams",Visa,Desktop,0,Jalisco,Supermercado,0,16
299,2025-01-08 18:46:00,97.52,Gibson-Chapman,Visa,Mobile,0,Puebla,Electrónica,0,43
300,2025-01-21 17:34:00,8.92,Anderson and Sons,MasterCard,Mobile,0,CDMX,Supermercado,0,1
301,2025-01-21 18:07:00,5.31,Terry Inc,MasterCard,Mobile,0,Jalisco,Servicios,0,44
302,2025-01-05 21:43:00,75.79,Riley LLC,Amex,Mobile,0,Veracruz,Restaurante,0,20
303,2025-01-19 10:57:00,77.79,Ortega PLC,MasterCard,Mobile,0,Baja California,Entretenimiento,0,37
304,2025-01-14 15:16:00,101.45,"Murphy, Wilson and Shelton",Discover,Desktop,0,Puebla,Electrónica,0,38
305,2025-02-03 03:28:00,129.5,Murray Ltd,Amex,Tablet,0,Coahuila,Electrónica,0,17
306,2025-02-05 09:17:00,372.36,"Fuentes, Edwards and Morales",Amex,Tablet,0,Jalisco,Supermercado,0,3
307,2025-01-24 15:58:00,72.63,Hall-Hill,Discover,Desktop,0,Puebla,Turismo,0,21
308,2025-02-03 03:09:00,39,Brooks Ltd,Discover,Tablet,0,Nuevo León,Turismo,0,7
309,2025-01-15 04:16:00,158.57,Jones PLC,Discover,Tablet,0,Coahuila,Entretenimiento,0,13
310,2025-01-15 07:19:00,31.59,Cochran LLC,Amex,Tablet,0,Baja California,Turismo,0,29
311,2025-01-03 05:21:00,57.8,Lewis Inc,Amex,Desktop,0,Sonora,Electrónica,0,10
312,2025-02-04 12:54:00,8.17,Hernandez-Nicholson,Amex,Desktop,0,Sonora,Electrónica,0,46
313,2025-01-18 03:47:00,2.57,Vazquez-Jackson,Discover,Tablet,0,Sonora,Turismo,0,22
314,2025-01-09 01:26:00,328.74,Cruz Inc,Discover,Tablet,0,EdoMex,Supermercado,0,40
315,2025-01-13 11:34:00,180.78,Medina and Sons,Visa,Tablet,0,Jalisco,Servicios,0,22
316,2025-02-02 04:42:00,119.06,"Richardson, Parks and Christensen",MasterCard,Mobile,0,Tamaulipas,Supermercado,0,34
317,2025-01-14 22:19:00,52.59,Soto-Fuller,Visa,Mobile,0,Sonora,Supermercado,0,9
318,2025-02-03 11:57:00,19.03,Patterson Ltd,Discover,Mobile,0,Coahuila,Servicios,0,34
319,2025-01-25 15:27:00,17.01,Simon Ltd,Amex,Desktop,0,Michoacán,Electrónica,0,2
320,2025-01-06 00:26:00,28.8,Valenzuela-Paul,Discover,Tablet,0,Michoacán,Supermercado,0,46
321,2025-01-07 08:27:00,79.68,Potter-Johnson,MasterCard,Desktop,0,Michoacán,Servicios,0,6
322,2025-01-11 19:48:00,125.38,Rios-Garcia,Visa,Desktop,0,Puebla,Servicios,0,22
323,2025-02-01 03:15:00,107.94,Martin-Miller,Visa,Desktop,0,Jalisco,Turismo,0,48
324,2025-01-18 15:20:00,32.84,"Hill, Chavez and Silva",Amex,Tablet,0,Baja California,Entretenimiento,0,16
325,2025-01-15 07:41:00,309.81,"Smith, Smith and Montgomery",Visa,Mobile,0,Sonora,Turismo,0,9
326,2025-01-27 06:14:00,133.9,Davis-Hill,Visa,Tablet,0,EdoMex,Retail,0,24
327,2025-01-23 11:11:00,80.82,Taylor and Sons,Discover,Tablet,0,Puebla,Restaurante,0,33
328,2025-01-15 19:00:00,94.6,Jones-Barr,Visa,Desktop,0,Guanajuato,Retail,0,8
329,2025-02-01 09:46:00,54.4,Ochoa-Sanchez,Visa,Desktop,0,Nuevo León,Retail,0,38
330,2025-01-09 16:02:00,28.47,"Thomas, Crawford and Munoz",Visa,Desktop,0,Michoacán,Electrónica,0,34
331,2025-01-20 18:10:00,44,Hall-Kirk,Amex,Mobile,0,Nuevo León,Turismo,0,11
332,2025-01-07 23:56:00,141.82,Brown PLC,Amex,Mobile,0,Jalisco,Servicios,0,47
333,2025-01-02 02:55:00,1.45,"Williams, Phillips and Rodriguez",Discover,Mobile,0,Tamaulipas,Servicios,0,40
334,2025-01-09 00:32:00,12.34,"Davis, Carey and Terry",Visa,Tablet,1,Jalisco,Turismo,0,9
335,2025-01-15 03:25:00,4.71,"Hall, Williams and Keith",Amex,Desktop,0,EdoMex,Electrónica,0,45
336,2025-01-19 13:18:00,4.16,Howe PLC,Amex,Tablet,0,Veracruz,Electrónica,0,15
337,2025-01-25 03:30:00,193.42,Peterson Inc,Discover,Mobile,0,Baja California,Supermercado,0,22
338,2025-02-05 13:13:00,121.62,Roberts Ltd,MasterCard,Desktop,0,Guanajuato,Electrónica,0,3
339,2025-02-01 12:57:00,64.28,"Myers, Davis and Keith",Visa,Mobile,0,Jalisco,Turismo,0,13
340,2025-02-04 01:45:00,10.3,Sweeney and Sons,Amex,Desktop,1,Puebla,Restaurante,0,34
341,2025-01-27 15:41:00,67.65,"Green, Richard and Knapp",Discover,Desktop,0,CDMX,Turismo,0,17
342,2025-01-18 16:14:00,64.15,Thompson LLC,Discover,Tablet,0,CDMX,Turismo,0,33
343,2025-01-27 20:23:00,19.02,"Bennett, Green and Spears",Discover,Tablet,0,Veracruz,Turismo,0,5
344,2025-01-06 17:48:00,56.89,Kelly-Ferrell,Amex,Mobile,0,Puebla,Entretenimiento,0,30
345,2025-01-19 17:50:00,50.83,Taylor-Page,Visa,Tablet,0,Michoacán,Entretenimiento,0,48
346,2025-01-06 19:14:00,95.67,"Peters, Robinson and Williams",MasterCard,Tablet,0,Chihuahua,Supermercado,0,23
347,2025-02-01 20:58:00,100.81,Barker-Moss,Visa,Tablet,0,CDMX,Electrónica,0,45
348,2025-01-16 00:28:00,4.64,Baker-Richardson,Discover,Desktop,0,Baja California,Retail,0,35
349,2025-01-23 14:24:00,46.94,"Mccoy, Larson and Reid",Discover,Tablet,0,Puebla,Entretenimiento,0,16
350,2025-01-19 04:39:00,98.31,Walker and Sons,MasterCard,Mobile,0,Tamaulipas,Supermercado,0,4
351,2025-01-02 08:59:00,69.94,Wilson PLC,Visa,Desktop,0,CDMX,Retail,0,46
352,2025-02-02 21:16:00,194.13,Peterson-West,Discover,Desktop,0,Coahuila,Restaurante,0,28
353,2025-01-14 14:19:00,107.5,Williams Inc,Discover,Tablet,0,Tamaulipas,Entretenimiento,0,50
354,2025-01-24 06:16:00,17.79,"Webster, Hernandez and Mcdaniel",Visa,Desktop,0,Guanajuato,Restaurante,0,36
355,2025-01-04 01:41:00,7.32,Marquez-Sanchez,Discover,Mobile,0,Baja California,Servicios,0,41
356,2025-01-05 19:57:00,102.84,"Lee, Mason and Jones",Visa,Mobile,0,EdoMex,Entretenimiento,0,10
357,2025-01-13 10:27:00,2.69,Johnson-Park,Discover,Desktop,0,Guanajuato,Supermercado,0,35
358,2025-01-27 19:45:00,88.13,Johnson and Sons,Visa,Tablet,0,Michoacán,Servicios,0,39
359,2025-01-08 05:13:00,281.73,Bowman Group,MasterCard,Tablet,0,Puebla,Restaurante,0,31
360,2025-01-27 04:31:00,85.68,Thomas-Carlson,Discover,Desktop,0,Michoacán,Retail,0,33
361,2025-01-28 05:20:00,49.13,"Jenkins, Wilson and Lopez",MasterCard,Mobile,0,Puebla,Turismo,0,17
362,2025-02-04 03:54:00,103.08,May-Kirk,Discover,Desktop,0,Baja California,Supermercado,0,48
363,2025-01-15 10:22:00,61.3,Wallace-Allen,Discover,Tablet,0,Coahuila,Supermercado,0,49
364,2025-01-12 07:03:00,78.88,Skinner-Wright,Amex,Tablet,0,Baja California,Retail,0,26
365,2025-01-19 17:41:00,283.81,Johnson-Johns,Visa,Desktop,0,Guanajuato,Servicios,0,24
366,2025-01-12 14:35:00,48.79,Griffin-Spencer,MasterCard,Mobile,0,Michoacán,Entretenimiento,0,31
367,2025-01-06 13:23:00,324.91,Ingram PLC,MasterCard,Desktop,0,Sonora,Supermercado,0,28
368,2025-01-01 14:52:00,235.76,Jackson Group,MasterCard,Mobile,0,EdoMex,Supermercado,0,25
369,2025-01-31 10:39:00,21.79,Sparks-Wyatt,Visa,Mobile,0,Puebla,Retail,0,7
370,2025-01-30 00:23:00,7.19,Walker-Wade,Amex,Desktop,0,Veracruz,Supermercado,0,47
371,2025-01-23 18:58:00,10.62,Jensen Group,MasterCard,Desktop,0,Coahuila,Turismo,0,34
372,2025-01-13 01:45:00,1.84,"Edwards, Scott and Thompson",Visa,Mobile,0,Baja California,Servicios,0,3
373,2025-01-31 05:02:00,9.92,Cox LLC,Discover,Mobile,0,EdoMex,Entretenimiento,0,47
374,2025-01-01 05:59:00,114.89,Chen-Swanson,MasterCard,Mobile,0,EdoMex,Servicios,0,47
375,2025-01-13 14:36:00,7.38,"Campbell, Martinez and Chavez",MasterCard,Mobile,0,Veracruz,Supermercado,0,23
376,2025-01-15 00:34:00,38.42,Mosley Group,Amex,Tablet,0,Jalisco,Supermercado,0,20
377,2025-01-17 04:53:00,186.35,Peters Group,MasterCard,Desktop,0,Baja California,Retail,0,5
378,2025-01-11 15:33:00,2.35,Stark-Cole,MasterCard,Mobile,0,Baja California,Servicios,0,7
379,2025-01-23 05:57:00,168.45,"Bates, Thomas and Taylor",Discover,Desktop,0,Nuevo León,Turismo,0,49
380,2025-01-26 23:04:00,33.11,Myers-Martin,Visa,Mobile,0,Sonora,Supermercado,0,20
381,2025-01-04 13:25:00,12.58,Davis Ltd,Visa,Desktop,0,Coahuila,Electrónica,0,32
382,2025-01-15 05:13:00,119.32,Pitts and Sons,Amex,Desktop,1,Puebla,Entretenimiento,0,12
383,2025-01-04 04:45:00,99.14,"Stephens, Brown and Williams",Discover,Mobile,0,Coahuila,Servicios,0,10
384,2025-01-20 10:22:00,209.94,"Vasquez, Campos and Mercado",Visa,Mobile,0,Nuevo León,Electrónica,0,37
385,2025-01-27 12:47:00,132.83,Cameron-Greer,Discover,Desktop,0,CDMX,Restaurante,0,6
386,2025-01-17 16:53:00,162.7,"Watson, Jones and Hughes",Visa,Desktop,0,Michoacán,Supermercado,0,29
387,2025-01-14 16:55:00,33.13,Ruiz and Sons,Discover,Desktop,0,Puebla,Supermercado,0,3
388,2025-01-23 18:18:00,19.53,"Bell, White and Johnson",Amex,Tablet,0,Guanajuato,Turismo,0,45
389,2025-01-05 17:08:00,138.88,Reid-Gomez,MasterCard,Mobile,0,Sonora,Turismo,0,24
390,2025-02-03 04:21:00,164.42,"Murray, Johnston and Townsend",Amex,Tablet,0,Tamaulipas,Turismo,0,46
391,2025-01-25 08:09:00,465.7,Reilly-Cook,Visa,Tablet,0,Chihuahua,Retail,0,47
392,2025-01-13 03:05:00,53.21,Velez-Clark,Amex,Mobile,0,EdoMex,Entretenimiento,0,40
393,2025-01-19 13:02:00,46.52,Phillips-Armstrong,MasterCard,Mobile,0,CDMX,Entretenimiento,0,9
394,2025-01-27 05:24:00,149.8,Holt-Campbell,Amex,Tablet,0,CDMX,Restaurante,0,3
395,2025-02-04 05:34:00,41.67,Pennington-White,Visa,Mobile,0,Puebla,Restaurante,0,17
396,2025-01-08 11:20:00,267.01,Glover-Dawson,Visa,Desktop,0,Puebla,Electrónica,0,33
397,2025-01-17 15:22:00,195.48,Hanson LLC,Amex,Desktop,0,Baja California,Retail,0,31
398,2025-01-04 06:18:00,56.04,Fox-Pierce,MasterCard,Tablet,0,Veracruz,Turismo,0,11
399,2025-01-24 14:51:00,138.98,Baird and Sons,Amex,Tablet,0,Sonora,Electrónica,0,40
400,2025-01-23 12:50:00,140.46,"Yang, Stewart and Howell",MasterCard,Mobile,0,Puebla,Turismo,0,33
401,2025-01-12 18:49:00,10.88,"Cox, Murphy and Armstrong",Discover,Mobile,0,Sonora,Electrónica,0,28
402,2025-02-03 05:19:00,232.84,Wilkins PLC,MasterCard,Tablet,0,Chihuahua,Restaurante,0,41
403,2025-01-29 08:33:00,70.37,"Johnson, Shaw and Holland",Discover,Tablet,0,Michoacán,Servicios,0,44
404,2025-01-23 10:11:00,175.13,King Inc,Amex,Desktop,0,Nuevo León,Entretenimiento,0,16
405,2025-01-28 02:06:00,38.57,Myers-Schultz,MasterCard,Desktop,0,Puebla,Restaurante,0,47
406,2025-01-14 08:17:00,225.88,"Harrison, Smith and Davis",Discover,Mobile,0,Puebla,Servicios,0,28
407,2025-01-16 02:53:00,49.3,Reed and Sons,Discover,Desktop,0,Michoacán,Turismo,0,40
408,2025-01-05 15:21:00,1.09,Bryant-Owens,Discover,Mobile,0,Tamaulipas,Entretenimiento,0,9
409,2025-01-13 06:09:00,235.79,Hernandez and Sons,Visa,Mobile,0,Michoacán,Retail,0,11
410,2025-01-16 05:06:00,9.57,Moore-Daniels,Amex,Mobile,0,Coahuila,Entretenimiento,0,41
411,2025-01-28 14:55:00,38.47,Daniel PLC,Discover,Desktop,0,Coahuila,Entretenimiento,0,44
412,2025-01-07 15:09:00,299.7,Boyer-Reynolds,MasterCard,Tablet,0,Veracruz,Restaurante,0,48
413,2025-01-19 04:16:00,300.79,Miller Group,Discover,Tablet,0,Baja California,Turismo,0,47
414,2025-01-22 01:04:00,85.2,Clark-Patterson,Visa,Desktop,0,EdoMex,Entretenimiento,0,44
415,2025-01-27 05:34:00,99.92,Crawford Group,Amex,Tablet,0,Puebla,Entretenimiento,0,39
416,2025-01-15 07:47:00,59.5,Kaiser Group,Visa,Mobile,0,Nuevo León,Restaurante,0,5
417,2025-01-23 13:18:00,34.7,"Mclean, Ellis and Carter",Visa,Tablet,0,Jalisco,Entretenimiento,0,27
418,2025-02-01 04:34:00,39.85,"Martinez, Phillips and Wood",Visa,Desktop,0,CDMX,Restaurante,0,4
419,2025-02-02 03:17:00,111.63,"Ewing, Brady and Johnson",MasterCard,Tablet,0,Chihuahua,Retail,0,14
420,2025-02-05 01:58:00,139.58,"Hansen, Francis and Fox",Amex,Mobile,0,Coahuila,Servicios,0,17
421,2025-01-21 08:51:00,156.82,Manning LLC,Amex,Mobile,0,Nuevo León,Electrónica,0,19
422,2025-01-18 07:28:00,155.88,Bullock-James,MasterCard,Desktop,0,Puebla,Servicios,0,31
423,2025-01-10 22:50:00,9.56,Rich-Herrera,Amex,Desktop,0,Puebla,Entretenimiento,0,45
424,2025-02-02 04:53:00,68.2,Smith Ltd,Visa,Desktop,0,Jalisco,Electrónica,0,43
425,2025-02-02 00:37:00,5.93,Lewis Inc,Amex,Mobile,0,Veracruz,Servicios,0,26
426,2025-01-22 12:04:00,79.75,Schmidt and Sons,MasterCard,Tablet,0,Guanajuato,Entretenimiento,0,38
427,2025-02-02 19:06:00,58.26,"Clark, Fuller and Olson",Visa,Tablet,0,Jalisco,Supermercado,0,45
428,2025-01-23 09:26:00,218.66,Wells Ltd,MasterCard,Desktop,0,Jalisco,Servicios,0,16
429,2025-01-07 13:59:00,43.22,Hammond Group,Discover,Tablet,0,Coahuila,Restaurante,0,8
430,2025-01-24 04:56:00,12.45,Burton-Welch,Visa,Tablet,0,Chihuahua,Entretenimiento,0,25
431,2025-01-21 04:42:00,15.43,Davis-Carter,Visa,Desktop,0,Nuevo León,Electrónica,0,11
432,2025-01-17 22:28:00,143.34,"Colon, Riggs and Walker",Amex,Desktop,0,EdoMex,Supermercado,0,36
433,2025-01-08 13:13:00,96.29,Scott Inc,Visa,Mobile,0,Nuevo León,Entretenimiento,0,19
434,2025-01-08 15:58:00,10.66,Alvarado and Sons,MasterCard,Mobile,0,Sonora,Turismo,0,22
435,2025-01-03 18:23:00,8.79,Campbell and Sons,Amex,Mobile,0,Chihuahua,Entretenimiento,0,46
436,2025-01-14 02:11:00,120.72,Garcia PLC,Discover,Mobile,0,Michoacán,Servicios,0,21
437,2025-01-08 17:55:00,7.55,Fletcher-Soto,MasterCard,Tablet,0,Coahuila,Retail,0,24
438,2025-01-22 00:23:00,172.52,Goodman-Morrison,Discover,Tablet,1,EdoMex,Turismo,0,12
439,2025-01-09 07:48:00,122.5,"Davis, Graves and Harmon",Discover,Mobile,0,CDMX,Restaurante,0,34
440,2025-01-30 14:10:00,8.48,"Bowers, Reed and Young",Discover,Mobile,0,CDMX,Supermercado,0,4
441,2025-01-21 03:55:00,8.87,Pacheco and Sons,Visa,Desktop,0,EdoMex,Restaurante,0,34
442,2025-01-01 01:17:00,431.55,"Price, Fitzgerald and Brewer",MasterCard,Tablet,0,Jalisco,Servicios,0,39
443,2025-01-14 04:58:00,46.88,Williams Group,MasterCard,Tablet,0,Nuevo León,Restaurante,0,22
444,2025-01-07 13:52:00,46.31,Stanley Group,Visa,Mobile,0,Chihuahua,Supermercado,0,26
445,2025-01-28 01:23:00,167.56,Daugherty-Bernard,Amex,Tablet,0,Jalisco,Retail,0,41
446,2025-01-25 13:40:00,294.22,"Ross, Morales and Moon",Discover,Desktop,0,Guanajuato,Electrónica,0,44
447,2025-01-12 05:31:00,426.88,"Curtis, Powers and Acosta",MasterCard,Desktop,0,Guanajuato,Entretenimiento,0,2
448,2025-01-21 02:26:00,139.99,"Richardson, Watson and Rodriguez",Visa,Tablet,0,CDMX,Entretenimiento,0,45
449,2025-01-26 21:20:00,47.2,Taylor-Martinez,Discover,Mobile,0,Michoacán,Retail,0,15
450,2025-01-04 21:50:00,8.72,Gardner-Ballard,Amex,Tablet,0,Coahuila,Servicios,0,39
451,2025-01-07 15:48:00,150.12,Snow-Rose,Amex,Desktop,0,Puebla,Servicios,0,13
452,2025-01-17 17:03:00,81.74,"Burton, Stafford and Hernandez",Discover,Mobile,0,Nuevo León,Servicios,0,13
453,2025-01-31 06:32:00,55.2,"Watts, Becker and Owens",Amex,Tablet,0,Michoacán,Servicios,0,37
454,2025-01-14 00:44:00,236.82,Hoffman-Harper,MasterCard,Mobile,0,Veracruz,Retail,0,24
455,2025-01-30 04:16:00,11.79,"Conway, Leon and Mendez",MasterCard,Mobile,0,Guanajuato,Turismo,0,23
456,2025-02-03 06:54:00,67.85,"Blackwell, Campbell and Moore",MasterCard,Desktop,0,Guanajuato,Supermercado,0,2
457,2025-02-01 18:53:00,1.14,"Cross, Fitzgerald and Ford",Amex,Mobile,0,Tamaulipas,Servicios,0,28
458,2025-02-05 08:41:00,63.24,Browning PLC,MasterCard,Tablet,0,Sonora,Turismo,0,17
459,2025-01-05 13:02:00,5.8,Goodman LLC,Visa,Mobile,0,Michoacán,Retail,0,32
460,2025-01-02 23:36:00,12.65,Hartman Group,MasterCard,Mobile,0,Sonora,Electrónica,0,30
461,2025-02-02 00:47:00,12.5,Lopez Ltd,MasterCard,Tablet,0,Nuevo León,Restaurante,0,3
462,2025-01-04 15:57:00,104.76,Castillo LLC,Amex,Desktop,0,Tamaulipas,Restaurante,0,45
463,2025-02-02 07:16:00,137.06,Baker PLC,MasterCard,Desktop,0,Chihuahua,Electrónica,0,41
464,2025-01-01 16:22:00,87.56,Olson Ltd,Discover,Tablet,0,Michoacán,Supermercado,0,21
465,2025-02-03 20:50:00,327.47,"Robbins, Young and Rivera",Visa,Tablet,0,Tamaulipas,Restaurante,0,10
466,2025-01-05 14:46:00,46.98,Jones LLC,Amex,Desktop,0,Veracruz,Supermercado,0,17
467,2025-01-09 14:10:00,33.65,Hodge Inc,Visa,Mobile,0,Jalisco,Restaurante,0,40
468,2025-01-31 15:33:00,202.95,Kennedy PLC,Discover,Tablet,0,Nuevo León,Retail,0,9
469,2025-01-03 10:08:00,25.31,Moss-Hensley,Amex,Mobile,0,Veracruz,Turismo,0,28
470,2025-01-26 01:29:00,330.29,Washington PLC,Amex,Tablet,0,Puebla,Turismo,0,49
471,2025-01-16 17:42:00,1.22,Patrick-Harris,MasterCard,Desktop,0,Puebla,Turismo,0,42
472,2025-02-04 22:03:00,350.25,"Howard, Carson and Church",Visa,Mobile,0,Veracruz,Turismo,0,36
473,2025-01-03 18:21:00,4.41,"Campbell, Nelson and Gonzalez",Discover,Mobile,0,Nuevo León,Servicios,0,6
474,2025-01-30 08:30:00,221.77,Wright Group,Discover,Tablet,0,Chihuahua,Restaurante,0,19
475,2025-01-29 09:01:00,75.01,Baker-White,Amex,Mobile,0,Tamaulipas,Servicios,0,24
476,2025-01-15 00:52:00,495.68,Green LLC,MasterCard,Tablet,0,Tamaulipas,Restaurante,0,25
477,2025-01-03 11:28:00,7.67,"Anderson, Cox and Dunn",Amex,Desktop,0,Puebla,Restaurante,0,35
478,2025-01-25 00:04:00,80.71,Meyers LLC,Amex,Mobile,0,EdoMex,Retail,0,11
479,2025-01-20 19:51:00,348.36,"Ritter, Freeman and Harmon",Amex,Tablet,0,Sonora,Entretenimiento,0,49
480,2025-02-01 01:26:00,74.04,Martinez Inc,Amex,Mobile,0,Sonora,Retail,0,23
481,2025-02-05 15:54:00,99.26,Lee-Guzman,Discover,Tablet,0,Coahuila,Servicios,0,20
482,2025-02-04 06:50:00,118.99,Matthews-Blake,Discover,Tablet,0,CDMX,Restaurante,0,8
483,2025-01-16 02:30:00,60.61,"Friedman, Richardson and Jones",Amex,Tablet,0,Sonora,Electrónica,0,10
484,2025-01-31 23:46:00,98.77,"Barnes, Soto and Torres",Amex,Desktop,0,Baja California,Turismo,0,26
485,2025-01-25 06:04:00,87.78,Jones LLC,MasterCard,Mobile,0,Puebla,Restaurante,0,22
486,2025-01-10 00:20:00,231.42,Young LLC,Amex,Desktop,0,Sonora,Entretenimiento,0,16
487,2025-01-14 15:26:00,4.65,Alvarez Inc,Discover,Tablet,0,Nuevo León,Restaurante,0,47
488,2025-01-01 00:57:00,32.98,"Graves, Lewis and Martinez",Visa,Tablet,0,Jalisco,Restaurante,0,2
489,2025-01-19 01:06:00,300.4,"Hernandez, Frey and Greene",Discover,Desktop,0,Puebla,Turismo,0,18
490,2025-01-11 08:24:00,220.97,Duran LLC,MasterCard,Desktop,0,CDMX,Turismo,0,5
491,2025-02-05 14:04:00,60.82,Sutton Inc,Discover,Mobile,0,CDMX,Restaurante,0,44
492,2025-01-11 15:51:00,96.79,"Compton, Smith and Turner",Visa,Tablet,0,Puebla,Turismo,0,8
493,2025-02-02 22:12:00,32.49,Briggs-Henderson,Amex,Desktop,0,Baja California,Entretenimiento,0,31
494,2025-02-05 17:11:00,20.84,"Barrett, Lewis and Trevino",Visa,Tablet,0,Puebla,Turismo,0,27
495,2025-01-04 08:19:00,62.31,Shepard and Sons,Amex,Tablet,0,CDMX,Servicios,0,27
496,2025-01-26 13:27:00,43.6,Lee-Smith,Amex,Mobile,0,Tamaulipas,Restaurante,0,44
497,2025-01-19 05:19:00,87.62,"Perry, Walker and Key",Discover,Mobile,0,Jalisco,Entretenimiento,0,22
498,2025-01-21 17:05:00,8.09,Spears LLC,Discover,Mobile,0,Jalisco,Entretenimiento,0,39
499,2025-01-25 01:52:00,366.5,Brown Inc,Discover,Desktop,0,Veracruz,Supermercado,0,39
500,2025-01-27 23:50:00,428.39,Harris-Jenkins,MasterCard,Tablet,0,Puebla,Electrónica,0,8
501,2025-01-02 22:30:00,119.79,Thomas-Rivera,Discover,Desktop,0,Nuevo León,Electrónica,0,29
502,2025-01-11 07:52:00,76.81,"Morrow, Morales and Hansen",MasterCard,Desktop,0,EdoMex,Turismo,0,37
503,2025-01-19 01:23:00,37.04,"White, Martinez and Quinn",Discover,Mobile,0,Jalisco,Electrónica,0,18
504,2025-01-30 23:01:00,168.09,"Ramirez, Jones and Clark",Amex,Tablet,0,CDMX,Turismo,0,29
505,2025-01-02 19:27:00,115.43,James Ltd,MasterCard,Tablet,0,CDMX,Turismo,0,18
506,2025-01-31 13:01:00,17.75,"Collier, Miller and Robinson",Visa,Mobile,0,Tamaulipas,Restaurante,0,45
507,2025-01-01 17:17:00,241.83,Gardner Inc,MasterCard,Tablet,0,EdoMex,Entretenimiento,0,16
508,2025-01-17 08:40:00,172.9,Torres and Sons,MasterCard,Mobile,0,Chihuahua,Supermercado,0,8
509,2025-01-20 23:08:00,299.17,Palmer-Jones,Visa,Desktop,0,Puebla,Supermercado,0,26
510,2025-01-13 15:04:00,129.36,Scott-Johnson,MasterCard,Desktop,0,Sonora,Retail,0,45
511,2025-01-07 04:36:00,95.04,Thompson Inc,Amex,Mobile,0,Tamaulipas,Entretenimiento,0,35
512,2025-01-28 10:39:00,54.17,"Floyd, Martinez and Barber",Discover,Desktop,0,Jalisco,Entretenimiento,0,50
513,2025-01-11 21:09:00,269.9,Christian PLC,Visa,Desktop,0,Sonora,Servicios,0,7
514,2025-01-24 22:38:00,201.04,"Nguyen, Huffman and Ross",Discover,Mobile,0,EdoMex,Turismo,0,34
515,2025-01-11 15:37:00,4.63,"Tyler, Hurley and Cole",Amex,Desktop,0,Tamaulipas,Turismo,0,6
516,2025-01-17 21:18:00,2.67,Herman-Howard,Visa,Tablet,0,Baja California,Supermercado,0,4
517,2025-01-27 04:29:00,47.23,"Wright, Richardson and Hernandez",Discover,Desktop,0,Baja California,Electrónica,0,27
518,2025-01-18 10:51:00,166.36,Mercado PLC,Discover,Mobile,0,Tamaulipas,Supermercado,0,9
519,2025-01-10 20:46:00,436.43,Castaneda Inc,Amex,Tablet,1,Chihuahua,Supermercado,0,25
520,2025-01-11 21:56:00,16.3,"Vasquez, Smith and Newman",Discover,Tablet,0,Chihuahua,Electrónica,0,9
521,2025-02-02 14:46:00,90.17,Graham LLC,Amex,Desktop,0,Jalisco,Supermercado,0,3
522,2025-01-17 18:25:00,47.95,"Glenn, Ryan and Sims",MasterCard,Tablet,0,Chihuahua,Entretenimiento,0,13
523,2025-01-15 11:27:00,350.37,Underwood PLC,Amex,Mobile,1,CDMX,Electrónica,0,5
524,2025-01-03 19:10:00,184.59,Davis-Nash,MasterCard,Tablet,0,Michoacán,Electrónica,0,40
525,2025-01-25 13:19:00,182.22,Figueroa and Sons,Visa,Desktop,0,Sonora,Restaurante,0,34
526,2025-01-20 11:04:00,63.24,"Potter, Lynn and Robertson",Discover,Desktop,0,Tamaulipas,Supermercado,0,35
527,2025-02-03 04:04:00,53.58,Robinson Inc,Amex,Tablet,0,Puebla,Supermercado,0,49
528,2025-01-04 06:20:00,31.94,Delgado LLC,Amex,Mobile,0,CDMX,Supermercado,0,6
529,2025-01-28 10:24:00,5.8,Campbell-Bradshaw,Discover,Mobile,0,Chihuahua,Supermercado,0,15
530,2025-01-19 02:15:00,200.04,Andrews-Richards,Discover,Desktop,0,Michoacán,Entretenimiento,0,14
531,2025-01-24 08:05:00,167.61,Case-Frederick,Visa,Desktop,0,Tamaulipas,Turismo,0,40
532,2025-01-11 07:01:00,817.24,Henderson LLC,Visa,Mobile,0,Tamaulipas,Retail,0,33
533,2025-01-23 17:00:00,569.49,Wood-Phillips,Amex,Tablet,0,Baja California,Servicios,0,6
534,2025-01-21 08:16:00,81.07,"Simpson, Martinez and Jackson",Visa,Tablet,0,Coahuila,Servicios,0,44
535,2025-01-21 04:36:00,146.53,David-Wright,MasterCard,Tablet,0,Baja California,Electrónica,0,37
536,2025-01-17 10:40:00,289.62,Werner-Lawrence,Visa,Tablet,0,Chihuahua,Turismo,0,41
537,2025-01-05 16:04:00,189.48,Welch-Ellis,Visa,Mobile,0,Sonora,Turismo,0,33
538,2025-01-19 15:10:00,28.42,Watkins-Frazier,Amex,Desktop,0,Coahuila,Supermercado,0,19
539,2025-01-26 04:49:00,59.88,"Martin, Cook and Decker",MasterCard,Desktop,0,Coahuila,Restaurante,0,26
540,2025-01-12 06:12:00,13.83,Barnes-Bolton,Visa,Tablet,0,Baja California,Turismo,0,23
541,2025-01-23 15:50:00,308.02,"Armstrong, Peters and Lopez",MasterCard,Mobile,0,Coahuila,Entretenimiento,0,13
542,2025-02-05 14:27:00,93.18,Lyons-Miller,MasterCard,Mobile,0,Puebla,Retail,0,45
543,2025-01-08 23:35:00,25.96,Oliver LLC,MasterCard,Tablet,0,Puebla,Supermercado,0,21
544,2025-01-13 22:18:00,111.38,Edwards-Swanson,Discover,Tablet,0,Veracruz,Electrónica,0,32
545,2025-02-04 10:34:00,96.27,Black-Brown,Discover,Tablet,0,Baja California,Entretenimiento,0,21
546,2025-01-09 09:50:00,44.34,"Olson, Arellano and Alvarez",Discover,Desktop,0,Nuevo León,Entretenimiento,0,30
547,2025-01-26 08:03:00,12.05,"Green, Duncan and Gibbs",Discover,Tablet,0,Sonora,Entretenimiento,0,33
548,2025-01-23 04:44:00,111.34,Johnson-Thompson,Amex,Desktop,0,Coahuila,Retail,0,9
549,2025-01-31 14:38:00,73.46,Young-Andrade,Visa,Mobile,0,Coahuila,Restaurante,0,1
550,2025-01-14 17:57:00,147.98,Hall PLC,Discover,Mobile,0,Jalisco,Supermercado,0,5
551,2025-02-04 17:21:00,73.43,"Walker, Spencer and Anderson",Amex,Desktop,0,Guanajuato,Retail,0,13
552,2025-01-19 21:27:00,191.18,"Parsons, Oliver and Freeman",Visa,Desktop,0,Guanajuato,Turismo,0,20
553,2025-01-05 01:00:00,80.28,Weaver-Brown,Discover,Desktop,0,Puebla,Servicios,0,1
554,2025-02-04 19:24:00,82.31,Lopez-Sims,Visa,Desktop,0,Puebla,Supermercado,0,8
555,2025-01-29 19:43:00,209.28,"Conrad, Cox and Barton",Discover,Tablet,0,Guanajuato,Restaurante,0,39
556,2025-01-06 01:37:00,51.66,Taylor PLC,Amex,Mobile,0,Sonora,Retail,0,32
557,2025-01-28 20:08:00,14.39,Hartman Ltd,MasterCard,Tablet,0,Puebla,Entretenimiento,0,29
558,2025-01-05 20:56:00,2.92,Hull Ltd,MasterCard,Desktop,0,Puebla,Electrónica,0,50
559,2025-01-12 19:47:00,140.71,"Davis, Baker and Tate",Visa,Tablet,0,Tamaulipas,Electrónica,0,27
560,2025-01-28 15:53:00,96.84,Brennan LLC,Amex,Tablet,0,Nuevo León,Retail,0,39
561,2025-01-25 19:52:00,121.77,Torres Ltd,MasterCard,Mobile,0,Sonora,Supermercado,0,21
562,2025-01-28 04:16:00,23.95,Andrade Group,Discover,Tablet,0,Guanajuato,Electrónica,0,43
563,2025-01-06 06:42:00,14.66,King Group,MasterCard,Mobile,0,Veracruz,Electrónica,0,5
564,2025-01-27 05:34:00,1.47,Brooks and Sons,Visa,Desktop,0,EdoMex,Entretenimiento,0,45
565,2025-01-23 17:29:00,43.17,Taylor PLC,Visa,Tablet,0,Baja California,Turismo,0,14
566,2025-02-02 04:30:00,89.14,Guzman-Mason,Amex,Desktop,0,Chihuahua,Servicios,0,11
567,2025-01-08 04:16:00,49.8,Campos-Lester,Visa,Mobile,0,Baja California,Supermercado,0,26
568,2025-01-26 08:32:00,57.53,"Mitchell, Allen and Melton",MasterCard,Desktop,0,Jalisco,Turismo,0,35
569,2025-01-22 19:03:00,234.51,"Kim, Wilkinson and Garcia",MasterCard,Desktop,0,Guanajuato,Supermercado,0,8
570,2025-01-27 11:45:00,42.81,"Cook, Navarro and Lee",MasterCard,Mobile,0,Puebla,Servicios,0,1
571,2025-01-04 16:18:00,72.15,Harris and Sons,MasterCard,Desktop,0,Sonora,Electrónica,0,24
572,2025-02-04 23:39:00,153.09,Nichols PLC,Amex,Desktop,0,Michoacán,Electrónica,0,30
573,2025-01-15 07:59:00,50.51,"Singleton, Patel and Henry",Discover,Desktop,0,Jalisco,Turismo,0,42
574,2025-01-10 22:34:00,97.31,Jones-Brooks,Discover,Tablet,0,Guanajuato,Servicios,0,47
575,2025-01-16 13:42:00,198.31,Walker-White,Amex,Desktop,0,Tamaulipas,Supermercado,0,11
576,2025-01-26 23:49:00,298.62,Moore-Charles,Visa,Mobile,0,Puebla,Supermercado,0,38
577,2025-01-06 18:29:00,15.91,Chavez-Hernandez,Discover,Tablet,0,Tamaulipas,Electrónica,0,3
578,2025-01-19 12:33:00,261.17,Newton-Stewart,Visa,Tablet,0,Jalisco,Electrónica,0,45
579,2025-01-05 10:32:00,67.75,"Lopez, Jones and Calhoun",Discover,Mobile,0,Guanajuato,Restaurante,0,43
580,2025-01-23 19:02:00,29.87,Burns Group,Visa,Desktop,0,Tamaulipas,Entretenimiento,0,39
581,2025-01-22 04:43:00,61.46,"Santiago, Levine and Robertson",Amex,Tablet,0,Nuevo León,Retail,0,10
582,2025-01-13 22:51:00,391.37,Wong Ltd,MasterCard,Tablet,0,EdoMex,Restaurante,0,17
583,2025-01-30 14:01:00,67.85,Robinson Ltd,Visa,Tablet,0,Michoacán,Servicios,0,32
584,2025-01-26 21:29:00,39.86,Greene-Wong,MasterCard,Desktop,0,Tamaulipas,Electrónica,0,31
585,2025-01-08 03:38:00,100.35,Anderson Ltd,Visa,Tablet,0,CDMX,Retail,0,7
586,2025-01-15 21:46:00,27.46,Floyd-Hampton,Visa,Mobile,0,CDMX,Restaurante,0,50
587,2025-01-13 15:46:00,7.89,Hill-Preston,Visa,Desktop,0,Guanajuato,Servicios,0,9
588,2025-01-16 21:27:00,13.8,Vazquez-Woods,Visa,Mobile,0,EdoMex,Retail,0,26
589,2025-01-14 10:41:00,13.7,Ray-Gardner,Visa,Mobile,0,Veracruz,Entretenimiento,0,15
590,2025-01-20 18:08:00,16.48,Haynes-Daniel,MasterCard,Tablet,0,CDMX,Electrónica,0,44
591,2025-01-12 00:08:00,14.95,Crawford-Valdez,Visa,Tablet,0,Coahuila,Servicios,0,16
592,2025-01-21 15:32:00,102.41,Nguyen Ltd,MasterCard,Tablet,0,Jalisco,Electrónica,0,25
593,2025-01-18 18:26:00,20.07,Holloway-Martin,Amex,Mobile,0,Chihuahua,Retail,0,50
594,2025-01-19 13:20:00,42.41,Gonzalez-Anderson,Discover,Desktop,0,Veracruz,Turismo,0,37
595,2025-01-21 11:52:00,227.1,Wood and Sons,Visa,Tablet,0,Chihuahua,Retail,0,6
596,2025-01-02 15:54:00,64.24,"Martinez, Nelson and Murphy",Discover,Tablet,0,Tamaulipas,Supermercado,0,13
597,2025-01-26 11:59:00,110.13,Cherry-Wolf,MasterCard,Mobile,0,Tamaulipas,Electrónica,0,37
598,2025-01-01 23:17:00,18.91,"Bird, Moran and Watts",Amex,Desktop,0,Nuevo León,Entretenimiento,0,21
599,2025-01-31 19:56:00,21.36,"Brown, Franco and Shannon",Amex,Mobile,0,Michoacán,Electrónica,0,50
600,2025-01-07 06:00:00,4.17,Flynn-Castaneda,Amex,Tablet,0,Coahuila,Retail,0,14
601,2025-01-10 12:36:00,18.5,Barry LLC,Discover,Mobile,0,Chihuahua,Servicios,0,14
602,2025-01-28 17:31:00,32.65,Thompson LLC,MasterCard,Tablet,0,Michoacán,Supermercado,0,16
603,2025-01-20 22:23:00,19.48,Russell-Brown,Visa,Desktop,0,Chihuahua,Retail,0,44
604,2025-01-03 23:49:00,9.29,Porter Ltd,Visa,Mobile,0,Tamaulipas,Servicios,0,49
605,2025-01-27 09:23:00,12.86,Conway Group,MasterCard,Tablet,0,Nuevo León,Retail,0,13
606,2025-01-09 02:08:00,61.76,Miller PLC,Discover,Tablet,0,CDMX,Electrónica,0,49
607,2025-02-02 02:15:00,23.11,Guzman Inc,Visa,Tablet,1,Sonora,Restaurante,0,16
608,2025-01-22 18:02:00,45.3,"Santos, Young and Whitehead",MasterCard,Tablet,0,Nuevo León,Retail,0,21
609,2025-01-29 18:14:00,70,Ellis Ltd,Visa,Mobile,0,Tamaulipas,Restaurante,0,12
610,2025-01-16 01:41:00,117.25,Massey Group,Amex,Tablet,0,Jalisco,Supermercado,0,35
611,2025-01-26 10:11:00,4.01,Perez-Anderson,Visa,Mobile,0,Nuevo León,Turismo,0,30
612,2025-01-25 15:47:00,160.65,"Kelley, Pearson and Kelley",Discover,Tablet,0,EdoMex,Electrónica,0,13
613,2025-01-24 00:14:00,98.86,Morris-Richardson,MasterCard,Mobile,0,Michoacán,Restaurante,0,15
614,2025-02-05 03:18:00,8.53,"Robinson, Davis and Dorsey",Discover,Mobile,0,EdoMex,Retail,0,25
615,2025-01-19 06:39:00,206.81,Castaneda-Bowman,MasterCard,Tablet,0,Nuevo León,Electrónica,0,47
616,2025-01-03 19:49:00,253.67,Simmons Ltd,Amex,Tablet,0,Tamaulipas,Restaurante,0,3
617,2025-02-04 13:31:00,6.3,Clark Group,MasterCard,Tablet,0,Nuevo León,Electrónica,0,19
618,2025-01-23 00:13:00,32.42,"Hull, Parks and Adams",Visa,Tablet,0,Michoacán,Restaurante,0,25
619,2025-01-06 19:53:00,164.09,Anderson Group,Visa,Desktop,0,Sonora,Retail,0,39
620,2025-02-03 16:55:00,137.94,"Anderson, Marsh and Summers",Amex,Tablet,0,Jalisco,Electrónica,0,2
621,2025-01-04 10:07:00,20.4,Hayes Group,MasterCard,Tablet,0,EdoMex,Electrónica,0,43
622,2025-02-01 03:04:00,23.49,Lopez-Cruz,Amex,Tablet,0,Tamaulipas,Electrónica,0,12
623,2025-01-14 02:22:00,46.28,"Barnes, Schaefer and Wood",Visa,Mobile,0,Nuevo León,Supermercado,0,41
624,2025-01-20 13:54:00,66.27,Lopez-White,Discover,Tablet,0,Baja California,Retail,0,26
625,2025-01-18 12:55:00,96.3,Stokes and Sons,Amex,Mobile,0,Guanajuato,Turismo,0,10
626,2025-01-12 18:17:00,46.03,Arnold and Sons,Discover,Mobile,0,Chihuahua,Entretenimiento,0,25
627,2025-01-29 16:26:00,62.09,Brown-Schneider,Discover,Mobile,0,Puebla,Electrónica,0,21
628,2025-01-05 19:53:00,137.62,Rowland PLC,MasterCard,Mobile,0,EdoMex,Turismo,0,26
629,2025-01-11 21:02:00,3.74,Henry-Torres,Amex,Desktop,0,Veracruz,Entretenimiento,0,6
630,2025-01-05 05:27:00,29.09,Bates Inc,Discover,Tablet,0,Michoacán,Retail,0,14
631,2025-01-09 03:00:00,124.95,"Mitchell, Rivera and Becker",Discover,Mobile,1,Veracruz,Supermercado,0,21
632,2025-01-25 03:18:00,225.58,Roberts-Adams,MasterCard,Tablet,0,Jalisco,Servicios,0,34
633,2025-02-02 10:11:00,71.68,Delgado-Wise,MasterCard,Mobile,0,EdoMex,Supermercado,0,35
634,2025-02-03 18:13:00,75.95,Moss-Booker,Visa,Desktop,0,Nuevo León,Servicios,0,13
635,2025-01-06 23:35:00,11.34,Torres-Barnett,Discover,Mobile,0,Puebla,Turismo,0,48
636,2025-01-08 06:39:00,59.31,"Gallegos, Mcdonald and Dunn",Visa,Tablet,0,Tamaulipas,Electrónica,0,15
637,2025-02-04 12:05:00,76.06,Galvan LLC,Discover,Tablet,0,Veracruz,Servicios,0,50
638,2025-01-01 10:32:00,27.77,Mcfarland LLC,Visa,Desktop,0,Guanajuato,Restaurante,0,6
639,2025-01-27 13:09:00,31.37,Nolan-Rose,MasterCard,Tablet,0,Baja California,Electrónica,0,15
640,2025-01-16 20:10:00,47.37,Chan and Sons,Amex,Tablet,0,CDMX,Electrónica,0,39
641,2025-01-14 20:44:00,2.03,Hernandez Group,MasterCard,Mobile,0,Sonora,Entretenimiento,0,38
642,2025-01-30 16:04:00,38.87,Mitchell-King,Visa,Tablet,0,Veracruz,Turismo,0,35
643,2025-01-19 22:49:00,23.76,Foster Ltd,Visa,Mobile,0,Michoacán,Turismo,0,14
644,2025-02-05 05:52:00,39.67,Foley-Lee,Amex,Desktop,0,Tamaulipas,Retail,0,32
645,2025-01-25 08:07:00,12.76,"Flores, Miller and Carey",Discover,Tablet,0,Chihuahua,Electrónica,0,1
646,2025-01-12 16:20:00,221.21,Mendoza-Beard,Visa,Mobile,0,Guanajuato,Retail,0,45
647,2025-01-25 11:22:00,90.04,Tanner-Keller,Visa,Tablet,0,Nuevo León,Servicios,0,23
648,2025-01-14 09:41:00,113.66,"Horton, Kim and Marsh",Visa,Mobile,0,Michoacán,Entretenimiento,0,48
649,2025-01-10 10:51:00,155.67,"Murray, Pierce and Schultz",Amex,Desktop,0,Veracruz,Retail,0,48
650,2025-01-12 08:40:00,69,Vargas-Jones,MasterCard,Mobile,0,Coahuila,Electrónica,0,41
651,2025-01-05 08:53:00,9.09,Pearson-Wilson,Visa,Tablet,0,Tamaulipas,Supermercado,0,7
652,2025-01-20 00:00:00,77.03,Marquez PLC,Amex,Mobile,0,Coahuila,Electrónica,0,37
653,2025-01-16 03:58:00,88.39,Harvey-Moreno,Visa,Tablet,0,Tamaulipas,Restaurante,0,16
654,2025-01-12 23:32:00,136.82,Webster-Gamble,Discover,Desktop,0,Guanajuato,Electrónica,0,5
655,2025-01-21 08:40:00,56.5,Johnson PLC,Amex,Mobile,0,Veracruz,Turismo,0,48
656,2025-01-02 23:45:00,13.65,"Mccoy, Thompson and Anderson",Visa,Tablet,0,Baja California,Retail,0,47
657,2025-01-16 07:11:00,33.38,Marquez PLC,Amex,Tablet,0,Sonora,Electrónica,0,31
658,2025-01-03 08:53:00,45.11,"Welch, Ramirez and Martin",Visa,Tablet,0,Guanajuato,Entretenimiento,0,23
659,2025-01-07 14:22:00,103.82,Chambers Ltd,MasterCard,Mobile,0,Chihuahua,Entretenimiento,0,11
660,2025-02-04 04:10:00,84.58,Duncan LLC,Visa,Mobile,0,Sonora,Retail,0,30
661,2025-01-25 21:42:00,44.02,"Walls, Proctor and Burch",Amex,Mobile,0,Jalisco,Retail,0,33
662,2025-01-10 00:28:00,430.62,Higgins Group,Discover,Desktop,0,CDMX,Servicios,0,31
663,2025-01-01 01:06:00,93.08,"Long, Fowler and Young",Discover,Tablet,0,EdoMex,Turismo,0,34
664,2025-02-04 16:08:00,27.08,"Williams, Dean and Burns",Discover,Tablet,0,Guanajuato,Servicios,0,29
665,2025-01-15 15:43:00,10.73,"Hess, Ramirez and Lawson",Visa,Desktop,0,CDMX,Servicios,0,11
666,2025-01-14 18:57:00,16.59,Blake Ltd,MasterCard,Desktop,0,Puebla,Supermercado,0,36
667,2025-01-10 18:15:00,28.23,Kim-King,Visa,Mobile,0,Guanajuato,Entretenimiento,0,49
668,2025-01-22 05:46:00,17.52,Hays-Valentine,Discover,Mobile,0,Puebla,Entretenimiento,0,38
669,2025-01-21 00:48:00,20.65,Castillo-Diaz,Amex,Mobile,0,Tamaulipas,Electrónica,0,39
670,2025-01-29 03:43:00,33.56,Lewis-Hill,Discover,Mobile,0,Chihuahua,Electrónica,0,47
671,2025-02-03 03:14:00,19.04,"Scott, Alvarez and Martin",Amex,Mobile,0,Tamaulipas,Electrónica,0,45
672,2025-01-11 21:58:00,227.08,Harvey Ltd,MasterCard,Mobile,0,Sonora,Turismo,0,29
673,2025-01-02 21:37:00,8.36,Johnson LLC,Amex,Desktop,0,Chihuahua,Entretenimiento,0,26
674,2025-01-30 04:39:00,74.34,Russell-Washington,Visa,Desktop,0,Puebla,Restaurante,0,20
675,2025-01-19 02:07:00,52.83,Elliott-Khan,Visa,Desktop,0,Baja California,Electrónica,0,41
676,2025-01-30 12:15:00,403.86,"Brown, White and Wilson",Visa,Tablet,0,CDMX,Entretenimiento,0,1
677,2025-02-02 04:48:00,11.88,Haynes PLC,Amex,Tablet,0,Tamaulipas,Restaurante,0,25
678,2025-01-01 11:09:00,50.73,Turner-Goodman,Visa,Mobile,0,CDMX,Electrónica,0,8
679,2025-01-02 06:23:00,348.91,"Shah, Gray and Davis",Visa,Desktop,0,Chihuahua,Turismo,0,6
680,2025-01-25 00:26:00,200.62,Jacobs Ltd,Visa,Tablet,0,CDMX,Restaurante,0,7
681,2025-01-15 18:05:00,169.87,Johnson-Edwards,MasterCard,Tablet,0,Nuevo León,Electrónica,0,47
682,2025-01-22 10:08:00,29.83,Brown PLC,Amex,Desktop,0,Sonora,Entretenimiento,0,42
683,2025-02-03 13:43:00,18.74,Bennett Group,Amex,Tablet,0,Chihuahua,Servicios,0,40
684,2025-01-25 19:23:00,110.46,"Baker, Henry and Shannon",Discover,Tablet,0,Sonora,Supermercado,0,42
685,2025-01-13 05:33:00,265.04,"Rhodes, Norton and Ingram",Amex,Desktop,0,Tamaulipas,Supermercado,0,22
686,2025-01-03 10:46:00,81.37,Nichols Group,MasterCard,Tablet,0,Veracruz,Servicios,0,11
687,2025-01-19 23:27:00,84.77,Avila LLC,Amex,Desktop,0,Tamaulipas,Retail,0,24
688,2025-01-02 12:44:00,32.85,"Martin, Phillips and Vargas",MasterCard,Tablet,0,Guanajuato,Electrónica,0,38
689,2025-01-22 06:28:00,146.75,Fisher PLC,MasterCard,Desktop,0,Guanajuato,Servicios,0,40
690,2025-01-28 13:28:00,20.71,Foster Group,Amex,Tablet,0,Chihuahua,Entretenimiento,0,21
691,2025-01-14 06:48:00,39.11,"Griffith, Bartlett and Moore",Discover,Tablet,0,Tamaulipas,Supermercado,0,6
692,2025-01-11 10:16:00,55.41,Bennett Group,Visa,Desktop,0,Coahuila,Supermercado,0,27
693,2025-01-31 22:58:00,70.85,Walker-Houston,Visa,Tablet,0,Baja California,Electrónica,0,15
694,2025-01-23 00:14:00,27.76,Hahn-Wood,Amex,Desktop,0,Tamaulipas,Electrónica,0,19
695,2025-01-29 05:39:00,12.2,"Sanford, Harmon and Banks",Amex,Desktop,0,Michoacán,Electrónica,0,26
696,2025-01-25 16:48:00,94.32,Clark-Gonzalez,MasterCard,Tablet,0,Veracruz,Entretenimiento,0,5
697,2025-01-03 05:04:00,34.06,"Dean, Mccoy and Garrett",Amex,Mobile,0,Jalisco,Retail,0,1
698,2025-01-03 08:22:00,87.05,Mcdonald LLC,MasterCard,Tablet,0,Sonora,Entretenimiento,0,14
699,2025-01-04 00:12:00,16.77,Palmer Inc,Discover,Mobile,0,Baja California,Entretenimiento,0,39
700,2025-01-02 20:26:00,65.61,Johnson LLC,Amex,Mobile,0,Coahuila,Restaurante,0,40
701,2025-01-27 13:18:00,76.05,Sampson Group,Visa,Tablet,0,Sonora,Turismo,0,2
702,2025-01-29 18:03:00,5.32,Foster Ltd,Visa,Mobile,0,Jalisco,Turismo,0,47
703,2025-01-16 09:12:00,41.04,Fletcher Group,Amex,Desktop,0,Michoacán,Supermercado,0,23
704,2025-01-02 12:20:00,14.43,"Henson, Huff and Dixon",MasterCard,Desktop,0,Puebla,Entretenimiento,0,16
705,2025-01-18 10:34:00,6.55,English PLC,Visa,Mobile,0,Guanajuato,Retail,0,14
706,2025-02-01 04:10:00,460.12,"Miles, Brown and Clark",MasterCard,Desktop,0,EdoMex,Turismo,0,39
707,2025-01-13 09:15:00,38.91,Burns PLC,Amex,Tablet,0,Veracruz,Entretenimiento,0,23
708,2025-01-27 18:16:00,166.01,Mays Ltd,Amex,Desktop,0,Guanajuato,Restaurante,0,21
709,2025-01-21 22:39:00,29.39,Perry-Foster,Visa,Mobile,0,EdoMex,Servicios,0,40
710,2025-01-07 16:27:00,114.41,"Morton, Anderson and Cunningham",Amex,Tablet,0,EdoMex,Electrónica,0,27
711,2025-01-20 06:46:00,142.81,"Gonzalez, Walker and Bush",Discover,Desktop,0,Michoacán,Turismo,0,46
712,2025-01-04 19:45:00,90.54,Chang-Christensen,Discover,Tablet,0,Nuevo León,Electrónica,0,40
713,2025-01-22 02:06:00,63.79,Adams Ltd,Visa,Mobile,0,Nuevo León,Supermercado,0,4
714,2025-02-04 16:12:00,53.08,"Patel, Werner and Cortez",Discover,Desktop,0,Nuevo León,Restaurante,0,34
715,2025-01-10 18:09:00,42.9,Williams-Horn,MasterCard,Tablet,0,Tamaulipas,Electrónica,0,20
716,2025-01-15 18:42:00,265.26,Rodriguez Ltd,Visa,Tablet,0,Guanajuato,Supermercado,0,29
717,2025-01-11 11:22:00,177.56,Gamble LLC,Visa,Desktop,0,Jalisco,Electrónica,0,1
718,2025-02-04 06:24:00,335.32,Campbell-Davidson,MasterCard,Tablet,0,Baja California,Entretenimiento,0,29
719,2025-01-18 01:12:00,13.27,Carter LLC,Discover,Tablet,0,Michoacán,Supermercado,0,20
720,2025-01-04 14:26:00,131.26,Rich-Stevens,Discover,Mobile,0,Tamaulipas,Turismo,0,11
721,2025-01-17 18:04:00,278.61,Leach-Thomas,Discover,Mobile,0,Puebla,Servicios,0,3
722,2025-01-30 22:26:00,20,Holloway-Baker,Visa,Mobile,0,EdoMex,Turismo,0,31
723,2025-02-04 05:27:00,6.88,Howard PLC,Visa,Mobile,0,Puebla,Supermercado,0,47
724,2025-01-13 17:58:00,135.14,Butler-Thompson,Discover,Mobile,0,Chihuahua,Servicios,0,47
725,2025-01-29 16:43:00,85.44,Grant PLC,Amex,Mobile,0,Guanajuato,Turismo,0,47
726,2025-01-03 15:22:00,184.41,Collins Ltd,Discover,Desktop,0,Guanajuato,Entretenimiento,0,21
727,2025-01-05 13:07:00,15.06,"Chandler, Gordon and Dennis",MasterCard,Mobile,0,Jalisco,Servicios,0,31
728,2025-02-02 14:30:00,158.61,Rodriguez Inc,Visa,Tablet,0,Sonora,Restaurante,0,12
729,2025-02-03 20:52:00,22.52,"Robertson, Kennedy and Jenkins",MasterCard,Desktop,0,Tamaulipas,Supermercado,0,50
730,2025-01-17 23:18:00,17.87,Hanson PLC,MasterCard,Tablet,0,EdoMex,Servicios,0,24
731,2025-02-03 14:34:00,17.94,"Long, Melendez and Bennett",Visa,Mobile,0,Veracruz,Entretenimiento,0,3
732,2025-01-25 19:37:00,168.51,Stark-Edwards,Amex,Mobile,0,Michoacán,Supermercado,0,5
733,2025-01-24 03:05:00,109.42,"Walker, Bautista and Hayes",Discover,Tablet,0,Sonora,Supermercado,0,7
734,2025-01-11 20:58:00,74.04,Frederick-Thomas,MasterCard,Tablet,0,Veracruz,Electrónica,0,49
735,2025-02-02 13:05:00,44.45,"Jones, Lowe and Vaughan",Visa,Tablet,0,Chihuahua,Supermercado,0,29
736,2025-01-22 09:19:00,209.72,"Randolph, Dunn and Johnson",MasterCard,Desktop,0,Guanajuato,Turismo,0,29
737,2025-02-03 16:25:00,49.83,Duarte-Solis,Discover,Mobile,0,Nuevo León,Supermercado,0,38
738,2025-01-31 08:27:00,169.61,"Carson, Donovan and Smith",Amex,Tablet,0,Puebla,Entretenimiento,0,24
739,2025-01-20 21:53:00,57.83,"Rice, Hill and Coleman",Amex,Mobile,0,Michoacán,Retail,0,25
740,2025-01-30 17:19:00,47.31,Cox-Foster,Amex,Tablet,0,Puebla,Turismo,0,47
741,2025-01-31 06:26:00,62.12,Wilkerson PLC,Visa,Mobile,0,EdoMex,Retail,0,16
742,2025-01-26 16:49:00,35.86,Donovan Ltd,Visa,Desktop,0,Sonora,Electrónica,0,35
743,2025-01-18 17:37:00,137.68,"Porter, Thompson and Peck",Amex,Mobile,0,Baja California,Turismo,0,18
744,2025-01-30 08:09:00,69.86,Welch-Miller,Discover,Tablet,0,EdoMex,Servicios,0,29
745,2025-01-25 08:44:00,26.42,Miranda-Owens,Discover,Mobile,0,Tamaulipas,Supermercado,0,9
746,2025-01-12 14:29:00,229.83,Clements Group,Visa,Desktop,0,Puebla,Servicios,0,31
747,2025-01-20 05:22:00,48.43,Brown LLC,Amex,Desktop,0,Coahuila,Servicios,0,41
748,2025-01-25 09:23:00,78.43,"Jordan, Robinson and Harris",Discover,Mobile,0,Guanajuato,Entretenimiento,0,38
749,2025-01-27 23:42:00,236.95,"Peterson, Thomas and Nguyen",Discover,Tablet,0,Nuevo León,Entretenimiento,0,25
750,2025-01-29 14:47:00,97.88,"Cameron, Wilson and Lee",Discover,Desktop,0,Guanajuato,Restaurante,0,19
751,2025-01-15 14:36:00,12.43,Davis Group,Visa,Desktop,0,Baja California,Turismo,0,13
752,2025-01-11 22:11:00,281.06,"Harris, Roy and Tanner",Amex,Mobile,0,Jalisco,Turismo,0,1
753,2025-01-14 02:08:00,98.81,Osborn-Curtis,MasterCard,Desktop,0,Guanajuato,Turismo,0,25
754,2025-01-09 06:51:00,40.78,Pierce-Le,Amex,Desktop,0,Chihuahua,Retail,0,30
755,2025-02-02 11:21:00,15,Richardson-Avery,Amex,Tablet,0,CDMX,Supermercado,0,47
756,2025-01-01 21:18:00,158,Bailey-Adkins,Visa,Tablet,0,Jalisco,Supermercado,0,40
757,2025-01-19 05:34:00,96.78,Morris-Meyer,Discover,Tablet,0,EdoMex,Turismo,0,31
758,2025-02-03 22:39:00,76.24,Pace-Farley,Discover,Mobile,0,Jalisco,Entretenimiento,0,14
759,2025-01-15 01:09:00,224.33,Thomas-Reilly,Visa,Desktop,0,Sonora,Turismo,0,48
760,2025-01-24 01:50:00,155.4,"Martinez, Perry and Mckenzie",Visa,Mobile,0,Chihuahua,Servicios,0,25
761,2025-02-05 17:54:00,16.45,Morgan PLC,Visa,Desktop,0,Baja California,Entretenimiento,0,33
762,2025-01-26 15:17:00,37.36,Hill and Sons,Visa,Desktop,0,Coahuila,Servicios,0,4
763,2025-01-03 02:15:00,28.57,Lee and Sons,Visa,Desktop,0,CDMX,Retail,0,49
764,2025-02-04 20:58:00,136.24,"Sanchez, Rodriguez and Peterson",MasterCard,Tablet,0,Veracruz,Restaurante,0,30
765,2025-01-25 09:56:00,3.41,Arnold Inc,Amex,Mobile,0,Michoacán,Turismo,0,18
766,2025-01-16 04:17:00,84.37,Mccoy-Mccoy,Amex,Mobile,0,Nuevo León,Turismo,0,12
767,2025-01-05 02:26:00,143.74,Parker Group,Amex,Desktop,0,Guanajuato,Electrónica,0,32
768,2025-01-19 15:56:00,209.37,Henderson Group,Discover,Mobile,0,Guanajuato,Electrónica,0,35
769,2025-01-31 05:12:00,41.87,Wood-Blackwell,MasterCard,Tablet,0,Guanajuato,Supermercado,0,21
770,2025-02-02 00:10:00,172.18,"Thomas, May and Smith",Amex,Mobile,0,Coahuila,Servicios,0,26
771,2025-01-27 07:42:00,11.72,"Cooper, Vance and Schultz",Discover,Desktop,0,Guanajuato,Retail,0,10
772,2025-01-18 03:43:00,187.37,"Ward, Baxter and Wilson",MasterCard,Tablet,0,CDMX,Turismo,0,6
773,2025-01-05 22:48:00,13.64,Weber Group,MasterCard,Tablet,0,Veracruz,Supermercado,0,24
774,2025-01-14 03:47:00,50.63,Hansen LLC,Discover,Desktop,0,Michoacán,Electrónica,0,30
775,2025-01-16 02:29:00,159.6,"Mora, Thompson and Tran",MasterCard,Mobile,0,Tamaulipas,Supermercado,0,23
776,2025-01-25 23:29:00,16.24,"Taylor, Martin and Goodwin",Discover,Desktop,0,Sonora,Electrónica,0,35
777,2025-02-02 20:26:00,26.04,Matthews LLC,Amex,Mobile,0,Baja California,Supermercado,0,5
778,2025-01-01 09:52:00,128.1,Cole PLC,Discover,Mobile,0,Michoacán,Restaurante,0,43
779,2025-01-11 13:50:00,127.31,Mccoy-Dominguez,MasterCard,Tablet,0,Sonora,Retail,0,18
780,2025-01-30 22:43:00,102.48,"Sexton, Pena and Fletcher",Amex,Desktop,0,Puebla,Retail,0,3
781,2025-01-18 07:17:00,118.4,"Myers, Sullivan and Solis",Amex,Tablet,0,Veracruz,Servicios,0,10
782,2025-01-08 11:51:00,78.25,Riggs-Vance,Visa,Desktop,0,Jalisco,Servicios,0,29
783,2025-01-16 22:49:00,29.01,Alvarado-Pineda,Visa,Desktop,0,EdoMex,Restaurante,0,41
784,2025-01-24 04:58:00,42.42,Jackson and Sons,MasterCard,Tablet,0,Tamaulipas,Entretenimiento,0,18
785,2025-01-31 16:47:00,20.04,Hill PLC,Discover,Desktop,0,Puebla,Electrónica,0,19
786,2025-01-29 07:20:00,239.09,Tucker-Burns,Discover,Desktop,0,Chihuahua,Restaurante,0,4
787,2025-01-11 20:57:00,87.56,Hoffman and Sons,MasterCard,Mobile,0,Baja California,Electrónica,0,29
788,2025-01-22 11:51:00,51.22,Robinson Group,Amex,Desktop,0,Coahuila,Electrónica,0,15
789,2025-01-30 01:59:00,61.99,Simmons-Turner,MasterCard,Desktop,0,Guanajuato,Restaurante,0,3
790,2025-01-12 01:59:00,294.28,"Mcmahon, Hale and Williams",MasterCard,Tablet,0,EdoMex,Entretenimiento,0,46
791,2025-01-03 10:47:00,16.65,Wilkerson-Martinez,Amex,Tablet,0,Chihuahua,Retail,0,39
792,2025-01-19 13:02:00,88.24,"Phillips, Ramirez and Wong",Discover,Desktop,0,Sonora,Entretenimiento,0,8
793,2025-01-20 22:36:00,70.5,Jackson Inc,MasterCard,Mobile,0,Chihuahua,Turismo,0,3
794,2025-01-28 11:25:00,94.53,Mcdonald-Thompson,Discover,Mobile,0,CDMX,Electrónica,0,6
795,2025-01-06 21:22:00,1.83,Reed-Archer,MasterCard,Tablet,0,Sonora,Supermercado,0,6
796,2025-01-30 19:43:00,205.67,"Johnson, Haney and Burke",Amex,Desktop,0,Tamaulipas,Supermercado,0,35
797,2025-01-23 18:15:00,269,"Adams, Stout and Sims",Amex,Desktop,0,Coahuila,Electrónica,0,32
798,2025-01-20 08:11:00,83.27,"Williams, Hutchinson and Johnson",Visa,Mobile,0,Sonora,Entretenimiento,0,26
799,2025-01-30 23:01:00,119.29,"Christensen, Moreno and Beard",Amex,Mobile,0,Jalisco,Supermercado,0,50
800,2025-01-08 08:38:00,255.75,Maddox-Jones,Visa,Mobile,0,Baja California,Electrónica,0,2
801,2025-02-03 17:04:00,122.84,"Galloway, Herman and Hill",MasterCard,Tablet,0,Coahuila,Turismo,0,49
802,2025-01-24 05:28:00,16.55,Baird-Gonzalez,Discover,Desktop,0,Coahuila,Retail,0,39
803,2025-01-16 08:27:00,85.87,Hodge-Odom,Amex,Tablet,1,Sonora,Supermercado,0,13
804,2025-01-01 01:00:00,93.32,Escobar Group,Amex,Desktop,0,Jalisco,Supermercado,0,4
805,2025-01-27 13:14:00,55.19,Garcia Group,Amex,Tablet,0,Jalisco,Servicios,0,21
806,2025-01-09 04:26:00,133.35,Hull Ltd,MasterCard,Desktop,0,Michoacán,Entretenimiento,0,41
807,2025-01-31 23:46:00,272.37,Colon LLC,Visa,Mobile,0,EdoMex,Supermercado,0,35
808,2025-01-17 10:52:00,259.79,"Baker, Miller and Yates",MasterCard,Mobile,0,Tamaulipas,Servicios,0,50
809,2025-01-05 03:00:00,59.94,Miller LLC,Discover,Mobile,0,Jalisco,Turismo,0,17
810,2025-01-06 01:17:00,12.02,Welch-Johnson,MasterCard,Tablet,0,Michoacán,Restaurante,0,50
811,2025-01-22 08:00:00,418.92,Carney-Stevens,Discover,Mobile,0,Puebla,Retail,0,37
812,2025-01-07 10:59:00,182.57,Roth Ltd,Amex,Desktop,0,Baja California,Restaurante,0,44
813,2025-01-31 09:17:00,13.31,Harris-Henry,Discover,Tablet,0,Tamaulipas,Retail,0,18
814,2025-01-03 00:25:00,253.63,"Ramirez, Ware and Miller",Discover,Desktop,0,Puebla,Supermercado,0,33
815,2025-01-14 00:34:00,203.94,Gallagher Ltd,Visa,Tablet,0,Baja California,Restaurante,0,19
816,2025-01-08 12:06:00,73.16,"Lee, Chen and Farmer",Discover,Desktop,0,Jalisco,Retail,0,38
817,2025-02-05 18:34:00,89.47,Johnson Group,Discover,Desktop,0,Sonora,Supermercado,0,25
818,2025-01-03 09:27:00,50.92,Smith Ltd,MasterCard,Tablet,0,Michoacán,Restaurante,0,22
819,2025-01-15 13:57:00,5.63,May-Morris,Amex,Tablet,0,Puebla,Electrónica,0,41
820,2025-02-02 07:47:00,40.83,Kim-Hammond,MasterCard,Mobile,0,Chihuahua,Turismo,0,49
821,2025-01-08 22:06:00,162.38,Reeves-Shelton,MasterCard,Mobile,0,Puebla,Supermercado,0,8
822,2025-01-14 07:54:00,0.46,Hamilton LLC,Amex,Desktop,0,EdoMex,Retail,0,22
823,2025-01-18 23:43:00,40.57,"Grimes, Fowler and Hays",Amex,Desktop,0,Nuevo León,Entretenimiento,0,35
824,2025-01-05 18:36:00,50.78,Schwartz-Torres,Discover,Desktop,0,Guanajuato,Supermercado,0,16
825,2025-02-01 14:05:00,77.09,Davis Ltd,Discover,Tablet,0,Chihuahua,Electrónica,0,34
826,2025-01-28 12:28:00,252.39,"Carroll, Koch and Bauer",Visa,Tablet,0,Baja California,Entretenimiento,0,8
827,2025-01-21 02:11:00,42.52,Parker-Webb,MasterCard,Mobile,0,Guanajuato,Servicios,0,2
828,2025-01-26 12:32:00,42.61,Jacobs-Walton,Amex,Desktop,0,CDMX,Restaurante,0,35
829,2025-02-03 01:23:00,133.75,"Nichols, Castillo and Randall",Discover,Mobile,0,CDMX,Retail,0,15
830,2025-02-05 07:25:00,60.19,Williams Ltd,Amex,Tablet,0,Baja California,Electrónica,0,20
831,2025-01-08 22:25:00,25.44,Wang-Mays,Discover,Tablet,0,Puebla,Restaurante,0,21
832,2025-01-29 18:05:00,60.23,Woods-Cabrera,Visa,Tablet,1,Puebla,Turismo,0,27
833,2025-02-04 13:31:00,15.18,"Huerta, Torres and Keller",Visa,Mobile,0,Sonora,Servicios,0,34
834,2025-01-19 11:16:00,19.41,Watts-Simpson,Amex,Tablet,0,Nuevo León,Entretenimiento,0,48
835,2025-02-01 12:09:00,68.99,"Johnson, Stevenson and Matthews",Visa,Desktop,0,Puebla,Servicios,0,43
836,2025-02-05 13:59:00,54.29,Beltran Group,Amex,Mobile,0,Nuevo León,Servicios,0,31
837,2025-01-02 01:41:00,246.33,"Morales, Hall and Harris",Discover,Tablet,0,Michoacán,Turismo,0,26
838,2025-01-25 02:49:00,45,Hardy Group,MasterCard,Mobile,0,Nuevo León,Retail,0,9
839,2025-02-01 13:48:00,86.89,Walters-Hill,Visa,Mobile,0,Guanajuato,Retail,0,42
840,2025-01-22 12:05:00,100.04,"Ramos, Sullivan and Vance",Discover,Tablet,0,Guanajuato,Restaurante,0,17
841,2025-01-13 11:51:00,1.32,Jennings-Scott,MasterCard,Tablet,0,Chihuahua,Electrónica,0,24
842,2025-01-10 04:30:00,108.93,White-Mills,MasterCard,Mobile,0,Puebla,Supermercado,0,45
843,2025-01-20 01:33:00,19.61,Lewis Ltd,MasterCard,Mobile,0,Nuevo León,Restaurante,0,44
844,2025-01-20 04:19:00,324.6,Fischer PLC,Discover,Tablet,0,Guanajuato,Restaurante,0,22
845,2025-01-08 12:53:00,16.09,"Mason, Wright and Brown",Discover,Desktop,0,Michoacán,Supermercado,0,42
846,2025-01-21 23:51:00,53.55,"Hudson, Hartman and Mckinney",Amex,Mobile,0,Tamaulipas,Restaurante,0,47
847,2025-01-27 00:11:00,8.92,Allen Inc,MasterCard,Mobile,0,Veracruz,Servicios,0,46
848,2025-02-03 16:13:00,576.81,Holloway-Murphy,MasterCard,Desktop,0,Guanajuato,Retail,0,1
849,2025-01-28 04:34:00,69.75,Thornton Ltd,MasterCard,Tablet,0,Baja California,Restaurante,0,11
850,2025-02-03 19:17:00,90.48,"Espinoza, Frank and Ayala",Amex,Tablet,0,Nuevo León,Restaurante,0,9
851,2025-01-30 17:47:00,6.94,Anderson-Sosa,MasterCard,Desktop,0,Veracruz,Retail,0,46
852,2025-01-04 15:02:00,138.61,Jones Group,Discover,Tablet,0,Puebla,Electrónica,0,34
853,2025-01-05 14:13:00,23.56,"Moses, Middleton and Evans",MasterCard,Tablet,0,Tamaulipas,Supermercado,0,47
854,2025-01-31 11:41:00,228.33,"Higgins, Blevins and Fuller",Visa,Mobile,0,Guanajuato,Retail,0,14
855,2025-01-02 10:03:00,22.96,Rice-Brooks,Discover,Mobile,0,EdoMex,Electrónica,0,1
856,2025-01-12 06:41:00,21.16,"Thompson, Humphrey and Smith",Amex,Mobile,0,Baja California,Electrónica,0,7
857,2025-01-14 23:34:00,3.72,Walker LLC,MasterCard,Desktop,0,Coahuila,Turismo,0,5
858,2025-01-20 05:59:00,63.88,Gilmore Inc,Visa,Tablet,0,Michoacán,Electrónica,0,27
859,2025-01-15 03:42:00,83.2,White-Moore,Amex,Tablet,0,Michoacán,Supermercado,0,20
860,2025-01-19 09:09:00,6.8,"Hester, Smith and Baker",Amex,Mobile,0,Nuevo León,Supermercado,0,44
861,2025-02-03 18:34:00,149.4,"Johnson, Smith and Neal",Discover,Mobile,0,Guanajuato,Servicios,0,30
862,2025-01-24 08:50:00,60.38,Boyd-Henry,Amex,Desktop,0,Tamaulipas,Supermercado,0,44
863,2025-01-09 05:52:00,74.32,Jones-Jones,Amex,Tablet,0,Jalisco,Supermercado,0,37
864,2025-01-26 02:17:00,58.12,Diaz-Stephens,Amex,Desktop,0,Puebla,Retail,0,17
865,2025-01-16 23:29:00,51.21,Chan-Foster,Amex,Tablet,0,Baja California,Electrónica,0,20
866,2025-01-22 19:42:00,82.02,Vazquez Ltd,MasterCard,Desktop,0,Veracruz,Electrónica,0,19
867,2025-02-03 04:07:00,16.87,Curtis and Sons,MasterCard,Mobile,0,Coahuila,Entretenimiento,0,17
868,2025-01-20 13:57:00,20.08,"Stewart, White and Johnson",MasterCard,Desktop,0,Baja California,Servicios,0,7
869,2025-01-26 07:43:00,197.89,Beck Group,MasterCard,Desktop,0,Chihuahua,Turismo,0,31
870,2025-01-11 11:38:00,292.09,"Carrillo, Schwartz and Arnold",Visa,Mobile,0,Chihuahua,Electrónica,0,48
871,2025-01-31 10:30:00,46.73,"Sullivan, Anderson and Hawkins",MasterCard,Tablet,0,Michoacán,Turismo,0,34
872,2025-01-09 14:20:00,31.57,Fisher-Holden,Amex,Tablet,0,CDMX,Servicios,0,10
873,2025-01-10 01:55:00,103.28,Sutton Ltd,MasterCard,Mobile,0,Nuevo León,Restaurante,0,20
874,2025-01-01 18:50:00,52.55,"Patrick, Clark and Petersen",MasterCard,Desktop,1,Coahuila,Electrónica,0,25
875,2025-02-03 08:54:00,2.57,Mcbride-Kidd,Discover,Desktop,0,Michoacán,Electrónica,0,27
876,2025-01-01 08:30:00,16.98,Mcbride Inc,Amex,Desktop,0,Coahuila,Supermercado,0,2
877,2025-01-22 11:45:00,125.87,Flores-Hughes,MasterCard,Tablet,0,Guanajuato,Turismo,0,17
878,2025-02-04 05:08:00,107.56,Sharp-Griffin,MasterCard,Desktop,0,CDMX,Entretenimiento,0,20
879,2025-01-01 13:30:00,2.75,Collins-Erickson,MasterCard,Tablet,0,Jalisco,Retail,0,5
880,2025-01-29 05:13:00,25.1,Herring-Murphy,Visa,Desktop,0,Baja California,Supermercado,0,23
881,2025-01-18 04:51:00,26.28,Raymond-Lowe,MasterCard,Mobile,0,Baja California,Restaurante,0,35
882,2025-01-25 01:56:00,111.44,"Green, Conrad and Sullivan",Discover,Mobile,0,Guanajuato,Supermercado,0,12
883,2025-02-05 02:01:00,1.99,Lewis LLC,Amex,Tablet,0,Jalisco,Servicios,0,7
884,2025-01-13 15:12:00,10.99,Stevens LLC,Amex,Tablet,0,Tamaulipas,Restaurante,0,28
885,2025-01-14 10:49:00,160.9,Lee-Hall,MasterCard,Mobile,0,Sonora,Electrónica,0,38
886,2025-02-02 05:14:00,19.67,Chapman and Sons,MasterCard,Mobile,0,Chihuahua,Supermercado,0,32
887,2025-01-27 10:09:00,105.77,"White, Smith and Robles",MasterCard,Desktop,0,Michoacán,Turismo,0,30
888,2025-02-01 15:05:00,27.2,"Hensley, Johnson and Lambert",Amex,Mobile,0,Sonora,Restaurante,0,11
889,2025-01-25 08:09:00,10.47,Thompson-Grant,Amex,Tablet,0,Veracruz,Electrónica,0,48
890,2025-01-14 10:18:00,27.86,"Kim, Pierce and Grant",Visa,Mobile,0,CDMX,Supermercado,0,7
891,2025-01-09 06:06:00,128.11,Martinez-Preston,Discover,Tablet,0,EdoMex,Entretenimiento,0,48
892,2025-01-10 13:33:00,193.58,"Cook, Newton and Cooper",Visa,Tablet,0,Chihuahua,Electrónica,0,38
893,2025-01-15 00:26:00,177.33,Patterson and Sons,Discover,Desktop,0,Veracruz,Entretenimiento,0,7
894,2025-01-25 17:42:00,50.61,Morris-Larson,Visa,Desktop,0,CDMX,Entretenimiento,0,2
895,2025-01-24 07:10:00,110.29,"Mann, Clark and Hinton",Amex,Desktop,0,Nuevo León,Supermercado,0,18
896,2025-01-24 17:56:00,22.94,"Mcmillan, Phillips and Hopkins",Visa,Desktop,0,Sonora,Restaurante,0,29
897,2025-01-17 05:20:00,34.69,Roberts-Mason,Discover,Mobile,0,Tamaulipas,Servicios,0,4
898,2025-01-26 05:28:00,226.66,Bridges Group,MasterCard,Desktop,0,Baja California,Retail,0,46
899,2025-01-25 06:59:00,1.31,"Doyle, Cooley and Morgan",Discover,Mobile,0,Sonora,Servicios,0,21
900,2025-01-25 16:12:00,8.94,Garcia-Thompson,MasterCard,Desktop,0,Chihuahua,Supermercado,0,13
901,2025-02-02 03:08:00,23.31,Wilson-Swanson,Amex,Desktop,0,Guanajuato,Entretenimiento,0,5
902,2025-01-20 19:56:00,2.69,"Garza, Smith and Cooper",Discover,Tablet,0,Jalisco,Servicios,0,19
903,2025-01-27 04:43:00,20.02,Page-Grant,Visa,Mobile,0,Nuevo León,Electrónica,0,10
904,2025-01-25 22:32:00,87.48,"Gallagher, Moreno and Williams",Discover,Tablet,0,Tamaulipas,Restaurante,0,11
905,2025-01-18 15:47:00,54.72,Pierce Ltd,MasterCard,Desktop,0,Puebla,Restaurante,0,19
906,2025-01-17 02:40:00,223.19,Moody Ltd,Amex,Mobile,0,Baja California,Servicios,0,32
907,2025-01-13 11:26:00,170.07,"Taylor, Manning and Chavez",Visa,Desktop,0,Michoacán,Entretenimiento,0,30
908,2025-01-20 13:07:00,41.83,"Hanson, White and Rodriguez",Discover,Tablet,0,Chihuahua,Servicios,0,44
909,2025-01-17 03:26:00,30.03,Mills Group,MasterCard,Mobile,0,Baja California,Servicios,0,21
910,2025-01-23 07:08:00,47.75,Gonzales-Brown,Visa,Tablet,0,Coahuila,Entretenimiento,0,24
911,2025-01-05 17:20:00,89.23,Leon PLC,Amex,Desktop,0,Jalisco,Electrónica,0,26
912,2025-01-27 06:41:00,31.21,Brown and Sons,Visa,Desktop,0,Jalisco,Turismo,0,1
913,2025-01-29 12:33:00,97.86,Jackson Group,Amex,Desktop,0,CDMX,Entretenimiento,0,16
914,2025-01-30 23:29:00,52.66,Ortiz-Cervantes,Visa,Mobile,0,Veracruz,Restaurante,0,20
915,2025-01-16 19:15:00,80.31,Harper-Montgomery,Discover,Tablet,0,Coahuila,Entretenimiento,0,24
916,2025-01-14 18:29:00,57.29,Watson-Rodriguez,MasterCard,Tablet,0,Coahuila,Electrónica,0,37
917,2025-02-01 04:36:00,34.88,Ward Inc,Discover,Desktop,0,Sonora,Servicios,0,18
918,2025-02-02 03:36:00,296.53,Lynch-White,Discover,Tablet,0,CDMX,Servicios,0,27
919,2025-02-03 08:40:00,144.23,"Francis, Moyer and Ellis",Amex,Mobile,0,Michoacán,Entretenimiento,0,23
920,2025-01-21 12:08:00,15.1,Ross Ltd,Amex,Desktop,0,EdoMex,Restaurante,0,14
921,2025-01-28 14:37:00,202.85,"Moore, Simmons and Silva",Amex,Desktop,0,Michoacán,Restaurante,0,32
922,2025-01-11 17:38:00,66.83,Munoz-Wang,Discover,Desktop,0,Tamaulipas,Restaurante,0,45
923,2025-01-23 14:36:00,224.95,"Callahan, Brown and Garcia",Visa,Mobile,0,Tamaulipas,Retail,0,9
924,2025-01-04 07:31:00,160.87,Beltran Group,Visa,Desktop,0,Tamaulipas,Restaurante,0,2
925,2025-01-27 08:57:00,55.38,Smith PLC,Discover,Desktop,0,Tamaulipas,Entretenimiento,0,29
926,2025-01-01 07:07:00,2.27,"Jackson, Burke and Reid",Discover,Desktop,0,Nuevo León,Retail,0,33
927,2025-01-01 20:22:00,31.29,"Schmidt, Jones and Johnson",MasterCard,Desktop,0,CDMX,Retail,0,42
928,2025-01-28 13:03:00,78.01,"Suarez, Hunter and Jennings",Amex,Tablet,0,Jalisco,Electrónica,0,44
929,2025-01-06 17:03:00,100.37,Moyer and Sons,Amex,Desktop,1,Sonora,Turismo,0,28
930,2025-01-08 00:26:00,29.83,"Perez, Thompson and Heath",Discover,Mobile,0,Nuevo León,Retail,0,27
931,2025-01-17 19:38:00,15.01,Graham-Holmes,Discover,Desktop,0,Baja California,Supermercado,0,19
932,2025-01-16 11:01:00,180.14,Thompson Group,Visa,Desktop,0,Sonora,Entretenimiento,0,8
933,2025-01-09 21:08:00,416.06,Campos Inc,Discover,Tablet,0,Veracruz,Supermercado,0,20
934,2025-01-31 06:34:00,74.59,Martinez PLC,Visa,Desktop,0,Chihuahua,Restaurante,0,3
935,2025-01-22 00:26:00,18.84,"Lopez, Nielsen and Brooks",Discover,Tablet,0,Puebla,Electrónica,0,22
936,2025-01-23 10:34:00,31.79,Kelly Ltd,MasterCard,Mobile,0,Jalisco,Supermercado,0,6
937,2025-01-04 18:00:00,1.86,"Clark, Ellis and Jacobs",MasterCard,Tablet,0,Guanajuato,Electrónica,0,24
938,2025-02-03 22:49:00,245.69,"Mcdonald, Richardson and Tran",Visa,Desktop,0,Veracruz,Turismo,0,38
939,2025-01-22 23:25:00,12.53,Wong-Rogers,Amex,Mobile,0,CDMX,Servicios,0,44
940,2025-01-14 02:56:00,85.92,Boyd PLC,MasterCard,Desktop,0,Sonora,Retail,0,39
941,2025-01-15 12:41:00,32.03,Grimes-Gonzales,Visa,Tablet,0,Sonora,Electrónica,0,46
942,2025-01-31 09:38:00,80.78,"Castillo, Gay and Petersen",Discover,Mobile,0,Michoacán,Turismo,0,9
943,2025-01-10 03:13:00,105.39,Anderson-Morgan,Discover,Mobile,0,Baja California,Turismo,0,23
944,2025-02-03 15:29:00,177.04,Mosley and Sons,Visa,Tablet,0,EdoMex,Electrónica,0,15
945,2025-01-29 07:12:00,23.12,"Bryant, Vincent and Avila",Amex,Tablet,0,Nuevo León,Electrónica,0,25
946,2025-01-02 04:59:00,1.11,Watkins and Sons,Visa,Mobile,0,Chihuahua,Restaurante,0,10
947,2025-01-12 07:20:00,14.72,Anderson-Mueller,Visa,Mobile,0,EdoMex,Retail,0,1
948,2025-01-17 02:28:00,230.28,Lewis-Ortiz,MasterCard,Tablet,0,CDMX,Supermercado,0,27
949,2025-01-08 08:56:00,207.06,"Clark, Perez and Mckinney",Visa,Desktop,0,Sonora,Supermercado,0,33
950,2025-02-01 15:00:00,90.98,"Johnson, Carr and Lopez",Visa,Mobile,0,Tamaulipas,Retail,0,36
951,2025-02-01 07:39:00,91.76,Miller-Hurst,Discover,Tablet,0,CDMX,Entretenimiento,0,19
952,2025-01-28 07:04:00,109.37,"Franco, Romero and Smith",MasterCard,Desktop,0,Nuevo León,Retail,0,26
953,2025-01-19 18:47:00,19.28,"Clark, Barnes and Boyd",Discover,Mobile,0,Jalisco,Supermercado,0,19
954,2025-01-17 03:07:00,245.82,Schneider Group,Discover,Mobile,0,Jalisco,Turismo,0,18
955,2025-02-03 17:07:00,54.26,"Chan, Spencer and Sanchez",Amex,Tablet,0,Baja California,Retail,0,28
956,2025-01-26 00:39:00,48.31,Wiley-Simpson,Amex,Desktop,0,Tamaulipas,Entretenimiento,0,39
957,2025-01-28 04:56:00,73.17,Velazquez PLC,MasterCard,Mobile,0,Coahuila,Supermercado,0,45
958,2025-01-02 20:21:00,4.81,Morales-Duncan,MasterCard,Desktop,0,EdoMex,Restaurante,0,3
959,2025-01-17 21:56:00,18.19,"Conner, Thompson and White",Amex,Desktop,0,Nuevo León,Restaurante,0,29
960,2025-01-24 15:33:00,133.95,Juarez Group,Amex,Mobile,0,Tamaulipas,Entretenimiento,0,7
961,2025-02-05 11:01:00,8.64,"Boyd, Smith and Morrison",Amex,Desktop,0,Puebla,Restaurante,0,40
962,2025-01-30 15:14:00,92.42,Walker-Li,Amex,Mobile,0,Veracruz,Turismo,0,14
963,2025-02-02 21:32:00,28.15,Morris and Sons,Amex,Desktop,1,Tamaulipas,Retail,0,14
964,2025-01-09 22:08:00,49.31,"Lawson, Aguirre and Steele",Discover,Mobile,0,Tamaulipas,Servicios,0,42
965,2025-01-07 13:32:00,34.07,"Grant, Curtis and Fleming",MasterCard,Tablet,0,CDMX,Turismo,0,35
966,2025-01-19 06:07:00,43.95,Smith Group,Discover,Mobile,0,Coahuila,Retail,0,39
967,2025-02-02 16:47:00,126.96,Browning-Martin,Discover,Mobile,0,EdoMex,Entretenimiento,0,29
968,2025-01-20 05:05:00,35.26,"Jones, Ward and Murray",Visa,Mobile,0,Coahuila,Supermercado,0,8
969,2025-01-13 11:22:00,83.56,Montgomery Ltd,Discover,Desktop,0,Puebla,Electrónica,0,36
970,2025-01-26 02:00:00,64.64,"Kelley, Allen and Gray",Amex,Tablet,0,Coahuila,Restaurante,0,12
971,2025-01-27 09:12:00,108.97,Li PLC,Amex,Desktop,0,Sonora,Retail,0,22
972,2025-01-21 11:54:00,276.19,Turner-Newton,Visa,Desktop,0,Sonora,Servicios,0,26
973,2025-01-19 14:18:00,131.89,"Edwards, Burch and Campos",Visa,Mobile,0,Sonora,Supermercado,0,40
974,2025-01-20 02:01:00,24.2,Baker PLC,Visa,Desktop,0,Jalisco,Supermercado,0,20
975,2025-01-01 22:07:00,3.17,Johnson and Sons,Visa,Mobile,0,Puebla,Servicios,0,32
976,2025-02-02 08:46:00,30.42,Burns-Scott,Visa,Tablet,0,Guanajuato,Electrónica,0,29
977,2025-01-02 10:08:00,90.41,Bailey and Sons,Discover,Desktop,0,Veracruz,Supermercado,0,7
978,2025-01-16 23:24:00,5.28,Peters-Jones,Visa,Desktop,0,Coahuila,Restaurante,0,32
979,2025-01-23 19:14:00,68.59,Russell LLC,Discover,Desktop,0,Baja California,Retail,0,10
980,2025-01-17 21:20:00,90.84,Walker PLC,MasterCard,Mobile,0,Guanajuato,Turismo,0,23
981,2025-01-19 17:59:00,40.68,"Fisher, Jacobs and Garcia",Visa,Mobile,0,Guanajuato,Retail,0,39
982,2025-01-07 20:00:00,147.36,"Avila, Medina and Wall",Visa,Desktop,0,Tamaulipas,Electrónica,0,48
983,2025-02-01 08:50:00,11.27,"Henry, Thomas and Wilson",Discover,Desktop,0,Baja California,Electrónica,0,1
984,2025-02-04 23:28:00,7.81,"Miranda, Vazquez and Vargas",MasterCard,Tablet,0,Michoacán,Turismo,0,27
985,2025-01-17 05:41:00,130.26,Morgan-Sims,Discover,Tablet,0,Puebla,Retail,0,36
986,2025-01-02 22:55:00,68.42,Perry and Sons,Discover,Tablet,0,Jalisco,Servicios,0,15
987,2025-01-22 17:26:00,116.6,Carter-Roberts,Visa,Tablet,0,Coahuila,Entretenimiento,0,21
988,2025-02-04 19:00:00,57.06,"Hodges, Wallace and Burke",Amex,Tablet,0,Coahuila,Supermercado,0,42
989,2025-01-20 16:14:00,28.29,Choi-Martinez,Amex,Mobile,0,Coahuila,Entretenimiento,0,15
990,2025-01-30 14:32:00,170.98,"Mccarthy, Davis and Solis",Discover,Tablet,0,Coahuila,Retail,0,35
991,2025-02-02 10:44:00,160.65,"Dixon, Jones and Caldwell",Visa,Tablet,0,Puebla,Entretenimiento,0,9
992,2025-01-14 11:25:00,118.64,"Smith, Carr and Watson",MasterCard,Desktop,0,Puebla,Retail,0,14
993,2025-02-05 02:46:00,31.77,"Farmer, Lutz and Shaw",Amex,Mobile,0,CDMX,Servicios,0,3
994,2025-01-11 20:56:00,89.22,"Bishop, Riddle and Moore",MasterCard,Tablet,0,Coahuila,Supermercado,0,36
995,2025-01-21 08:08:00,44.78,Tran Group,Amex,Tablet,1,Baja California,Supermercado,0,49
996,2025-02-01 02:57:00,9.61,Mayer-Roy,Visa,Tablet,0,Sonora,Entretenimiento,0,29
997,2025-01-23 12:56:00,249.27,"Johnson, Thompson and Kelly",Discover,Desktop,0,EdoMex,Supermercado,0,1
998,2025-01-20 17:31:00,14.71,"Noble, Austin and Gutierrez",MasterCard,Desktop,0,Guanajuato,Servicios,0,25
999,2025-01-11 03:05:00,300.05,Jones-Gray,MasterCard,Desktop,0,Coahuila,Retail,0,29
1000,2025-01-04 23:16:00,59.06,Allison-Peters,Discover,Tablet,0,Chihuahua,Electrónica,0,12
1001,2025-01-26 03:44:00,20.47,Zuniga Group,MasterCard,Desktop,0,Baja California,Retail,0,24
1002,2025-01-12 07:12:00,78.07,Giles LLC,Amex,Tablet,0,Chihuahua,Turismo,0,26
1003,2025-01-14 05:52:00,206.31,Porter PLC,Discover,Mobile,0,Baja California,Electrónica,0,21
1004,2025-01-17 06:14:00,131.76,Ray-Lara,Amex,Tablet,0,CDMX,Entretenimiento,0,36
1005,2025-01-17 21:50:00,164.28,"Carson, Mills and Boyer",Amex,Desktop,0,Sonora,Restaurante,0,1
1006,2025-01-18 07:26:00,107.52,Anderson-Davis,Visa,Mobile,0,Coahuila,Retail,0,42
1007,2025-01-15 19:20:00,117.86,Ferguson-Miller,Amex,Tablet,0,Michoacán,Entretenimiento,0,28
1008,2025-01-12 00:49:00,189.18,"Harrison, Herman and Hunt",Visa,Mobile,0,Michoacán,Electrónica,0,2
1009,2025-01-24 22:03:00,28.72,"Harris, Tanner and Schneider",MasterCard,Mobile,0,Veracruz,Servicios,0,42
1010,2025-01-30 22:37:00,67.22,"Alvarez, Murray and Koch",MasterCard,Mobile,0,Michoacán,Electrónica,0,40
1011,2025-01-21 09:11:00,25,"Barnett, Mueller and Wright",Visa,Tablet,0,Jalisco,Electrónica,0,45
1012,2025-01-05 22:46:00,439.56,"Maxwell, Smith and Lopez",Amex,Desktop,0,Michoacán,Retail,0,33
1013,2025-01-04 16:29:00,288.35,Russell-Faulkner,Discover,Tablet,0,Sonora,Supermercado,0,25
1014,2025-01-06 11:22:00,4.02,"Gordon, Garcia and Phillips",Discover,Desktop,0,Nuevo León,Servicios,0,37
1015,2025-01-29 12:54:00,122.27,Weaver LLC,Visa,Tablet,0,Guanajuato,Restaurante,0,27
1016,2025-01-11 08:41:00,259.36,Boone-Schultz,MasterCard,Tablet,0,Chihuahua,Retail,0,28
1017,2025-01-19 21:10:00,19.92,"Adams, Perez and Adams",MasterCard,Tablet,0,CDMX,Servicios,0,26
1018,2025-01-30 08:17:00,83.92,"Nichols, Johnson and Berg",Discover,Desktop,0,Jalisco,Retail,0,24
1019,2025-01-09 08:17:00,247.09,Lopez-Haley,Visa,Tablet,0,CDMX,Restaurante,0,6
1020,2025-01-15 10:45:00,3.45,Sanchez-Howell,Discover,Mobile,0,EdoMex,Servicios,0,45
1021,2025-01-26 09:21:00,119.54,"Smith, Frost and Duran",Amex,Tablet,0,CDMX,Retail,0,20
1022,2025-01-16 09:33:00,35.29,James Inc,Amex,Mobile,0,Veracruz,Restaurante,0,20
1023,2025-01-02 21:39:00,258.22,Johnson Group,Visa,Desktop,0,EdoMex,Servicios,0,6
1024,2025-01-26 01:26:00,354.25,Scott-Kent,Visa,Desktop,0,Chihuahua,Restaurante,0,28
1025,2025-01-02 16:04:00,288.72,Pope-Chapman,Amex,Tablet,0,Guanajuato,Servicios,0,27
1026,2025-01-23 11:41:00,64.29,Gregory Inc,MasterCard,Tablet,0,Chihuahua,Servicios,0,33
1027,2025-01-23 19:25:00,198.08,"Espinoza, Salazar and Day",Visa,Tablet,0,Chihuahua,Entretenimiento,0,20
1028,2025-01-14 01:28:00,186.14,"Beck, Watson and Davis",Amex,Mobile,0,Coahuila,Restaurante,0,29
1029,2025-01-25 01:56:00,38.43,"Donovan, Cooper and Taylor",Amex,Desktop,0,Sonora,Servicios,0,47
1030,2025-01-27 09:41:00,176.56,"Russell, Hardin and Gonzales",MasterCard,Mobile,0,Coahuila,Entretenimiento,0,27
1031,2025-01-23 09:23:00,3.77,"Wheeler, Rhodes and Wallace",MasterCard,Mobile,0,Sonora,Turismo,0,24
1032,2025-01-13 02:31:00,90.7,"Gomez, Jacobs and May",MasterCard,Tablet,0,Guanajuato,Entretenimiento,0,25
1033,2025-01-18 02:20:00,26.14,Wilson-Henson,MasterCard,Tablet,0,Baja California,Entretenimiento,0,16
1034,2025-01-11 07:43:00,12.85,Bell and Sons,Discover,Mobile,0,Sonora,Supermercado,0,38
1035,2025-01-23 08:20:00,8.01,"Mendez, Haynes and Bailey",MasterCard,Mobile,0,Nuevo León,Restaurante,0,42
1036,2025-01-28 05:41:00,119.17,Yang Inc,Discover,Tablet,1,Sonora,Servicios,0,36
1037,2025-01-08 04:19:00,41.53,Contreras LLC,Visa,Tablet,0,CDMX,Entretenimiento,0,48
1038,2025-01-29 05:19:00,129.01,Sandoval Ltd,Amex,Mobile,0,Coahuila,Restaurante,0,4
1039,2025-01-14 21:53:00,6.76,Vargas Ltd,Discover,Tablet,0,Sonora,Supermercado,0,13
1040,2025-01-28 01:05:00,37.88,"Holmes, Wolfe and Chambers",Visa,Tablet,0,Tamaulipas,Electrónica,0,30
1041,2025-01-30 05:43:00,77.54,Lambert-Harrison,Visa,Mobile,0,EdoMex,Turismo,0,45
1042,2025-02-03 17:16:00,156.41,"Mcgee, Hughes and Young",Discover,Mobile,0,Tamaulipas,Restaurante,0,50
1043,2025-01-01 20:36:00,38.38,"Johnson, Thompson and Mitchell",Visa,Desktop,0,Baja California,Servicios,0,24
1044,2025-01-22 15:32:00,98.32,Smith-Butler,Visa,Mobile,0,Puebla,Servicios,0,14
1045,2025-01-11 11:32:00,217.14,Bautista Ltd,Discover,Tablet,0,CDMX,Electrónica,0,6
1046,2025-02-03 02:52:00,95.68,"Lopez, Lewis and Bruce",Visa,Mobile,0,Veracruz,Retail,0,44
1047,2025-01-02 07:48:00,26.52,Walton-Butler,MasterCard,Mobile,0,EdoMex,Servicios,0,7
1048,2025-01-12 20:28:00,2.47,Vargas and Sons,MasterCard,Mobile,0,Veracruz,Servicios,0,8
1049,2025-01-19 17:51:00,204.1,Baldwin-Weiss,Amex,Desktop,0,Puebla,Electrónica,0,19
1050,2025-01-26 19:58:00,2.15,"Williams, Hansen and Ferrell",Visa,Desktop,0,Nuevo León,Restaurante,0,49
1051,2025-01-10 10:11:00,207.71,"Taylor, Johnson and Anderson",Amex,Tablet,0,Michoacán,Supermercado,0,33
1052,2025-01-13 22:10:00,75.28,Richardson PLC,MasterCard,Desktop,0,Coahuila,Servicios,0,50
1053,2025-01-09 20:55:00,279.8,Hernandez PLC,MasterCard,Mobile,0,Baja California,Supermercado,0,18
1054,2025-01-22 09:20:00,160.34,Russell-Ferguson,MasterCard,Desktop,0,Coahuila,Restaurante,0,32
1055,2025-01-04 07:11:00,618.22,"Wilson, Allen and Miller",Visa,Mobile,0,Baja California,Restaurante,0,5
1056,2025-01-08 15:08:00,43.19,Ingram LLC,Visa,Desktop,0,Sonora,Electrónica,0,10
1057,2025-01-10 01:34:00,145.75,"Odonnell, Meyer and Payne",MasterCard,Desktop,0,Guanajuato,Restaurante,0,41
1058,2025-01-30 21:16:00,51.4,"Johnston, Lozano and Blake",Amex,Desktop,0,EdoMex,Supermercado,0,3
1059,2025-01-20 02:28:00,65.37,Gordon Ltd,Amex,Mobile,0,Chihuahua,Entretenimiento,0,9
1060,2025-01-03 04:21:00,98.75,Terry Inc,Discover,Desktop,0,Nuevo León,Entretenimiento,0,44
1061,2025-01-09 23:12:00,206.89,Kirk Inc,MasterCard,Mobile,0,Jalisco,Retail,0,16
1062,2025-01-27 11:03:00,414.04,Ray Ltd,Amex,Mobile,0,EdoMex,Electrónica,0,4
1063,2025-02-03 15:24:00,146.22,Cooper LLC,MasterCard,Tablet,0,Tamaulipas,Restaurante,0,1
1064,2025-02-02 10:32:00,54.09,Dawson LLC,Amex,Desktop,0,Sonora,Turismo,0,28
1065,2025-01-16 03:34:00,54.71,Medina PLC,Discover,Tablet,0,Michoacán,Entretenimiento,0,49
1066,2025-01-04 15:52:00,133.78,Guzman Inc,Discover,Tablet,0,Puebla,Supermercado,0,2
1067,2025-01-24 06:12:00,27.28,Sheppard Inc,MasterCard,Mobile,0,Guanajuato,Retail,0,5
1068,2025-01-29 00:18:00,11.71,"Harmon, Edwards and Kirby",Amex,Desktop,0,Chihuahua,Servicios,0,23
1069,2025-02-02 05:48:00,43.79,Bailey-Baker,Visa,Mobile,0,Sonora,Restaurante,0,14
1070,2025-01-23 12:27:00,33.86,Ramos and Sons,Discover,Mobile,0,Chihuahua,Electrónica,0,26
1071,2025-02-04 19:51:00,35.14,"Patterson, Vega and Owen",MasterCard,Desktop,0,Puebla,Turismo,0,50
1072,2025-01-28 23:04:00,26.61,Cook-Young,MasterCard,Mobile,0,Michoacán,Restaurante,0,15
1073,2025-01-07 02:32:00,4.3,"Rivera, Brown and Walker",Amex,Desktop,0,Coahuila,Retail,0,43
1074,2025-01-23 16:29:00,1.8,Guzman-Adams,MasterCard,Desktop,0,Guanajuato,Electrónica,0,8
1075,2025-01-19 10:12:00,440,Stewart-Harris,Discover,Mobile,0,Veracruz,Electrónica,0,23
1076,2025-01-28 06:42:00,55.82,Marshall-Carr,MasterCard,Mobile,0,Michoacán,Supermercado,0,35
1077,2025-01-11 08:40:00,48.5,Nichols-Williams,MasterCard,Tablet,0,Nuevo León,Entretenimiento,0,31
1078,2025-01-07 15:53:00,113.83,Kirby-Obrien,Visa,Mobile,0,EdoMex,Retail,0,8
1079,2025-02-03 06:27:00,24.62,Peters Group,Visa,Desktop,0,CDMX,Restaurante,0,21
1080,2025-01-11 22:52:00,299.5,Bartlett Inc,Discover,Tablet,0,Veracruz,Servicios,0,17
1081,2025-01-18 23:39:00,154.34,Brown Inc,Amex,Desktop,0,Veracruz,Electrónica,0,26
1082,2025-01-26 14:09:00,9.37,Cox Inc,Visa,Tablet,0,EdoMex,Restaurante,0,16
1083,2025-01-31 18:07:00,54.06,Myers-Phillips,Amex,Mobile,0,Baja California,Restaurante,0,26
1084,2025-02-05 01:29:00,211.29,Johnson-Tucker,Discover,Mobile,0,Baja California,Electrónica,0,4
1085,2025-01-01 01:13:00,289.56,Hunter-Roth,Visa,Mobile,0,CDMX,Servicios,0,6
1086,2025-01-30 21:37:00,63,"Hicks, Rosario and Sullivan",Amex,Desktop,0,Veracruz,Restaurante,0,34
1087,2025-01-23 21:40:00,95.04,"Jones, Rodriguez and Rodriguez",Visa,Tablet,0,Chihuahua,Restaurante,0,13
1088,2025-01-11 17:47:00,18.28,"Martin, Holder and Chung",Discover,Desktop,0,EdoMex,Retail,0,47
1089,2025-02-04 05:56:00,472.94,Simmons-Schmitt,Discover,Tablet,0,Guanajuato,Servicios,0,43
1090,2025-01-17 09:16:00,26.35,Summers Group,Visa,Mobile,0,Puebla,Entretenimiento,0,43
1091,2025-01-04 08:52:00,286,Moran LLC,Amex,Desktop,0,CDMX,Electrónica,0,50
1092,2025-02-01 11:59:00,104.88,Robles-Smith,MasterCard,Mobile,0,Chihuahua,Retail,0,36
1093,2025-01-14 10:06:00,93.58,"Andrews, Perez and Smith",MasterCard,Desktop,0,Jalisco,Supermercado,0,50
1094,2025-01-08 00:32:00,71.89,Mclean LLC,Visa,Mobile,0,Chihuahua,Entretenimiento,0,39
1095,2025-01-09 16:31:00,26.22,Shelton LLC,Amex,Desktop,0,Tamaulipas,Servicios,0,26
1096,2025-01-02 23:58:00,19.42,"Martinez, Hines and Best",MasterCard,Desktop,0,CDMX,Turismo,0,21
1097,2025-01-05 12:26:00,24.91,Davis LLC,Discover,Tablet,0,Guanajuato,Servicios,0,27
1098,2025-01-10 20:44:00,20.63,Johnson Ltd,Amex,Mobile,0,Guanajuato,Retail,0,21
1099,2025-01-27 05:08:00,151.22,"White, Mcfarland and Collins",MasterCard,Tablet,0,CDMX,Entretenimiento,0,40
1100,2025-01-27 23:17:00,43.1,French-Robbins,Amex,Tablet,0,EdoMex,Entretenimiento,0,49
1101,2025-01-01 18:40:00,5.96,Meadows-Riley,Visa,Mobile,0,Chihuahua,Retail,0,16
1102,2025-01-30 04:32:00,347.71,Singleton-Long,Amex,Desktop,0,Nuevo León,Entretenimiento,0,15
1103,2025-01-09 04:04:00,215.23,"Lowe, Cox and Rodriguez",MasterCard,Tablet,0,Baja California,Supermercado,0,2
1104,2025-01-15 03:16:00,262.77,Reed-Fischer,Visa,Mobile,0,Tamaulipas,Entretenimiento,0,1
1105,2025-01-22 08:21:00,528,Duffy-Rice,Amex,Desktop,0,Baja California,Retail,0,46
1106,2025-01-19 14:57:00,19.1,Sherman PLC,Discover,Tablet,0,EdoMex,Turismo,0,49
1107,2025-01-17 23:54:00,50.46,Roman-Clark,MasterCard,Tablet,0,EdoMex,Servicios,0,18
1108,2025-01-18 20:46:00,141.98,Reyes-Solis,Visa,Tablet,0,Baja California,Servicios,0,35
1109,2025-01-08 22:48:00,119.08,Lester Ltd,Amex,Desktop,0,Chihuahua,Restaurante,0,17
1110,2025-02-03 12:12:00,16.71,Rodriguez Ltd,Discover,Tablet,0,Sonora,Servicios,0,1
1111,2025-01-16 20:47:00,169.19,"Hunt, Vega and Smith",MasterCard,Desktop,0,Jalisco,Retail,0,34
1112,2025-01-08 09:45:00,25.42,Rodriguez-Miller,Discover,Tablet,0,Nuevo León,Servicios,0,30
1113,2025-01-15 18:57:00,25.34,"Richards, Schroeder and Farmer",Amex,Mobile,0,Michoacán,Retail,0,27
1114,2025-01-27 02:22:00,77,Montgomery and Sons,Amex,Tablet,0,Baja California,Turismo,0,6
1115,2025-01-10 10:01:00,89.88,Mckee Inc,Visa,Mobile,0,Chihuahua,Turismo,0,29
1116,2025-01-04 03:16:00,86.77,Black and Sons,Discover,Mobile,0,Sonora,Servicios,0,1
1117,2025-01-07 00:28:00,9.59,"Curtis, Kennedy and Lara",Visa,Mobile,0,EdoMex,Retail,0,27
1118,2025-01-07 04:39:00,209.93,Perkins-Grimes,MasterCard,Desktop,0,Tamaulipas,Restaurante,0,15
1119,2025-02-01 11:46:00,30.87,Martinez Group,Visa,Mobile,0,Coahuila,Servicios,0,28
1120,2025-01-22 13:20:00,13.87,Robinson-Webb,MasterCard,Tablet,0,Puebla,Entretenimiento,0,9
1121,2025-01-08 17:05:00,219.6,Bean-Rojas,Amex,Desktop,0,Guanajuato,Restaurante,0,42
1122,2025-01-27 18:24:00,311.57,Young and Sons,Amex,Mobile,0,Tamaulipas,Turismo,0,39
1123,2025-01-16 16:08:00,198.14,"Graham, Davis and Jones",Discover,Desktop,0,Coahuila,Retail,0,39
1124,2025-01-25 22:34:00,165.82,"Cortez, Boyd and Ryan",MasterCard,Desktop,0,Tamaulipas,Servicios,0,46
1125,2025-01-02 05:09:00,106.49,Jackson and Sons,Amex,Desktop,0,CDMX,Restaurante,0,28
1126,2025-02-04 01:44:00,80.04,"Williams, Washington and Pierce",Discover,Tablet,0,CDMX,Electrónica,0,19
1127,2025-01-17 22:41:00,9.1,Hudson-Jackson,Discover,Mobile,1,CDMX,Supermercado,0,6
1128,2025-02-05 03:08:00,52.5,"Richardson, Molina and Hogan",Visa,Desktop,0,Veracruz,Restaurante,0,31
1129,2025-01-29 14:23:00,46.63,Martin-Martinez,Discover,Desktop,0,Veracruz,Servicios,0,10
1130,2025-01-25 21:49:00,30.08,"Hernandez, Bailey and Price",Amex,Desktop,0,EdoMex,Retail,0,9
1131,2025-01-09 18:42:00,128.53,"Durham, Murray and Anderson",Visa,Mobile,0,Guanajuato,Retail,0,48
1132,2025-01-10 01:44:00,68.49,"Wilcox, Gutierrez and Hughes",MasterCard,Desktop,0,Nuevo León,Supermercado,0,39
1133,2025-01-08 10:03:00,8.45,Anderson-Moore,MasterCard,Desktop,0,Baja California,Retail,0,26
1134,2025-01-03 13:00:00,24.87,"Chase, Bradshaw and Smith",Amex,Tablet,0,Sonora,Electrónica,0,28
1135,2025-02-01 01:42:00,114.97,Wilkins PLC,Amex,Mobile,0,Chihuahua,Supermercado,0,3
1136,2025-01-19 22:34:00,7.92,Lee-Cruz,Visa,Tablet,0,Puebla,Supermercado,0,8
1137,2025-01-01 20:09:00,190.52,Soto PLC,Visa,Mobile,0,Guanajuato,Servicios,0,43
1138,2025-01-21 17:00:00,68.35,Stewart PLC,Amex,Mobile,0,Michoacán,Retail,0,24
1139,2025-01-15 07:21:00,65.51,"Miller, Harper and Torres",Amex,Mobile,0,Coahuila,Turismo,0,25
1140,2025-01-06 14:23:00,89.75,Mccarty PLC,MasterCard,Tablet,0,EdoMex,Entretenimiento,0,24
1141,2025-01-11 01:22:00,174.11,Delgado-Mckenzie,MasterCard,Tablet,0,Chihuahua,Servicios,0,24
1142,2025-01-10 09:55:00,42.74,"Marquez, Molina and Smith",MasterCard,Tablet,0,Puebla,Restaurante,0,15
1143,2025-02-01 05:43:00,113.33,Hernandez-Wells,Amex,Tablet,0,Nuevo León,Entretenimiento,0,40
1144,2025-01-30 06:05:00,83.41,"Aguilar, Wright and Roth",Discover,Desktop,0,Chihuahua,Retail,0,3
1145,2025-01-22 23:32:00,31.06,Taylor-Farrell,Amex,Desktop,0,Veracruz,Electrónica,0,14
1146,2025-01-23 22:12:00,210.89,Martinez LLC,Amex,Desktop,0,Guanajuato,Electrónica,0,14
1147,2025-01-22 21:06:00,159.67,"Woodard, Taylor and Farrell",MasterCard,Mobile,0,CDMX,Retail,0,31
1148,2025-01-11 04:21:00,107.43,"Craig, Diaz and Moreno",Amex,Desktop,0,Sonora,Entretenimiento,0,12
1149,2025-01-29 23:47:00,190.1,"Dennis, Donaldson and Carlson",Visa,Mobile,0,EdoMex,Restaurante,0,24
1150,2025-01-13 02:20:00,201.96,Oneill and Sons,Amex,Tablet,0,Guanajuato,Restaurante,0,47
1151,2025-01-17 03:36:00,123.22,Tran Inc,Amex,Mobile,0,Coahuila,Turismo,0,22
1152,2025-01-24 10:56:00,181.41,Grant-Patton,Amex,Mobile,0,Guanajuato,Entretenimiento,0,31
1153,2025-01-15 23:12:00,119.56,Johnson LLC,Amex,Desktop,0,Sonora,Servicios,0,17
1154,2025-02-01 14:01:00,113.99,Bell-Munoz,Discover,Tablet,0,EdoMex,Supermercado,0,38
1155,2025-01-27 10:42:00,96.39,"Davis, Gonzales and Hill",Amex,Tablet,0,Baja California,Entretenimiento,0,24
1156,2025-01-14 18:51:00,139.72,Hale-Haas,Visa,Desktop,0,Veracruz,Entretenimiento,0,1
1157,2025-01-22 00:19:00,17.27,Foster Ltd,Visa,Tablet,0,Michoacán,Servicios,0,36
1158,2025-02-01 05:27:00,212.75,Campos Group,Amex,Tablet,0,Guanajuato,Electrónica,0,18
1159,2025-01-27 14:57:00,205.45,"Hurley, Sullivan and Huffman",MasterCard,Tablet,0,Puebla,Servicios,0,3
1160,2025-01-22 03:43:00,2.97,Turner Group,Discover,Desktop,0,Nuevo León,Retail,0,29
1161,2025-01-27 02:07:00,174.76,"Munoz, Phillips and Huerta",Amex,Tablet,0,Veracruz,Retail,0,4
1162,2025-01-08 06:07:00,13.8,Marquez PLC,Amex,Mobile,0,Puebla,Entretenimiento,0,21
1163,2025-01-07 15:11:00,40.81,Wade PLC,Amex,Mobile,0,CDMX,Retail,0,33
1164,2025-01-06 10:05:00,136.07,Mills-Bowman,MasterCard,Tablet,0,CDMX,Electrónica,0,27
1165,2025-01-06 08:16:00,17.53,Brown and Sons,MasterCard,Desktop,0,EdoMex,Electrónica,0,29
1166,2025-01-04 19:19:00,170.36,"Edwards, Stevens and Reid",MasterCard,Desktop,0,Coahuila,Servicios,0,8
1167,2025-01-01 18:17:00,178.46,"Oliver, Parker and Woods",Discover,Desktop,0,Veracruz,Entretenimiento,0,25
1168,2025-01-10 01:12:00,70.82,Brooks-Castro,Visa,Tablet,0,Michoacán,Electrónica,0,28
1169,2025-02-01 14:32:00,0.64,Jones-Park,Discover,Tablet,0,Coahuila,Supermercado,0,21
1170,2025-01-29 11:46:00,33.83,Smith-Allen,MasterCard,Mobile,0,Chihuahua,Supermercado,0,38
1171,2025-01-17 05:30:00,95.95,Young-Hensley,Visa,Desktop,0,CDMX,Turismo,0,44
1172,2025-02-05 19:51:00,397.32,"Smith, Rodriguez and Perez",Visa,Mobile,0,CDMX,Restaurante,0,44
1173,2025-01-20 16:29:00,99.92,Keith-Castro,MasterCard,Mobile,0,CDMX,Retail,0,1
1174,2025-01-18 07:15:00,30.08,Reynolds and Sons,MasterCard,Desktop,0,Coahuila,Turismo,0,14
1175,2025-02-05 08:05:00,100.51,"Li, Hawkins and Mathews",Discover,Tablet,0,Sonora,Turismo,0,16
1176,2025-01-04 05:11:00,77.65,Jenkins-Johnson,MasterCard,Tablet,0,Guanajuato,Turismo,0,21
1177,2025-01-12 06:01:00,151.34,"Chambers, Shannon and Arnold",Visa,Mobile,1,Baja California,Electrónica,0,22
1178,2025-01-30 01:50:00,11.31,Boyd-Miller,Amex,Mobile,0,Michoacán,Entretenimiento,0,50
1179,2025-01-02 19:10:00,143.14,"Sanchez, Cruz and Thompson",MasterCard,Mobile,0,Nuevo León,Restaurante,0,28
1180,2025-02-03 18:49:00,77.93,"Taylor, Wright and Ortiz",MasterCard,Mobile,0,Veracruz,Servicios,0,9
1181,2025-01-29 05:44:00,329.66,"Clark, Chen and Caldwell",Discover,Desktop,0,Coahuila,Electrónica,0,17
1182,2025-01-26 03:49:00,41.84,Pacheco PLC,Discover,Mobile,0,Michoacán,Supermercado,0,46
1183,2025-01-12 21:35:00,100.14,Hebert-Arnold,MasterCard,Mobile,0,Baja California,Entretenimiento,0,40
1184,2025-01-21 03:18:00,268.87,"Castro, Douglas and Lopez",Visa,Tablet,0,Coahuila,Restaurante,0,9
1185,2025-01-15 20:17:00,10.82,"Tucker, Rogers and Mcdaniel",Visa,Tablet,0,Puebla,Turismo,0,21
1186,2025-01-13 03:41:00,276.83,Daniels-Huff,Amex,Tablet,0,Chihuahua,Entretenimiento,0,50
1187,2025-01-02 09:16:00,116.44,Hamilton Inc,MasterCard,Desktop,0,CDMX,Restaurante,0,9
1188,2025-01-03 01:15:00,7.02,Beard-Potter,Discover,Desktop,0,Coahuila,Entretenimiento,0,29
1189,2025-01-26 01:18:00,35.81,Sanchez Group,Visa,Tablet,0,Coahuila,Retail,0,46
1190,2025-01-20 02:48:00,123.16,"Hall, Chan and Thomas",Amex,Tablet,0,Baja California,Electrónica,0,44
1191,2025-01-03 08:29:00,6.97,Fuller Group,MasterCard,Mobile,0,CDMX,Servicios,0,12
1192,2025-02-04 23:17:00,87.27,"Buchanan, Ball and Lee",Visa,Mobile,0,Baja California,Turismo,0,4
1193,2025-01-27 06:15:00,42.45,Sanford Group,MasterCard,Desktop,0,Tamaulipas,Servicios,0,32
1194,2025-01-16 16:38:00,97,"Stafford, English and Dorsey",MasterCard,Desktop,0,EdoMex,Entretenimiento,0,34
1195,2025-02-02 20:26:00,4.68,"Willis, Sutton and Green",Visa,Mobile,0,CDMX,Servicios,0,44
1196,2025-01-10 13:38:00,205.21,"Prince, Carter and Stephens",Visa,Tablet,0,Coahuila,Turismo,0,3
1197,2025-01-01 21:09:00,363.02,Miller Inc,Visa,Mobile,0,Baja California,Entretenimiento,0,42
1198,2025-01-13 02:27:00,346.98,Singleton-Garcia,MasterCard,Desktop,0,Chihuahua,Entretenimiento,0,44
1199,2025-01-16 19:30:00,138.49,Montes Ltd,MasterCard,Desktop,0,Tamaulipas,Restaurante,0,20
1200,2025-01-04 20:33:00,13.94,Collins and Sons,Amex,Mobile,0,Baja California,Supermercado,0,25
1201,2025-01-24 10:45:00,141.99,George-Curtis,Discover,Mobile,0,EdoMex,Entretenimiento,0,25
1202,2025-01-30 17:30:00,2.49,Oliver-Frost,MasterCard,Mobile,0,EdoMex,Retail,0,32
1203,2025-02-03 07:05:00,2.24,Yu-Frye,Discover,Desktop,0,Baja California,Turismo,0,32
1204,2025-01-13 16:03:00,39.1,Martinez and Sons,Visa,Tablet,0,Baja California,Turismo,0,43
1205,2025-01-19 02:19:00,67.07,Black and Sons,MasterCard,Mobile,0,Tamaulipas,Restaurante,0,30
1206,2025-01-12 09:57:00,147.14,"Mcbride, Stout and Page",Amex,Desktop,0,Sonora,Supermercado,0,9
1207,2025-01-14 08:17:00,114.98,Bartlett Group,Amex,Desktop,0,Puebla,Restaurante,0,18
1208,2025-01-06 00:56:00,59.04,Wright-Morales,Discover,Desktop,0,Coahuila,Supermercado,0,5
1209,2025-01-15 21:20:00,31.97,"Long, Thomas and Sanchez",Visa,Mobile,0,Michoacán,Retail,0,6
1210,2025-01-19 00:15:00,585.15,Solis Group,Discover,Mobile,0,Tamaulipas,Electrónica,0,21
1211,2025-01-08 17:42:00,55.54,Scott-Parker,Visa,Tablet,0,Puebla,Supermercado,0,47
1212,2025-02-02 03:56:00,60.04,Willis Ltd,Amex,Desktop,0,Michoacán,Servicios,0,31
1213,2025-01-31 21:41:00,17.87,"French, Lane and Campbell",Discover,Mobile,0,EdoMex,Turismo,0,37
1214,2025-01-16 20:01:00,158.38,Bell-Lopez,Amex,Desktop,0,Sonora,Supermercado,0,8
1215,2025-01-14 21:45:00,118.31,Barton-Mccormick,Amex,Desktop,0,Jalisco,Retail,0,12
1216,2025-01-01 19:46:00,24.94,"Dominguez, Rodriguez and Scott",Visa,Tablet,0,Guanajuato,Retail,0,44
1217,2025-01-11 03:48:00,8.6,Mitchell-Wolfe,Discover,Mobile,0,Chihuahua,Servicios,0,39
1218,2025-01-23 12:21:00,114.1,"Newman, Johnson and Thornton",Discover,Mobile,0,Chihuahua,Supermercado,0,14
1219,2025-01-22 10:46:00,106.28,"Haynes, Cummings and Turner",Amex,Desktop,0,Jalisco,Retail,0,42
1220,2025-01-14 01:49:00,31.92,Benton Ltd,Amex,Desktop,0,CDMX,Restaurante,0,27
1221,2025-01-25 14:38:00,301.32,Savage-Davis,Visa,Tablet,0,Chihuahua,Servicios,0,47
1222,2025-01-21 19:59:00,16.38,"Perez, Smith and Knight",MasterCard,Tablet,0,EdoMex,Servicios,0,10
1223,2025-01-25 16:42:00,56.62,"Leblanc, Gates and Coffey",MasterCard,Tablet,0,Nuevo León,Turismo,0,30
1224,2025-01-05 11:29:00,287.56,Keller-Robles,Amex,Tablet,0,CDMX,Electrónica,0,11
1225,2025-01-19 17:57:00,54.43,Dorsey and Sons,MasterCard,Tablet,0,EdoMex,Restaurante,0,34
1226,2025-01-04 02:38:00,101.76,"Miller, Bailey and Ray",MasterCard,Tablet,0,Chihuahua,Servicios,0,30
1227,2025-01-10 01:15:00,50.68,"Shepherd, Smith and Griffin",MasterCard,Desktop,0,Jalisco,Electrónica,0,14
1228,2025-01-06 01:40:00,32.05,Jones-Vega,MasterCard,Tablet,0,Coahuila,Turismo,0,28
1229,2025-01-17 07:23:00,413.38,"Tucker, Lara and Hall",Amex,Desktop,0,Chihuahua,Supermercado,0,24
1230,2025-01-15 16:43:00,52.65,Davis Inc,MasterCard,Desktop,0,Nuevo León,Restaurante,0,13
1231,2025-01-12 16:39:00,224.53,"Sanchez, Blake and Ortiz",MasterCard,Mobile,0,Veracruz,Electrónica,0,49
1232,2025-01-22 12:47:00,26.13,Hall-Juarez,Visa,Desktop,0,Nuevo León,Supermercado,0,50
1233,2025-01-24 02:08:00,23.97,Lopez-Austin,Amex,Desktop,0,EdoMex,Servicios,0,26
1234,2025-01-15 04:53:00,3.16,Sanchez Group,Discover,Tablet,0,Puebla,Entretenimiento,0,42
1235,2025-01-10 18:51:00,105.46,Silva Group,Discover,Desktop,0,Veracruz,Restaurante,0,2
1236,2025-01-24 11:29:00,45.97,Odom-Barnett,Visa,Tablet,0,Michoacán,Servicios,0,28
1237,2025-01-21 22:33:00,199.77,"White, Bender and Walters",Visa,Tablet,0,Chihuahua,Entretenimiento,0,42
1238,2025-01-22 01:17:00,64.1,Garcia Ltd,Amex,Tablet,0,Tamaulipas,Electrónica,0,37
1239,2025-02-03 05:21:00,344.81,Reilly-James,Discover,Mobile,0,Coahuila,Servicios,0,17
1240,2025-01-20 07:48:00,20.52,Ware-Saunders,MasterCard,Tablet,0,Veracruz,Retail,0,33
1241,2025-01-23 10:00:00,202.97,"Hall, Lynch and Morris",Visa,Desktop,0,Nuevo León,Entretenimiento,0,19
1242,2025-01-03 08:48:00,149.88,Pollard-Young,Discover,Tablet,0,Tamaulipas,Restaurante,0,48
1243,2025-01-19 13:39:00,147.37,Proctor and Sons,Amex,Tablet,0,Sonora,Retail,0,3
1244,2025-01-08 19:30:00,186.29,Powell Inc,MasterCard,Tablet,0,EdoMex,Servicios,0,9
1245,2025-01-13 14:26:00,143.14,"Miller, Martin and Hahn",Amex,Mobile,0,Michoacán,Servicios,0,13
1246,2025-01-16 22:59:00,98.41,Herrera-Bird,Visa,Desktop,0,Coahuila,Supermercado,0,41
1247,2025-01-11 12:43:00,14.07,Swanson-Mills,Discover,Mobile,0,Sonora,Electrónica,0,2
1248,2025-01-03 12:53:00,3.31,"Miller, Stevens and Jackson",Discover,Desktop,0,EdoMex,Supermercado,0,50
1249,2025-01-20 08:28:00,253.64,Coffey PLC,Discover,Mobile,0,Puebla,Servicios,0,42
1250,2025-01-22 07:58:00,95.88,Lewis-Prince,Discover,Desktop,0,Nuevo León,Retail,0,35
1251,2025-02-05 00:23:00,159.23,Jackson Ltd,MasterCard,Mobile,0,Jalisco,Servicios,0,28
1252,2025-01-05 16:41:00,65.69,Oconnor-Williams,MasterCard,Tablet,0,Guanajuato,Retail,0,21
1253,2025-01-28 04:21:00,12.48,Murray-Lee,Amex,Mobile,0,Puebla,Entretenimiento,0,47
1254,2025-01-03 05:21:00,13.37,Higgins PLC,MasterCard,Mobile,0,Tamaulipas,Supermercado,0,21
1255,2025-01-18 08:22:00,115.7,"Rich, Garcia and Evans",Visa,Tablet,0,CDMX,Restaurante,0,6
1256,2025-01-16 05:01:00,56.27,"Shelton, Marsh and Gordon",Visa,Tablet,0,Baja California,Entretenimiento,0,6
1257,2025-01-13 18:30:00,22.38,Martin-Johnson,Discover,Desktop,0,Baja California,Electrónica,0,33
1258,2025-01-24 18:17:00,67.65,Wright Inc,Visa,Desktop,0,Chihuahua,Retail,0,35
1259,2025-01-10 04:32:00,6.64,Costa and Sons,Amex,Desktop,0,Nuevo León,Supermercado,0,9
1260,2025-01-26 09:59:00,87.22,Bell and Sons,MasterCard,Mobile,0,Nuevo León,Electrónica,0,37
1261,2025-01-06 09:42:00,31.33,"Johnson, Ramirez and Moore",MasterCard,Desktop,0,Jalisco,Entretenimiento,0,17
1262,2025-01-25 14:05:00,159.73,Jones Group,MasterCard,Mobile,0,Veracruz,Supermercado,0,34
1263,2025-01-11 18:41:00,37.16,Hudson Group,Visa,Mobile,0,Baja California,Electrónica,0,32
1264,2025-01-24 05:15:00,60.74,Black-Russell,MasterCard,Desktop,0,Michoacán,Supermercado,0,11
1265,2025-02-01 22:54:00,1.17,"Castro, Fitzgerald and Johnson",Discover,Desktop,0,Tamaulipas,Supermercado,0,35
1266,2025-01-10 12:22:00,7.52,Bradshaw and Sons,Discover,Mobile,0,Veracruz,Retail,0,16
1267,2025-01-24 01:56:00,49.84,Miller Inc,Discover,Tablet,0,Nuevo León,Restaurante,0,5
1268,2025-01-19 01:10:00,65.38,"Escobar, Young and Cortez",Visa,Tablet,0,Guanajuato,Turismo,0,1
1269,2025-02-01 22:26:00,91.63,"Pena, Hunt and Archer",MasterCard,Mobile,0,Tamaulipas,Electrónica,0,40
1270,2025-01-28 00:59:00,34.48,"Horne, Duncan and Gonzalez",Visa,Desktop,0,Nuevo León,Entretenimiento,0,39
1271,2025-01-25 03:29:00,118.74,Sanchez LLC,MasterCard,Mobile,0,Guanajuato,Servicios,0,32
1272,2025-02-01 02:25:00,196.7,Middleton Group,Amex,Mobile,0,Coahuila,Servicios,0,4
1273,2025-01-07 07:15:00,151.35,Reyes LLC,Amex,Desktop,0,Coahuila,Retail,0,6
1274,2025-01-01 10:44:00,4.04,Hood-Jenkins,Visa,Tablet,0,Puebla,Entretenimiento,0,45
1275,2025-02-02 13:54:00,65.49,"Brady, Fischer and Arnold",Discover,Mobile,0,Nuevo León,Servicios,0,33
1276,2025-01-08 00:37:00,11.09,Abbott-Buckley,Visa,Tablet,0,Baja California,Electrónica,0,15
1277,2025-01-21 11:26:00,27.71,Ray Inc,Discover,Tablet,0,Baja California,Supermercado,0,12
1278,2025-01-03 19:54:00,431.72,Terrell LLC,MasterCard,Desktop,0,Veracruz,Restaurante,0,49
1279,2025-01-31 02:20:00,15.37,Pittman-Hammond,Discover,Mobile,0,EdoMex,Servicios,0,27
1280,2025-01-03 00:45:00,69.09,"Bush, Hayes and Williams",Discover,Mobile,0,Guanajuato,Entretenimiento,0,11
1281,2025-01-28 06:27:00,96.27,Sullivan-Rice,MasterCard,Tablet,0,CDMX,Retail,0,13
1282,2025-01-03 13:05:00,121.22,White-Reid,Amex,Tablet,0,Sonora,Restaurante,0,32
1283,2025-02-03 05:50:00,82.02,"Munoz, Hall and Miller",MasterCard,Desktop,0,Michoacán,Retail,0,42
1284,2025-01-26 18:41:00,0.98,Sandoval Group,Visa,Tablet,0,Chihuahua,Turismo,0,14
1285,2025-02-02 20:35:00,39.52,Garcia-Reed,Visa,Desktop,0,Puebla,Supermercado,0,27
1286,2025-01-25 15:51:00,72.92,"Deleon, Zavala and Carter",Visa,Mobile,0,Chihuahua,Retail,0,3
1287,2025-01-07 03:55:00,9.2,"Garcia, Mcclain and Howe",Visa,Desktop,0,Tamaulipas,Turismo,0,15
1288,2025-01-23 13:52:00,43.17,Fitzpatrick-Simpson,Visa,Tablet,0,Veracruz,Retail,0,42
1289,2025-01-22 02:14:00,3.38,"Perez, Woods and Keller",Amex,Mobile,0,Tamaulipas,Electrónica,0,15
1290,2025-01-23 03:54:00,8.18,"Sanchez, Calderon and Richardson",Amex,Desktop,0,Veracruz,Turismo,0,15
1291,2025-01-17 06:33:00,50.57,"Bates, Wang and Stevens",Discover,Mobile,0,EdoMex,Restaurante,0,44
1292,2025-01-09 12:35:00,14.24,"Sampson, Johnston and Mendoza",Visa,Desktop,0,Jalisco,Electrónica,0,29
1293,2025-01-22 06:40:00,83.83,Cook-Butler,MasterCard,Tablet,0,Guanajuato,Retail,0,48
1294,2025-01-19 06:15:00,116.95,Williams-Davis,Visa,Tablet,0,Coahuila,Retail,0,49
1295,2025-01-20 04:33:00,161.24,"Gomez, Rodriguez and Edwards",Amex,Mobile,0,Michoacán,Supermercado,0,22
1296,2025-01-24 02:00:00,22.33,Todd Ltd,Visa,Mobile,0,EdoMex,Entretenimiento,0,48
1297,2025-01-27 02:45:00,18.33,Petersen-Decker,Amex,Mobile,0,Veracruz,Servicios,0,18
1298,2025-01-21 19:38:00,11.04,"Maxwell, Webster and Roberts",Discover,Desktop,0,Nuevo León,Restaurante,0,40
1299,2025-02-02 01:35:00,101.18,Stephens Ltd,Discover,Tablet,0,CDMX,Electrónica,0,45
1300,2025-01-15 14:31:00,122.58,"Jefferson, Bowers and Marquez",Discover,Mobile,0,Sonora,Servicios,0,32
1301,2025-01-10 08:26:00,3.21,"Gill, Small and Hunter",Amex,Mobile,0,EdoMex,Restaurante,0,28
1302,2025-01-11 12:30:00,275.22,Smith-Lowe,Visa,Mobile,0,Baja California,Electrónica,0,22
1303,2025-02-01 00:28:00,5.34,Mclaughlin-Martin,Visa,Desktop,0,Chihuahua,Retail,0,33
1304,2025-01-03 17:26:00,77.94,Davies-Munoz,MasterCard,Mobile,0,Veracruz,Turismo,0,14
1305,2025-01-14 22:28:00,123.46,Reynolds PLC,Amex,Mobile,0,Jalisco,Electrónica,0,49
1306,2025-01-16 15:59:00,204.77,Simmons PLC,MasterCard,Desktop,0,Nuevo León,Supermercado,0,14
1307,2025-01-16 03:19:00,125.21,Carpenter Ltd,Discover,Desktop,0,Tamaulipas,Restaurante,0,8
1308,2025-01-19 18:33:00,161.81,Villanueva LLC,Visa,Mobile,0,Veracruz,Supermercado,0,26
1309,2025-01-13 09:46:00,41.47,Vincent Ltd,Amex,Mobile,0,EdoMex,Turismo,0,46
1310,2025-01-21 06:00:00,168.65,Lee Inc,MasterCard,Desktop,0,Jalisco,Entretenimiento,0,28
1311,2025-01-04 02:25:00,8.35,Chapman Ltd,MasterCard,Tablet,0,Chihuahua,Restaurante,0,22
1312,2025-01-27 13:25:00,225.21,Brooks-Green,MasterCard,Desktop,0,Guanajuato,Supermercado,0,21
1313,2025-01-13 07:13:00,79.32,Browning LLC,Visa,Tablet,0,Baja California,Entretenimiento,0,5
1314,2025-01-24 13:00:00,169.99,"Phillips, Mcgee and Vazquez",Visa,Mobile,0,Nuevo León,Entretenimiento,0,33
1315,2025-01-04 06:49:00,60.21,Parker-Thompson,Visa,Mobile,0,Michoacán,Servicios,0,25
1316,2025-01-12 05:05:00,103.16,Martinez-Evans,Amex,Tablet,0,Puebla,Entretenimiento,0,40
1317,2025-01-22 16:51:00,74.74,"Ford, Stevens and Benitez",Visa,Desktop,0,Jalisco,Supermercado,0,9
1318,2025-01-20 07:33:00,131.52,Smith-Nielsen,Amex,Mobile,0,Jalisco,Restaurante,0,3
1319,2025-01-07 02:30:00,8.52,Miller-Silva,MasterCard,Tablet,0,Coahuila,Supermercado,0,44
1320,2025-02-01 09:17:00,6.23,Tucker Inc,MasterCard,Desktop,0,Tamaulipas,Supermercado,0,34
1321,2025-01-29 20:07:00,28.38,"Myers, Farmer and Ford",Discover,Tablet,0,Sonora,Electrónica,0,15
1322,2025-01-04 22:10:00,17.38,"Leonard, Johnson and Taylor",Visa,Desktop,0,Coahuila,Restaurante,0,20
1323,2025-02-03 01:36:00,205.4,"Rhodes, Ramirez and Brady",MasterCard,Desktop,0,Puebla,Entretenimiento,0,17
1324,2025-01-29 16:26:00,24.75,Garcia and Sons,Visa,Desktop,0,Jalisco,Supermercado,0,14
1325,2025-01-15 19:36:00,372.41,Martin Group,Amex,Desktop,0,Veracruz,Supermercado,0,36
1326,2025-01-25 01:10:00,41.08,Watkins PLC,MasterCard,Tablet,0,Baja California,Supermercado,0,32
1327,2025-01-19 15:05:00,20.1,"Graham, Sanchez and Cox",Visa,Tablet,0,EdoMex,Turismo,0,5
1328,2025-01-22 13:02:00,155.92,Morales-Doyle,MasterCard,Tablet,0,Guanajuato,Supermercado,0,40
1329,2025-01-01 01:08:00,107.5,Patel Ltd,MasterCard,Tablet,0,Nuevo León,Retail,0,6
1330,2025-01-14 08:50:00,68.95,Johnson and Sons,Visa,Tablet,0,Chihuahua,Turismo,0,16
1331,2025-02-02 19:41:00,81.05,"Guerrero, Anderson and Carey",MasterCard,Desktop,0,Puebla,Entretenimiento,0,1
1332,2025-02-04 04:34:00,127.01,Smith-Peters,MasterCard,Mobile,0,Tamaulipas,Entretenimiento,0,13
1333,2025-01-10 17:54:00,25.94,Cobb-Barr,MasterCard,Mobile,0,Nuevo León,Electrónica,0,30
1334,2025-01-13 10:48:00,560.86,"Schultz, Johnson and Jones",MasterCard,Tablet,0,Michoacán,Retail,0,13
1335,2025-01-15 20:59:00,368.06,"Curry, Hawkins and Patel",Amex,Tablet,0,Puebla,Electrónica,0,10
1336,2025-01-26 05:18:00,105.08,Lee LLC,MasterCard,Mobile,0,Puebla,Servicios,0,49
1337,2025-01-22 07:01:00,22.26,Allison and Sons,Discover,Desktop,0,Coahuila,Retail,0,49
1338,2025-02-05 16:49:00,114.01,James-Lewis,MasterCard,Tablet,0,Nuevo León,Entretenimiento,0,33
1339,2025-01-22 07:31:00,7.49,Murray-Evans,Visa,Desktop,0,Michoacán,Supermercado,0,47
1340,2025-01-26 13:57:00,3.11,Gallagher-Baldwin,Discover,Mobile,0,Veracruz,Entretenimiento,0,38
1341,2025-01-02 03:27:00,29.8,Lopez Inc,Amex,Mobile,0,Veracruz,Servicios,0,47
1342,2025-01-25 14:54:00,62.11,"Pacheco, Clark and Fuller",Discover,Tablet,0,Nuevo León,Servicios,0,11
1343,2025-02-03 19:18:00,202.7,Banks Group,Discover,Desktop,0,Guanajuato,Restaurante,0,28
1344,2025-01-24 08:44:00,129.89,Brown Group,Discover,Tablet,0,Chihuahua,Turismo,0,12
1345,2025-02-02 12:50:00,135.75,"Gardner, Anderson and Kim",Visa,Mobile,0,EdoMex,Supermercado,0,2
1346,2025-02-02 08:11:00,55.42,"Stevens, Flowers and Carrillo",Visa,Desktop,0,Sonora,Servicios,0,12
1347,2025-01-30 20:07:00,42.45,Martinez-Johnson,Visa,Tablet,0,Michoacán,Supermercado,0,8
1348,2025-01-13 03:09:00,46.37,Palmer-Morris,Amex,Tablet,0,CDMX,Servicios,0,19
1349,2025-01-26 12:32:00,439.41,"Green, Simpson and Davis",Visa,Tablet,0,Jalisco,Servicios,0,44
1350,2025-01-22 19:33:00,4.09,Kennedy Inc,Visa,Mobile,0,Baja California,Supermercado,0,4
1351,2025-01-09 15:22:00,201.76,Yates-Wilson,Discover,Tablet,0,Coahuila,Restaurante,0,1
1352,2025-01-15 23:58:00,86.44,Rivera-Peck,Visa,Desktop,0,Jalisco,Entretenimiento,0,13
1353,2025-01-16 21:30:00,57.73,Perry Group,MasterCard,Tablet,0,CDMX,Restaurante,0,13
1354,2025-01-03 03:41:00,129.19,Leach-Wells,Visa,Mobile,0,Veracruz,Restaurante,0,5
1355,2025-01-06 20:44:00,66.68,Trevino PLC,Amex,Tablet,0,Tamaulipas,Servicios,0,2
1356,2025-02-04 02:15:00,206.69,Lowe-Garrett,Amex,Mobile,0,Puebla,Entretenimiento,0,44
1357,2025-01-24 12:38:00,230.96,Sharp Inc,MasterCard,Mobile,0,Baja California,Entretenimiento,0,39
1358,2025-01-07 14:56:00,54.77,Martin PLC,Amex,Desktop,0,EdoMex,Entretenimiento,0,17
1359,2025-01-22 23:20:00,32.41,"Brown, Lee and Lopez",Amex,Desktop,0,Guanajuato,Entretenimiento,0,2
1360,2025-02-02 12:11:00,89.73,Pena Inc,Discover,Tablet,0,Nuevo León,Entretenimiento,0,1
1361,2025-01-28 21:16:00,243.46,"Nichols, Chase and Stevenson",MasterCard,Mobile,0,Baja California,Electrónica,0,2
1362,2025-01-09 22:24:00,23.66,Smith-Campbell,Discover,Mobile,0,Puebla,Restaurante,0,22
1363,2025-02-02 23:40:00,97.54,Reyes Inc,Discover,Desktop,0,Puebla,Turismo,0,26
1364,2025-01-01 11:13:00,99.85,Johnson LLC,Visa,Desktop,0,Coahuila,Supermercado,0,48
1365,2025-01-23 09:56:00,132.09,"Nichols, Cross and Morales",MasterCard,Tablet,0,CDMX,Entretenimiento,0,27
1366,2025-01-09 08:58:00,14.11,Ashley-Powell,Visa,Mobile,0,Sonora,Entretenimiento,0,7
1367,2025-01-26 03:48:00,125.82,"Moss, Johnson and Brown",Visa,Desktop,0,Baja California,Supermercado,0,47
1368,2025-01-16 07:18:00,239.73,Jacobson-Thompson,Discover,Tablet,0,Jalisco,Entretenimiento,0,44
1369,2025-01-03 22:14:00,19.81,Wolfe-Reyes,Amex,Mobile,0,Tamaulipas,Supermercado,0,31
1370,2025-01-25 23:21:00,27.12,"Baxter, Sutton and Boyd",MasterCard,Mobile,0,EdoMex,Entretenimiento,0,40
1371,2025-01-05 12:32:00,355.42,Webb Group,Amex,Desktop,0,Jalisco,Electrónica,0,25
1372,2025-02-05 09:17:00,19.96,"Williams, Ramos and Davis",Discover,Tablet,0,Jalisco,Retail,0,24
1373,2025-01-04 14:10:00,192.68,"Frank, Johnson and Cain",Discover,Desktop,0,Coahuila,Electrónica,0,7
1374,2025-01-22 11:50:00,67.78,Harris Inc,Discover,Tablet,0,Coahuila,Restaurante,0,20
1375,2025-01-01 01:53:00,28.4,"Morales, Franklin and Taylor",Discover,Mobile,0,Sonora,Electrónica,0,22
1376,2025-01-31 17:38:00,204.6,Farmer-Thomas,Discover,Tablet,0,Veracruz,Servicios,0,27
1377,2025-01-19 14:31:00,58.93,Weber Ltd,Discover,Tablet,0,Tamaulipas,Turismo,0,28
1378,2025-02-05 03:53:00,72.32,King-Miller,Amex,Tablet,0,Puebla,Supermercado,0,1
1379,2025-01-16 16:56:00,44.51,Cantu-Harmon,Visa,Tablet,0,Coahuila,Servicios,0,9
1380,2025-02-05 05:24:00,89.88,"Tapia, Barnes and King",Amex,Tablet,0,Sonora,Retail,0,41
1381,2025-01-21 15:32:00,17.86,Murray-Caldwell,MasterCard,Desktop,0,Nuevo León,Electrónica,0,38
1382,2025-01-31 04:35:00,49.61,"Medina, Johnson and Frank",Amex,Tablet,0,Baja California,Restaurante,0,14
1383,2025-01-10 09:16:00,348.72,Lee-Kelly,Discover,Tablet,0,Veracruz,Turismo,0,41
1384,2025-01-04 18:50:00,29.86,Green-Murray,Amex,Mobile,0,Coahuila,Electrónica,0,37
1385,2025-01-13 14:01:00,106.93,Davis and Sons,Visa,Tablet,0,Michoacán,Servicios,0,42
1386,2025-01-12 15:12:00,39.33,"Myers, Wang and Bennett",MasterCard,Mobile,0,Puebla,Restaurante,0,29
1387,2025-01-11 04:57:00,148.49,Harvey-Reynolds,Amex,Desktop,0,CDMX,Electrónica,0,32
1388,2025-01-23 20:50:00,14.03,Lewis and Sons,Visa,Desktop,0,Nuevo León,Turismo,0,10
1389,2025-02-04 16:46:00,350.06,Martin-Cox,Amex,Tablet,0,Chihuahua,Supermercado,0,37
1390,2025-01-31 10:05:00,60.48,Smith Inc,MasterCard,Desktop,1,Guanajuato,Retail,0,49
1391,2025-01-23 00:26:00,26.93,"Diaz, Davis and Khan",Amex,Tablet,0,Puebla,Electrónica,0,5
1392,2025-01-15 05:23:00,7.63,Valdez and Sons,Discover,Desktop,0,CDMX,Turismo,0,2
1393,2025-01-08 19:34:00,18.6,Chavez-Mccall,Amex,Tablet,0,CDMX,Turismo,0,31
1394,2025-01-31 02:07:00,73.35,Jackson-Terry,Visa,Tablet,0,Veracruz,Turismo,0,28
1395,2025-01-27 07:25:00,41.1,Blackwell-Snyder,Amex,Mobile,0,Tamaulipas,Turismo,0,3
1396,2025-02-05 15:11:00,176.54,Jones and Sons,Visa,Mobile,0,EdoMex,Supermercado,0,14
1397,2025-01-17 00:30:00,56.37,George-Johnson,MasterCard,Mobile,0,Jalisco,Retail,0,12
1398,2025-01-18 23:30:00,28.6,"Carey, Andrade and Kennedy",Amex,Mobile,0,Jalisco,Restaurante,0,33
1399,2025-01-27 04:48:00,96.01,Cole-Brown,MasterCard,Tablet,0,Michoacán,Entretenimiento,0,7
1400,2025-01-24 20:55:00,122.68,Stone-Harrison,MasterCard,Desktop,0,EdoMex,Restaurante,0,25
1401,2025-01-28 06:45:00,18.28,"Ellis, Johnson and Smith",Amex,Tablet,0,Sonora,Supermercado,0,29
1402,2025-02-02 23:03:00,18.35,"Heath, Colon and Howard",Visa,Mobile,0,Guanajuato,Retail,0,29
1403,2025-01-27 01:44:00,3.74,Bauer-Fisher,MasterCard,Mobile,0,Coahuila,Electrónica,0,42
1404,2025-02-05 17:51:00,133.33,Briggs PLC,MasterCard,Desktop,0,Jalisco,Supermercado,0,49
1405,2025-01-19 18:12:00,109.01,Jones Inc,Amex,Mobile,0,Jalisco,Restaurante,0,1
1406,2025-02-02 03:27:00,64.37,Day Group,Amex,Tablet,0,Tamaulipas,Restaurante,0,2
1407,2025-01-04 14:47:00,185.9,Lara-Johnson,Amex,Tablet,0,Tamaulipas,Servicios,0,14
1408,2025-01-14 14:03:00,163.82,"Oneal, Rodriguez and Cunningham",Amex,Tablet,0,Sonora,Retail,0,26
1409,2025-01-23 09:37:00,88.03,Torres-Green,Amex,Tablet,0,Tamaulipas,Servicios,0,24
1410,2025-01-15 19:25:00,202.7,"Wright, Mccoy and Tyler",Discover,Tablet,0,Sonora,Turismo,0,40
1411,2025-01-14 15:57:00,23.05,Perez-Hall,Amex,Desktop,0,Jalisco,Turismo,0,39
1412,2025-01-07 17:38:00,11.87,Marshall Group,Visa,Tablet,0,Chihuahua,Servicios,0,4
1413,2025-01-08 05:47:00,31.44,Taylor-Williams,MasterCard,Mobile,0,Puebla,Supermercado,0,32
1414,2025-01-31 00:38:00,5.88,"West, Briggs and Gilbert",Visa,Mobile,1,Tamaulipas,Servicios,0,48
1415,2025-01-19 11:03:00,75.75,Vang-Miller,Visa,Mobile,0,CDMX,Retail,0,39
1416,2025-01-26 18:50:00,275.84,Garrison and Sons,Discover,Mobile,0,Jalisco,Entretenimiento,0,3
1417,2025-02-03 10:30:00,4.01,Jacobson and Sons,Amex,Desktop,0,Coahuila,Entretenimiento,0,42
1418,2025-01-26 12:42:00,13.02,Rhodes LLC,MasterCard,Mobile,0,Tamaulipas,Supermercado,0,47
1419,2025-01-29 14:13:00,60.18,Norton-Le,Visa,Desktop,0,Michoacán,Servicios,0,38
1420,2025-01-29 17:04:00,271.62,"Wagner, Sexton and Reyes",Amex,Mobile,0,Nuevo León,Electrónica,0,6
1421,2025-01-06 06:25:00,38,Vega PLC,Amex,Desktop,0,Chihuahua,Entretenimiento,0,26
1422,2025-02-04 09:58:00,70.77,"Schultz, Wood and Gray",Discover,Desktop,0,Chihuahua,Electrónica,0,9
1423,2025-01-04 13:36:00,4.25,"Perez, Jones and Lin",Discover,Desktop,0,Jalisco,Electrónica,0,4
1424,2025-02-04 05:38:00,16.06,"Torres, Williams and Beard",Discover,Mobile,0,Nuevo León,Turismo,0,41
1425,2025-01-03 06:42:00,431.48,Mayo Ltd,MasterCard,Desktop,1,EdoMex,Entretenimiento,0,34
1426,2025-01-31 00:18:00,335.58,Bond and Sons,Visa,Tablet,0,Sonora,Restaurante,0,11
1427,2025-01-27 14:15:00,0.5,Jackson Inc,Discover,Tablet,0,CDMX,Supermercado,0,6
1428,2025-02-05 08:55:00,303.26,"Jimenez, Murphy and Nguyen",Discover,Mobile,0,Nuevo León,Retail,0,36
1429,2025-02-05 13:38:00,101.92,"Watts, Robertson and Ford",Discover,Tablet,0,EdoMex,Restaurante,0,16
1430,2025-01-08 09:53:00,202.43,"Johnson, Cline and Clements",Visa,Tablet,0,Baja California,Turismo,0,32
1431,2025-01-10 12:39:00,60.65,Sullivan Group,Visa,Tablet,0,EdoMex,Supermercado,0,47
1432,2025-01-21 16:48:00,72.48,Shaw-Brown,Discover,Mobile,0,Veracruz,Restaurante,0,7
1433,2025-01-01 18:55:00,67.11,"Whitehead, Sanchez and Ellis",Discover,Mobile,0,Michoacán,Retail,0,25
1434,2025-01-23 08:40:00,109.92,Sherman Inc,Amex,Tablet,0,Guanajuato,Entretenimiento,0,11
1435,2025-02-02 21:00:00,15.04,"Harper, Sanchez and Curtis",Discover,Mobile,1,Chihuahua,Restaurante,0,4
1436,2025-01-31 09:16:00,3.04,"Cain, Cook and Sharp",MasterCard,Desktop,0,Sonora,Electrónica,0,36
1437,2025-01-06 20:53:00,36.81,Gardner-Matthews,MasterCard,Tablet,0,Puebla,Electrónica,0,6
1438,2025-01-14 23:11:00,121.97,Smith Ltd,Discover,Mobile,0,EdoMex,Supermercado,0,49
1439,2025-01-12 07:59:00,22.55,Castro Group,Visa,Mobile,0,Coahuila,Retail,0,40
1440,2025-01-01 04:50:00,111.91,Chavez-Ortiz,Amex,Tablet,0,Coahuila,Entretenimiento,0,26
1441,2025-01-02 01:39:00,350.36,"Smith, Romero and Benitez",Visa,Mobile,0,Guanajuato,Turismo,0,40
1442,2025-01-16 22:28:00,9.86,Evans-Mullins,Discover,Tablet,0,Nuevo León,Electrónica,0,21
1443,2025-02-01 12:16:00,111.66,Crawford-Johnston,MasterCard,Mobile,0,Guanajuato,Supermercado,0,3
1444,2025-01-10 06:46:00,58.65,Holland PLC,Amex,Desktop,0,Puebla,Retail,0,2
1445,2025-02-04 05:25:00,202.6,Butler-Mitchell,Visa,Tablet,0,Puebla,Turismo,0,23
1446,2025-02-05 05:42:00,19.5,Gibson-Blanchard,Visa,Desktop,0,Veracruz,Entretenimiento,0,29
1447,2025-01-30 04:14:00,117.97,"Moss, Briggs and Jones",Discover,Tablet,0,Coahuila,Supermercado,0,44
1448,2025-02-05 01:43:00,182.09,"Walton, Torres and Rodriguez",Amex,Mobile,0,Veracruz,Electrónica,0,49
1449,2025-01-07 01:14:00,289.34,Moore Group,MasterCard,Desktop,0,Veracruz,Retail,0,46
1450,2025-01-14 22:20:00,114.96,"Wilson, Roth and Sexton",Discover,Mobile,0,Puebla,Servicios,0,50
1451,2025-01-21 10:46:00,68.75,"Mathews, Curtis and Jackson",Amex,Tablet,0,Sonora,Restaurante,0,33
1452,2025-01-02 03:16:00,96.19,Malone-Morris,Visa,Tablet,0,Sonora,Restaurante,0,28
1453,2025-01-20 08:38:00,203.18,"Elliott, Doyle and Booker",Discover,Tablet,0,Sonora,Supermercado,0,19
1454,2025-01-11 23:33:00,84.54,Dickson-Williams,Visa,Tablet,0,Nuevo León,Supermercado,0,19
1455,2025-01-09 09:30:00,3.09,Miller-Simmons,Visa,Tablet,0,Tamaulipas,Supermercado,0,34
1456,2025-01-13 14:55:00,267.29,Foster-Cross,Discover,Desktop,0,Nuevo León,Supermercado,0,31
1457,2025-01-22 09:05:00,116.97,"Gonzales, Cline and Wagner",Discover,Tablet,0,CDMX,Electrónica,0,24
1458,2025-01-28 21:59:00,112.86,"Gutierrez, Meyers and Reilly",Discover,Mobile,0,Chihuahua,Turismo,0,14
1459,2025-02-01 23:02:00,24.29,Smith and Sons,Discover,Desktop,0,Guanajuato,Supermercado,0,25
1460,2025-01-28 07:03:00,107.55,"Webb, Shaw and Brandt",Discover,Mobile,0,Puebla,Restaurante,0,10
1461,2025-01-19 03:53:00,50.07,"Reed, Harmon and Martinez",Visa,Tablet,0,Veracruz,Retail,0,38
1462,2025-01-09 15:58:00,105.34,"Ewing, Lee and Delgado",MasterCard,Mobile,0,Tamaulipas,Electrónica,0,6
1463,2025-01-13 17:48:00,11.27,"Gillespie, Rhodes and Winters",MasterCard,Desktop,0,Tamaulipas,Electrónica,0,22
1464,2025-02-03 02:18:00,107.25,"Mendoza, Anderson and Taylor",Discover,Desktop,0,Baja California,Supermercado,0,32
1465,2025-01-04 14:27:00,744.17,Melton-Maxwell,Visa,Desktop,0,Nuevo León,Turismo,0,35
1466,2025-01-30 06:20:00,4.94,Hendricks PLC,MasterCard,Mobile,0,CDMX,Supermercado,0,15
1467,2025-01-02 21:42:00,377.99,Turner-Larson,MasterCard,Desktop,0,Sonora,Retail,0,19
1468,2025-01-27 02:50:00,52.24,Carter Ltd,MasterCard,Mobile,0,Veracruz,Electrónica,0,7
1469,2025-01-01 23:18:00,204.6,Smith-Pitts,Visa,Tablet,0,Jalisco,Electrónica,0,44
1470,2025-01-13 21:14:00,152.5,"Walters, Spencer and Lewis",Discover,Tablet,0,Veracruz,Entretenimiento,0,25
1471,2025-01-14 02:03:00,83.71,Ramos-Parker,Discover,Mobile,0,Guanajuato,Turismo,0,42
1472,2025-01-07 17:09:00,134.11,Mendez-Cole,Discover,Desktop,0,Michoacán,Servicios,0,48
1473,2025-01-17 21:24:00,210.8,"Ball, Burgess and Daniels",Amex,Mobile,0,EdoMex,Entretenimiento,0,50
1474,2025-01-01 04:58:00,51.78,"George, Martin and Richard",Amex,Mobile,0,Guanajuato,Turismo,0,36
1475,2025-01-07 23:28:00,39.61,Brown Group,Amex,Mobile,0,Tamaulipas,Supermercado,0,26
1476,2025-01-25 06:22:00,110.14,Serrano-Stewart,Visa,Tablet,0,Guanajuato,Retail,0,42
1477,2025-01-07 00:50:00,164.95,Green PLC,MasterCard,Mobile,0,Tamaulipas,Servicios,0,15
1478,2025-01-06 02:41:00,143.67,Moreno-Rivera,MasterCard,Tablet,0,Veracruz,Turismo,0,22
1479,2025-01-26 03:39:00,159.86,Crane Inc,Visa,Mobile,0,Veracruz,Retail,0,37
1480,2025-01-09 07:28:00,57.2,"Smith, Ramirez and Barnes",Visa,Tablet,0,Veracruz,Retail,0,23
1481,2025-02-03 09:07:00,170.28,"Fox, Bailey and Little",Discover,Mobile,0,Nuevo León,Servicios,0,47
1482,2025-01-15 09:43:00,12.81,Edwards Ltd,Discover,Mobile,0,Nuevo León,Supermercado,0,44
1483,2025-01-10 15:12:00,78.63,Ford-Thompson,Amex,Desktop,0,Nuevo León,Electrónica,0,1
1484,2025-01-29 19:49:00,0.58,Cohen Inc,Amex,Desktop,0,Tamaulipas,Entretenimiento,0,48
1485,2025-02-03 22:37:00,39.24,Price LLC,Visa,Mobile,0,Coahuila,Entretenimiento,0,31
1486,2025-01-24 13:35:00,45.64,Black Ltd,Amex,Mobile,0,Veracruz,Restaurante,0,44
1487,2025-02-04 19:31:00,50.45,Smith-Dillon,MasterCard,Mobile,0,Sonora,Servicios,0,9
1488,2025-01-27 02:52:00,118.9,Beck-Evans,Visa,Mobile,0,CDMX,Servicios,0,22
1489,2025-01-04 10:43:00,49.19,Pena-Burns,Visa,Desktop,0,EdoMex,Entretenimiento,0,33
1490,2025-01-14 20:53:00,59.55,Kelly LLC,MasterCard,Tablet,0,Michoacán,Electrónica,0,6
1491,2025-01-12 15:18:00,27.12,Patterson Inc,Discover,Mobile,0,CDMX,Turismo,0,27
1492,2025-01-25 21:47:00,46.72,Johnson-Gordon,Discover,Desktop,0,CDMX,Retail,0,1
1493,2025-01-21 06:20:00,25.78,Blackwell-Mills,MasterCard,Mobile,0,Nuevo León,Entretenimiento,0,44
1494,2025-01-05 23:00:00,7.6,"Simmons, Kramer and Nichols",MasterCard,Mobile,0,EdoMex,Supermercado,0,3
1495,2025-01-17 13:46:00,92.49,Green Ltd,Amex,Tablet,0,Puebla,Entretenimiento,0,38
1496,2025-01-11 18:30:00,110.33,"Yu, Rodriguez and Carroll",Visa,Mobile,0,CDMX,Turismo,0,35
1497,2025-01-23 00:25:00,96.62,"Bates, Stone and Archer",Amex,Mobile,0,Coahuila,Restaurante,0,43
1498,2025-01-05 05:33:00,62.27,Walters and Sons,MasterCard,Tablet,0,EdoMex,Electrónica,0,17
1499,2025-01-05 04:38:00,47.77,"Lambert, Hayes and Anderson",Amex,Tablet,0,EdoMex,Retail,0,12
1500,2025-02-05 13:01:00,199.02,Chavez LLC,MasterCard,Tablet,0,Baja California,Supermercado,0,6
1501,2025-01-21 06:23:00,73.21,Cruz-Roth,Amex,Tablet,0,Puebla,Servicios,0,46
1502,2025-01-27 22:54:00,65.24,"Rivera, Douglas and Fischer",Amex,Desktop,0,Sonora,Supermercado,0,44
1503,2025-01-22 23:03:00,2.6,Olson Inc,Discover,Desktop,0,Puebla,Turismo,0,25
1504,2025-01-22 09:00:00,41.74,Parker Inc,MasterCard,Desktop,0,Michoacán,Restaurante,0,25
1505,2025-02-02 20:29:00,47.84,Johns-Gardner,Amex,Mobile,0,EdoMex,Turismo,0,48
1506,2025-01-03 07:06:00,50.89,Ellison-Hicks,Visa,Tablet,0,Guanajuato,Supermercado,0,17
1507,2025-01-19 16:58:00,86.79,"Vega, Campbell and Murray",Amex,Tablet,0,Baja California,Restaurante,0,2
1508,2025-01-18 08:40:00,76.27,"Hodge, Barrett and Castro",Amex,Desktop,0,Coahuila,Turismo,0,5
1509,2025-02-01 19:13:00,93.63,"Gutierrez, Garza and Vazquez",Visa,Mobile,0,Tamaulipas,Retail,0,35
1510,2025-01-05 12:18:00,144.77,"Jacobs, Jones and Phillips",MasterCard,Mobile,0,Jalisco,Electrónica,0,47
1511,2025-01-03 20:47:00,167.66,Mckee Group,Discover,Mobile,0,CDMX,Turismo,0,5
1512,2025-02-04 13:00:00,126.63,Wallace Group,Discover,Desktop,0,Guanajuato,Entretenimiento,0,39
1513,2025-01-08 09:54:00,311.28,Alexander LLC,Discover,Mobile,0,Sonora,Electrónica,0,25
1514,2025-01-02 07:30:00,1.84,"Espinoza, Wright and Walker",Visa,Mobile,0,Jalisco,Restaurante,0,33
1515,2025-01-12 06:51:00,21.79,Gonzalez LLC,Amex,Mobile,0,Jalisco,Supermercado,0,47
1516,2025-01-01 12:08:00,0.76,Butler Ltd,MasterCard,Tablet,0,Sonora,Supermercado,0,16
1517,2025-01-17 17:25:00,104.26,"Mcmillan, Chambers and Vasquez",Amex,Desktop,0,Sonora,Restaurante,0,50
1518,2025-02-03 21:30:00,228.31,"Hopkins, Kennedy and Hodge",Discover,Tablet,0,Baja California,Supermercado,0,17
1519,2025-01-16 02:43:00,27.9,"Soto, Skinner and Mahoney",Amex,Tablet,0,Coahuila,Entretenimiento,0,5
1520,2025-01-31 08:04:00,261.78,Cohen-Spencer,Visa,Desktop,0,EdoMex,Retail,0,18
1521,2025-01-26 09:12:00,6.22,Castillo PLC,Visa,Tablet,0,Chihuahua,Electrónica,0,48
1522,2025-01-07 01:17:00,272.47,"Dunn, Schaefer and Leon",MasterCard,Mobile,0,Veracruz,Entretenimiento,0,23
1523,2025-01-18 23:56:00,43.33,Beck PLC,MasterCard,Mobile,0,Sonora,Restaurante,0,7
1524,2025-01-23 13:36:00,10.69,"Dawson, Adams and Williams",Discover,Mobile,0,EdoMex,Electrónica,0,46
1525,2025-01-03 01:14:00,66.53,"Weaver, White and Malone",MasterCard,Mobile,0,Sonora,Electrónica,0,2
1526,2025-01-15 05:50:00,29.68,Smith and Sons,Amex,Desktop,0,Tamaulipas,Entretenimiento,0,23
1527,2025-01-28 23:25:00,33.53,"Velasquez, Flores and Pearson",Visa,Tablet,0,Michoacán,Restaurante,0,37
1528,2025-02-04 14:50:00,36.71,Hall-Thomas,Visa,Tablet,0,Baja California,Entretenimiento,0,37
1529,2025-01-19 13:35:00,162.47,Reed Inc,Visa,Mobile,0,Chihuahua,Turismo,0,1
1530,2025-01-19 12:43:00,77.47,"White, Clark and Ray",MasterCard,Mobile,0,Chihuahua,Turismo,0,28
1531,2025-01-07 21:37:00,37.3,"Campbell, Thomas and Fisher",Visa,Tablet,0,Veracruz,Restaurante,0,32
1532,2025-01-29 05:05:00,94.25,Tanner-Porter,Visa,Desktop,0,Veracruz,Restaurante,0,25
1533,2025-01-18 01:46:00,125.93,"Martinez, Gaines and Matthews",Visa,Tablet,0,Guanajuato,Supermercado,0,41
1534,2025-01-28 16:41:00,31.83,Castillo-Ho,Discover,Mobile,0,Jalisco,Restaurante,0,18
1535,2025-01-02 05:38:00,53.37,Wade-Francis,Discover,Mobile,0,Baja California,Supermercado,0,48
1536,2025-01-14 05:57:00,13,Johnson Inc,MasterCard,Desktop,0,Nuevo León,Turismo,0,36
1537,2025-01-03 11:20:00,19.99,Nolan-Daniels,Visa,Tablet,0,CDMX,Restaurante,0,7
1538,2025-01-29 04:42:00,114.29,Casey Inc,MasterCard,Desktop,0,Puebla,Retail,0,20
1539,2025-01-20 00:06:00,20.02,"Chase, Watson and Newton",Visa,Desktop,0,Chihuahua,Entretenimiento,0,12
1540,2025-01-27 22:02:00,74.48,"Fisher, Andersen and Hinton",Visa,Mobile,0,Baja California,Restaurante,0,39
1541,2025-01-05 20:42:00,123.46,Carrillo Group,Visa,Tablet,0,EdoMex,Entretenimiento,0,20
1542,2025-01-04 23:39:00,11.3,"Green, Thompson and Pope",MasterCard,Mobile,0,Sonora,Servicios,0,38
1543,2025-01-18 10:58:00,83.77,Jones-Calderon,MasterCard,Tablet,0,Sonora,Electrónica,0,5
1544,2025-02-05 14:15:00,29.65,"Hancock, Thomas and Wilson",Visa,Mobile,0,Guanajuato,Entretenimiento,0,40
1545,2025-01-20 16:07:00,329.49,"Peterson, Villa and Becker",Amex,Mobile,0,CDMX,Entretenimiento,0,8
1546,2025-01-27 21:05:00,66.08,"Yates, Hernandez and Wallace",MasterCard,Tablet,0,Sonora,Retail,0,5
1547,2025-01-08 03:07:00,163.99,"Martinez, Williams and Shea",Discover,Tablet,0,Guanajuato,Retail,0,26
1548,2025-01-09 02:51:00,79.9,Dudley Inc,MasterCard,Mobile,0,Coahuila,Entretenimiento,0,39
1549,2025-01-29 04:23:00,4.44,Fischer PLC,Visa,Tablet,0,EdoMex,Retail,0,9
1550,2025-01-25 13:33:00,100.28,Thompson Group,Amex,Mobile,0,Coahuila,Entretenimiento,0,50
1551,2025-01-02 03:15:00,302.42,Sullivan-Brown,Visa,Tablet,0,EdoMex,Entretenimiento,0,15
1552,2025-01-06 08:11:00,92.03,"Carrillo, Soto and Gonzalez",Discover,Mobile,0,Jalisco,Turismo,0,29
1553,2025-01-27 01:12:00,171.03,Chavez LLC,MasterCard,Mobile,0,CDMX,Entretenimiento,0,28
1554,2025-01-29 12:23:00,215.59,"Jimenez, Chavez and Allen",MasterCard,Mobile,0,Chihuahua,Restaurante,0,14
1555,2025-01-13 00:47:00,25.89,Pacheco-Wood,Visa,Desktop,0,Puebla,Retail,0,26
1556,2025-01-21 09:14:00,23.83,Fritz LLC,Visa,Tablet,0,Guanajuato,Supermercado,0,47
1557,2025-01-06 08:07:00,94.41,Nelson-Howard,Discover,Mobile,0,Veracruz,Restaurante,0,8
1558,2025-02-04 10:29:00,52.94,Perry-Reynolds,Amex,Desktop,0,Puebla,Entretenimiento,0,12
1559,2025-02-04 08:12:00,183.17,"Kelly, Simpson and Newman",Discover,Mobile,0,Chihuahua,Restaurante,0,43
1560,2025-02-03 00:13:00,230.28,"Jones, Walter and Nash",Amex,Desktop,0,Coahuila,Electrónica,0,10
1561,2025-01-15 12:42:00,43.61,"Mendez, Dunn and Hernandez",MasterCard,Mobile,0,Chihuahua,Entretenimiento,0,19
1562,2025-01-09 10:30:00,27.03,Levy-Hopkins,Amex,Mobile,0,Jalisco,Supermercado,0,41
1563,2025-01-12 11:59:00,151.65,"Patterson, Wilson and Ashley",Amex,Desktop,0,Veracruz,Retail,0,42
1564,2025-01-28 04:21:00,32.13,Rodriguez Inc,MasterCard,Desktop,0,CDMX,Electrónica,0,39
1565,2025-01-13 14:46:00,172.94,Green LLC,MasterCard,Tablet,0,Coahuila,Retail,0,24
1566,2025-01-22 00:31:00,55.12,"Molina, Walton and Wilson",MasterCard,Tablet,0,Coahuila,Entretenimiento,0,30
1567,2025-01-20 17:05:00,110.13,"King, Lynch and Johnston",Discover,Desktop,0,Tamaulipas,Restaurante,0,31
1568,2025-01-03 21:02:00,10.04,Pearson-Fischer,MasterCard,Tablet,0,CDMX,Electrónica,0,9
1569,2025-01-14 20:28:00,97.78,Clark PLC,Visa,Desktop,0,Baja California,Servicios,0,36
1570,2025-01-03 23:06:00,60.11,Figueroa-Berry,MasterCard,Tablet,0,Sonora,Supermercado,0,15
1571,2025-01-30 23:04:00,88.34,Mitchell-Zuniga,MasterCard,Mobile,0,Chihuahua,Servicios,0,26
1572,2025-01-29 01:23:00,18.39,"Moore, Graves and Meadows",MasterCard,Tablet,0,EdoMex,Retail,0,23
1573,2025-01-20 01:54:00,133.51,"Walker, Logan and Henderson",Amex,Mobile,0,Sonora,Electrónica,0,46
1574,2025-01-31 06:27:00,198.63,"Anderson, Atkinson and Rivers",Discover,Mobile,0,Tamaulipas,Electrónica,0,26
1575,2025-01-25 15:29:00,24.43,Crawford PLC,MasterCard,Tablet,0,Baja California,Retail,0,21
1576,2025-01-29 04:24:00,10.06,Silva PLC,Discover,Desktop,0,Guanajuato,Servicios,0,11
1577,2025-01-05 01:08:00,2.39,Brewer-Davis,Visa,Mobile,0,Jalisco,Restaurante,0,1
1578,2025-01-31 02:48:00,102.71,Watkins Inc,Visa,Mobile,0,Baja California,Retail,0,7
1579,2025-02-05 13:59:00,93.42,Crane-Olson,MasterCard,Tablet,0,Chihuahua,Supermercado,0,8
1580,2025-01-10 14:52:00,79.12,"Gilbert, Hahn and Parker",Visa,Desktop,0,Tamaulipas,Restaurante,0,45
1581,2025-01-05 00:53:00,26.39,"Lara, Singh and Yoder",Discover,Desktop,0,Coahuila,Electrónica,0,13
1582,2025-01-04 06:09:00,49.58,Coleman and Sons,Amex,Tablet,0,CDMX,Restaurante,0,25
1583,2025-01-02 02:29:00,90.26,Brown-Roberts,MasterCard,Desktop,0,Baja California,Electrónica,0,21
1584,2025-01-11 07:48:00,68.67,Cox-Morgan,Visa,Tablet,0,Nuevo León,Turismo,0,30
1585,2025-02-02 16:40:00,440.51,"Stephenson, Hinton and Padilla",Discover,Tablet,0,Michoacán,Turismo,0,42
1586,2025-01-31 01:58:00,14.67,"David, Burke and White",Discover,Tablet,0,Jalisco,Electrónica,0,5
1587,2025-01-26 11:04:00,118.79,Owens and Sons,Visa,Mobile,0,Tamaulipas,Servicios,0,14
1588,2025-01-12 18:43:00,51.8,Martinez-Powell,Discover,Mobile,0,CDMX,Retail,0,18
1589,2025-01-02 10:49:00,55.9,"Norman, Molina and Koch",Discover,Mobile,0,Guanajuato,Servicios,0,41
1590,2025-01-19 06:53:00,126.44,Moore-Ramirez,MasterCard,Tablet,0,Baja California,Retail,0,24
1591,2025-01-07 05:11:00,117.91,Little LLC,Discover,Mobile,0,EdoMex,Turismo,0,18
1592,2025-01-22 11:30:00,473.94,Perez LLC,Visa,Mobile,0,Chihuahua,Entretenimiento,0,19
1593,2025-01-18 08:16:00,13.74,"Frye, Harvey and Mata",MasterCard,Mobile,0,Guanajuato,Restaurante,0,38
1594,2025-01-18 19:32:00,10.99,"Shepherd, Grant and Gray",Visa,Tablet,0,EdoMex,Servicios,0,19
1595,2025-01-25 20:21:00,128.86,Mckay Ltd,Amex,Tablet,0,Guanajuato,Retail,0,3
1596,2025-01-15 20:40:00,86.37,"Gonzalez, Price and Collins",Visa,Tablet,0,Chihuahua,Retail,0,24
1597,2025-02-04 07:25:00,32.04,Olson-Hunter,Visa,Mobile,0,Veracruz,Restaurante,0,29
1598,2025-01-19 06:16:00,8.28,Christensen PLC,MasterCard,Desktop,0,Tamaulipas,Turismo,0,8
1599,2025-01-16 00:46:00,8.96,Butler-Kane,Discover,Mobile,0,Veracruz,Retail,0,9
1600,2025-02-01 05:40:00,224.61,Sawyer and Sons,Visa,Mobile,0,Sonora,Restaurante,0,17
1601,2025-01-07 23:15:00,21.3,Galloway-Mooney,MasterCard,Tablet,0,Sonora,Entretenimiento,0,24
1602,2025-01-21 21:43:00,39.06,Spencer-Morrison,Amex,Tablet,0,Sonora,Electrónica,0,19
1603,2025-01-18 07:09:00,25.7,Williams-Jackson,MasterCard,Mobile,0,CDMX,Turismo,0,38
1604,2025-01-07 12:13:00,43.85,Ramirez Group,MasterCard,Mobile,0,Chihuahua,Supermercado,0,39
1605,2025-01-07 13:10:00,7.2,Watts Group,Discover,Desktop,0,Tamaulipas,Retail,0,13
1606,2025-01-07 06:02:00,73.2,Mcdowell-Sanchez,Visa,Desktop,0,Tamaulipas,Servicios,0,7
1607,2025-01-08 07:03:00,7,Mason Ltd,Amex,Tablet,0,Jalisco,Restaurante,0,16
1608,2025-01-16 14:47:00,161.12,Smith-Hoffman,MasterCard,Desktop,0,Nuevo León,Servicios,0,27
1609,2025-01-24 16:35:00,26.62,Franklin-Gregory,Visa,Desktop,0,Tamaulipas,Retail,0,29
1610,2025-01-12 06:15:00,77.66,Decker-Smith,Visa,Tablet,0,Michoacán,Entretenimiento,0,3
1611,2025-01-20 16:41:00,212.09,Brown Group,MasterCard,Desktop,0,Nuevo León,Retail,0,12
1612,2025-01-23 14:50:00,105.23,"Beard, Scott and Baker",Visa,Mobile,0,Tamaulipas,Supermercado,0,38
1613,2025-01-13 05:15:00,76.13,Huang Ltd,MasterCard,Desktop,0,Veracruz,Supermercado,0,22
1614,2025-01-12 19:25:00,39.21,Miranda LLC,MasterCard,Tablet,0,Sonora,Supermercado,0,29
1615,2025-01-05 09:27:00,40.5,Bowman-Romero,MasterCard,Mobile,0,Puebla,Restaurante,0,5
1616,2025-01-30 22:26:00,110.71,Herman-Baker,Amex,Desktop,0,EdoMex,Entretenimiento,0,5
1617,2025-01-10 07:06:00,513.95,"Church, Savage and Dixon",MasterCard,Mobile,0,Sonora,Servicios,0,37
1618,2025-01-05 02:10:00,108.42,Wright Ltd,Discover,Mobile,0,Nuevo León,Restaurante,0,29
1619,2025-01-26 13:04:00,81.6,Macias-Hawkins,Visa,Desktop,0,Sonora,Retail,0,24
1620,2025-01-15 07:53:00,131.17,"Warren, Miller and Lucas",Amex,Desktop,0,Michoacán,Servicios,0,38
1621,2025-01-27 02:08:00,62.59,Johnson Group,Visa,Tablet,0,Puebla,Restaurante,0,46
1622,2025-01-19 18:27:00,6.2,Stewart-Barnett,Amex,Tablet,0,Jalisco,Restaurante,0,41
1623,2025-01-05 16:36:00,82.62,"Williams, Aguilar and Hamilton",Discover,Mobile,0,Sonora,Supermercado,0,40
1624,2025-02-01 23:25:00,316.12,"Smith, Weaver and Smith",Amex,Tablet,0,Tamaulipas,Retail,0,31
1625,2025-01-04 11:14:00,19.27,Davenport Group,Amex,Mobile,0,Coahuila,Supermercado,0,11
1626,2025-01-14 02:49:00,117.12,Cunningham-Roach,Amex,Mobile,0,Puebla,Servicios,0,46
1627,2025-01-19 10:21:00,22.43,"Williams, Terry and Coleman",Visa,Tablet,0,Baja California,Retail,0,3
1628,2025-01-16 06:55:00,76.75,"Morgan, Blankenship and Jenkins",MasterCard,Tablet,0,Nuevo León,Turismo,0,42
1629,2025-01-27 20:31:00,10.17,"Jordan, Oconnor and Ferrell",Visa,Tablet,0,Michoacán,Electrónica,0,23
1630,2025-01-29 11:06:00,59.85,Walters Group,MasterCard,Desktop,0,Jalisco,Restaurante,0,29
1631,2025-01-22 22:27:00,141.13,"Chapman, Johnson and Martin",Visa,Mobile,0,Nuevo León,Retail,0,13
1632,2025-01-22 06:17:00,42.71,Smith-Grimes,Discover,Mobile,0,EdoMex,Entretenimiento,0,44
1633,2025-01-08 17:29:00,109.34,Clark PLC,Discover,Mobile,0,Coahuila,Entretenimiento,0,12
1634,2025-01-30 00:04:00,158.69,"Ball, Brown and Wilkins",Amex,Tablet,0,Puebla,Turismo,0,33
1635,2025-01-23 20:50:00,261.97,Garcia-Gillespie,Discover,Tablet,0,Veracruz,Restaurante,0,41
1636,2025-01-29 18:18:00,26.74,"Williams, Johnson and Fox",Amex,Tablet,0,Jalisco,Electrónica,0,46
1637,2025-01-29 22:55:00,50.97,Lam Group,MasterCard,Tablet,0,Guanajuato,Restaurante,0,15
1638,2025-01-31 20:31:00,16.54,Carter Inc,Discover,Tablet,0,Jalisco,Servicios,0,23
1639,2025-01-21 02:07:00,489.07,Murray-Foster,MasterCard,Desktop,0,CDMX,Supermercado,0,11
1640,2025-02-04 19:55:00,261.73,Duarte-Hunter,Visa,Tablet,0,Jalisco,Turismo,0,47
1641,2025-01-16 03:06:00,77.64,Brown-Reynolds,MasterCard,Mobile,0,EdoMex,Retail,0,43
1642,2025-01-08 05:36:00,184.54,Brown-Marshall,Visa,Tablet,0,Veracruz,Retail,0,50
1643,2025-01-29 01:21:00,73.6,Gilbert and Sons,MasterCard,Mobile,0,Chihuahua,Retail,0,2
1644,2025-01-10 15:47:00,97.71,Nelson Ltd,MasterCard,Tablet,0,Chihuahua,Turismo,0,14
1645,2025-01-09 22:02:00,9.33,Gonzalez Ltd,Discover,Tablet,1,Chihuahua,Retail,0,8
1646,2025-01-31 17:40:00,140.76,Guerrero-Gonzales,MasterCard,Mobile,0,Chihuahua,Electrónica,0,8
1647,2025-01-18 23:47:00,13.66,White-Proctor,Discover,Mobile,0,Sonora,Electrónica,0,21
1648,2025-01-18 02:47:00,174.91,"Foster, Fisher and Haynes",Discover,Mobile,0,Michoacán,Turismo,0,32
1649,2025-01-07 11:19:00,152.34,"Hutchinson, Gallegos and Dunn",Amex,Mobile,0,Guanajuato,Servicios,0,33
1650,2025-01-03 09:32:00,123.36,"Donovan, Oneill and Cole",Amex,Desktop,0,Guanajuato,Servicios,0,5
1651,2025-01-30 04:40:00,3.68,Sanchez Ltd,Visa,Mobile,0,Baja California,Electrónica,0,13
1652,2025-01-15 01:19:00,36.12,Buckley-Gibbs,MasterCard,Tablet,0,Jalisco,Servicios,0,1
1653,2025-01-06 23:35:00,30.53,Carr-Steele,Visa,Tablet,0,Michoacán,Turismo,0,4
1654,2025-01-08 04:50:00,44.65,"Gallagher, Griffin and Buckley",MasterCard,Desktop,0,Chihuahua,Retail,0,6
1655,2025-01-26 09:40:00,9.17,Valentine Group,Amex,Mobile,0,EdoMex,Retail,0,26
1656,2025-01-10 03:03:00,276.4,Young-Lawson,Amex,Tablet,0,Sonora,Supermercado,0,5
1657,2025-01-14 18:23:00,80.7,Bass and Sons,MasterCard,Desktop,1,Guanajuato,Electrónica,0,15
1658,2025-01-17 10:44:00,36.46,Campbell-Lewis,MasterCard,Tablet,0,Sonora,Electrónica,0,22
1659,2025-01-14 23:39:00,50.58,"Hunt, Richard and Miller",Amex,Desktop,0,Nuevo León,Turismo,0,32
1660,2025-01-19 11:28:00,59.28,"Gibbs, Coleman and Bradley",Amex,Desktop,0,EdoMex,Turismo,0,47
1661,2025-01-25 09:11:00,91.78,Mercado Inc,Visa,Mobile,0,Jalisco,Turismo,0,22
1662,2025-01-27 11:46:00,72.5,Underwood PLC,Amex,Desktop,0,Puebla,Restaurante,0,8
1663,2025-01-15 15:35:00,251.82,Pierce and Sons,MasterCard,Tablet,0,EdoMex,Retail,0,41
1664,2025-01-05 07:20:00,68.71,Hobbs PLC,Visa,Tablet,0,Michoacán,Supermercado,0,19
1665,2025-01-07 06:19:00,484.83,Spencer-Juarez,MasterCard,Mobile,0,Guanajuato,Supermercado,0,40
1666,2025-01-10 07:30:00,190.67,"Lawson, Cantu and Hernandez",Discover,Mobile,0,EdoMex,Restaurante,0,14
1667,2025-01-02 00:00:00,23.38,"Brown, Bowman and Owen",Visa,Desktop,0,Puebla,Restaurante,0,5
1668,2025-02-04 17:22:00,266.78,Obrien PLC,MasterCard,Mobile,0,CDMX,Restaurante,0,41
1669,2025-01-21 10:28:00,12.37,Ortiz Group,Amex,Tablet,0,Baja California,Servicios,0,46
1670,2025-01-12 00:29:00,170.07,Campos-Espinoza,Discover,Tablet,0,Sonora,Servicios,0,48
1671,2025-02-04 10:59:00,47.9,"Turner, Lee and Donaldson",MasterCard,Mobile,0,EdoMex,Restaurante,0,15
1672,2025-01-13 14:58:00,210.35,Henderson Ltd,Visa,Mobile,0,Coahuila,Entretenimiento,0,37
1673,2025-01-31 22:40:00,202.54,"Rodriguez, Mitchell and Davis",MasterCard,Mobile,0,Tamaulipas,Servicios,0,29
1674,2025-01-31 20:39:00,163.95,"Frye, Cruz and Jones",Discover,Desktop,0,Nuevo León,Electrónica,0,47
1675,2025-01-30 14:46:00,156.08,White and Sons,Visa,Desktop,0,CDMX,Servicios,0,9
1676,2025-01-19 12:52:00,36.34,Hensley-Young,Discover,Tablet,0,Guanajuato,Entretenimiento,0,31
1677,2025-02-04 04:24:00,8.44,Kramer-Pena,MasterCard,Desktop,0,Baja California,Supermercado,0,22
1678,2025-01-23 13:24:00,51.58,Chavez LLC,Amex,Desktop,0,Coahuila,Restaurante,0,19
1679,2025-01-26 01:40:00,19.06,"Mullins, Howell and Johnson",Amex,Desktop,0,Puebla,Turismo,0,23
1680,2025-01-07 03:32:00,118.73,Smith-Garcia,MasterCard,Desktop,0,Nuevo León,Turismo,0,10
1681,2025-01-21 05:40:00,42.48,Contreras-Parker,MasterCard,Tablet,0,Jalisco,Turismo,0,34
1682,2025-02-05 17:31:00,371.36,Mcbride Inc,MasterCard,Mobile,0,Guanajuato,Retail,0,40
1683,2025-02-05 07:45:00,102.44,"Jackson, Snyder and Bates",Visa,Tablet,0,Nuevo León,Turismo,0,38
1684,2025-01-03 21:59:00,172.87,"Morris, Cochran and Smith",Discover,Desktop,1,Jalisco,Servicios,0,15
1685,2025-01-06 02:10:00,14.22,Brown-Cowan,Discover,Mobile,0,EdoMex,Turismo,0,23
1686,2025-02-03 21:15:00,198.06,"Wright, Nichols and Maldonado",Discover,Mobile,0,Tamaulipas,Electrónica,0,39
1687,2025-01-11 13:17:00,256.08,"Proctor, Gonzalez and Martin",MasterCard,Mobile,0,CDMX,Retail,0,18
1688,2025-01-02 04:36:00,66.76,Conrad PLC,Discover,Tablet,0,Jalisco,Supermercado,0,12
1689,2025-02-03 23:22:00,93.2,"Evans, Mayer and Pollard",MasterCard,Mobile,0,Veracruz,Servicios,0,28
1690,2025-01-02 11:45:00,144.74,Smith-Adams,Visa,Tablet,0,Michoacán,Electrónica,0,48
1691,2025-01-30 10:08:00,19.22,Mendez-Wright,Amex,Tablet,0,Tamaulipas,Servicios,0,26
1692,2025-01-09 20:34:00,69.83,Patel Ltd,MasterCard,Desktop,0,Coahuila,Servicios,0,17
1693,2025-01-01 12:08:00,50.86,Horne LLC,MasterCard,Desktop,0,Guanajuato,Retail,0,6
1694,2025-01-31 01:00:00,15.83,"Williams, Conway and Vazquez",Amex,Mobile,0,EdoMex,Electrónica,0,18
1695,2025-01-21 19:42:00,45.81,"Aguirre, Parker and Miller",Amex,Mobile,0,Puebla,Servicios,0,33
1696,2025-01-07 17:03:00,7.06,Carrillo LLC,Visa,Desktop,0,Coahuila,Retail,0,5
1697,2025-01-19 05:33:00,2.62,Oconnor Ltd,Discover,Tablet,0,Jalisco,Restaurante,0,9
1698,2025-01-17 11:53:00,14.52,"James, Browning and Peterson",MasterCard,Tablet,0,Nuevo León,Retail,0,22
1699,2025-01-01 01:06:00,330,Miller-Scott,Discover,Desktop,0,Veracruz,Retail,0,27
1700,2025-01-25 01:14:00,79.75,Stephenson Group,MasterCard,Tablet,0,Chihuahua,Electrónica,0,30
1701,2025-01-31 01:41:00,337.62,"Sullivan, Jones and Lang",Visa,Desktop,0,Coahuila,Entretenimiento,0,33
1702,2025-01-10 07:36:00,56.65,"Ford, Smith and Rivera",Amex,Desktop,0,CDMX,Turismo,0,8
1703,2025-01-10 13:38:00,37.37,Patel and Sons,Visa,Mobile,0,Veracruz,Supermercado,0,4
1704,2025-02-03 05:50:00,70.55,Ali-Graves,Amex,Mobile,0,Tamaulipas,Electrónica,0,38
1705,2025-02-04 11:57:00,57.89,Gray Group,Discover,Desktop,0,Baja California,Retail,0,8
1706,2025-01-08 08:43:00,11.17,"Clayton, Bradley and Rojas",Discover,Mobile,0,Coahuila,Retail,0,13
1707,2025-01-20 14:37:00,102.39,"Velazquez, Foster and Yoder",Visa,Desktop,0,CDMX,Servicios,0,33
1708,2025-01-15 04:47:00,24.34,Foster-Davis,Amex,Tablet,0,Guanajuato,Turismo,0,32
1709,2025-01-18 22:20:00,96.65,Roach Group,Visa,Tablet,0,Chihuahua,Entretenimiento,0,31
1710,2025-01-20 09:54:00,105.04,"Parrish, Thompson and George",Amex,Tablet,0,Veracruz,Retail,0,2
1711,2025-01-03 20:30:00,16.49,"Brown, Campbell and Parker",Amex,Tablet,0,EdoMex,Retail,0,7
1712,2025-01-09 00:51:00,6.33,Shaw Inc,Discover,Desktop,0,Veracruz,Servicios,0,10
1713,2025-01-28 10:26:00,151.76,Oliver-Gaines,Discover,Tablet,0,Nuevo León,Supermercado,0,42
1714,2025-01-17 05:53:00,61.58,"Mason, Allen and Adams",Amex,Tablet,0,Chihuahua,Supermercado,0,43
1715,2025-01-08 04:54:00,5.99,Burke Inc,Amex,Tablet,0,EdoMex,Electrónica,0,43
1716,2025-02-03 05:25:00,527.19,Dunn LLC,Amex,Tablet,0,EdoMex,Restaurante,0,30
1717,2025-02-01 05:58:00,5.95,Long-James,Discover,Desktop,0,Baja California,Retail,0,41
1718,2025-01-08 01:36:00,118.76,Wood-Myers,Discover,Tablet,0,Nuevo León,Electrónica,0,14
1719,2025-01-27 04:01:00,411.53,Underwood Ltd,MasterCard,Mobile,0,CDMX,Turismo,0,13
1720,2025-02-03 19:20:00,27.34,Williams-House,Amex,Mobile,0,Veracruz,Retail,0,47
1721,2025-01-21 12:20:00,15.34,Zimmerman-Suarez,MasterCard,Mobile,0,Guanajuato,Entretenimiento,0,27
1722,2025-01-11 17:48:00,12.94,"Crawford, Cook and Malone",Amex,Mobile,0,Coahuila,Restaurante,0,6
1723,2025-01-22 04:10:00,36.14,"Hall, Hall and Wagner",Discover,Mobile,0,Coahuila,Turismo,0,21
1724,2025-01-27 09:57:00,10.65,"Whitaker, Lopez and Walters",MasterCard,Mobile,0,Baja California,Turismo,0,13
1725,2025-01-22 05:16:00,117.82,"Herrera, Morris and Hoover",MasterCard,Desktop,0,Veracruz,Turismo,0,28
1726,2025-01-12 17:21:00,6.43,Mills-Campbell,Visa,Mobile,0,CDMX,Supermercado,0,7
1727,2025-01-15 18:47:00,71.22,"Benton, Perry and Winters",Amex,Tablet,0,Sonora,Servicios,0,5
1728,2025-01-30 00:29:00,571.29,"Miller, Allen and Edwards",Discover,Mobile,0,Guanajuato,Supermercado,0,12
1729,2025-02-01 22:57:00,168.18,"Green, Williams and Lloyd",Visa,Desktop,0,Baja California,Servicios,0,22
1730,2025-01-14 04:10:00,95.51,"Moss, Williams and Joseph",Visa,Mobile,0,Puebla,Electrónica,0,46
1731,2025-01-18 18:26:00,36.56,Gallagher Inc,Amex,Tablet,0,Tamaulipas,Turismo,0,17
1732,2025-01-01 11:05:00,97.79,"Hudson, Allen and Case",Visa,Tablet,0,Michoacán,Electrónica,0,30
1733,2025-01-06 01:35:00,74.87,Martin-Gutierrez,Amex,Desktop,0,Puebla,Electrónica,0,9
1734,2025-01-24 02:14:00,55.53,Moore-Schneider,Visa,Desktop,0,Chihuahua,Entretenimiento,0,34
1735,2025-01-06 12:13:00,14.01,"Davies, Watson and Moss",Amex,Desktop,0,Michoacán,Electrónica,0,37
1736,2025-01-18 00:11:00,217.69,Robinson-Jones,Discover,Desktop,0,Puebla,Servicios,0,48
1737,2025-01-27 22:17:00,59.74,"Sharp, Smith and Smith",Amex,Mobile,0,Sonora,Servicios,0,12
1738,2025-01-21 03:57:00,21.64,Kemp-Rogers,Amex,Mobile,0,Chihuahua,Retail,0,49
1739,2025-01-09 16:41:00,45.85,Moore Group,MasterCard,Tablet,0,Nuevo León,Supermercado,0,20
1740,2025-01-26 15:42:00,53.47,"Stewart, Rodriguez and Beck",Discover,Desktop,0,Veracruz,Supermercado,0,20
1741,2025-02-03 01:12:00,175.76,Thomas Ltd,Discover,Desktop,0,EdoMex,Retail,0,36
1742,2025-01-05 06:00:00,132.28,Pierce-Burns,Discover,Mobile,0,CDMX,Restaurante,0,32
1743,2025-01-14 03:44:00,146.67,Kemp Group,Visa,Desktop,0,Jalisco,Supermercado,0,1
1744,2025-01-16 03:17:00,1.11,Gardner and Sons,MasterCard,Tablet,0,Jalisco,Retail,0,18
1745,2025-01-14 13:50:00,53.81,Espinoza-Valentine,Discover,Tablet,1,Tamaulipas,Turismo,0,42
1746,2025-01-20 17:18:00,65.65,"Jones, Hale and Kirk",Visa,Desktop,0,Coahuila,Servicios,0,48
1747,2025-02-03 02:12:00,1.94,Lin LLC,Visa,Tablet,0,Chihuahua,Entretenimiento,0,3
1748,2025-01-12 01:14:00,30.09,Ho PLC,Visa,Tablet,0,Coahuila,Retail,0,4
1749,2025-02-01 01:09:00,142.83,Sellers-Holloway,MasterCard,Mobile,0,Coahuila,Servicios,0,49
1750,2025-01-24 08:02:00,14.75,Thompson LLC,Visa,Tablet,0,Guanajuato,Turismo,0,21
1751,2025-01-25 11:38:00,76.64,Lee-Brown,MasterCard,Desktop,0,Jalisco,Turismo,0,45
1752,2025-01-01 23:20:00,24.23,"James, Keller and Hardin",Amex,Desktop,0,Baja California,Restaurante,0,20
1753,2025-01-23 21:25:00,1.22,"Terry, Murray and Johnson",Visa,Tablet,0,Baja California,Turismo,0,24
1754,2025-01-05 00:29:00,27.6,Schaefer-Wong,Discover,Desktop,0,Nuevo León,Turismo,0,35
1755,2025-01-19 17:30:00,372.45,Greer-Lopez,Visa,Mobile,0,EdoMex,Turismo,0,14
1756,2025-01-14 01:13:00,161.72,Williams-Moore,Amex,Tablet,0,Chihuahua,Electrónica,0,33
1757,2025-01-29 08:52:00,320.83,Walker-Keller,Amex,Tablet,0,Jalisco,Retail,0,42
1758,2025-01-21 19:31:00,66.91,"Stevenson, Ramirez and Hicks",Visa,Tablet,0,Jalisco,Turismo,0,36
1759,2025-01-30 02:54:00,11.62,Bailey-Brewer,Amex,Desktop,0,Chihuahua,Supermercado,0,13
1760,2025-01-01 07:23:00,79.4,Guzman PLC,MasterCard,Desktop,0,EdoMex,Retail,0,3
1761,2025-01-12 04:24:00,60.58,Baker Inc,MasterCard,Tablet,0,Nuevo León,Electrónica,0,17
1762,2025-01-02 00:25:00,186.02,Anderson-Williams,Visa,Desktop,0,Puebla,Turismo,0,33
1763,2025-01-21 22:39:00,10.32,Smith-French,MasterCard,Desktop,0,Sonora,Supermercado,0,10
1764,2025-01-13 20:10:00,66.99,Bauer PLC,MasterCard,Tablet,0,Jalisco,Restaurante,0,35
1765,2025-01-25 23:42:00,16.26,"Good, Short and Mcdaniel",Discover,Tablet,0,Puebla,Supermercado,0,48
1766,2025-01-27 02:27:00,39.26,"Decker, Hernandez and Price",Visa,Desktop,0,Guanajuato,Retail,0,23
1767,2025-01-11 19:30:00,133.7,Hawkins PLC,Amex,Tablet,0,EdoMex,Turismo,0,3
1768,2025-01-09 06:42:00,64.63,Christian-Bishop,Visa,Tablet,0,Puebla,Retail,0,14
1769,2025-01-19 22:14:00,47.14,Elliott-Davis,MasterCard,Tablet,0,Coahuila,Servicios,0,5
1770,2025-01-31 09:07:00,50.17,Thompson-Martinez,Discover,Tablet,0,Baja California,Supermercado,0,16
1771,2025-02-05 02:40:00,61.52,Morris-Mitchell,Visa,Desktop,0,Veracruz,Electrónica,0,10
1772,2025-01-22 02:35:00,153.72,"Morales, Lam and Ali",Visa,Tablet,0,Guanajuato,Supermercado,0,43
1773,2025-01-04 12:49:00,222.64,Harmon-Mendoza,MasterCard,Mobile,0,Chihuahua,Supermercado,0,31
1774,2025-01-08 00:44:00,310.86,Mora-Cisneros,MasterCard,Tablet,0,Veracruz,Entretenimiento,0,14
1775,2025-02-01 19:59:00,154.6,"Smith, Adams and Smith",Visa,Mobile,0,Guanajuato,Servicios,0,8
1776,2025-01-12 03:17:00,37.89,Schroeder-Lane,MasterCard,Tablet,0,Veracruz,Restaurante,0,29
1777,2025-01-23 05:38:00,116.52,"Burke, Jones and Lewis",MasterCard,Mobile,0,Baja California,Turismo,0,12
1778,2025-01-02 11:15:00,57.55,"Randall, Rose and Elliott",MasterCard,Mobile,0,Coahuila,Electrónica,0,8
1779,2025-02-03 21:48:00,29.39,Lindsey-Moss,MasterCard,Tablet,0,Nuevo León,Turismo,0,9
1780,2025-01-19 18:31:00,183.8,Reeves-Johnson,MasterCard,Tablet,0,Baja California,Entretenimiento,0,13
1781,2025-01-07 14:34:00,3.92,Clark-Murphy,Discover,Tablet,0,Coahuila,Entretenimiento,0,43
1782,2025-01-09 19:08:00,232.04,"Rice, Hudson and Morrison",MasterCard,Mobile,0,Baja California,Restaurante,0,36
1783,2025-01-21 01:14:00,61.89,"Robertson, Grant and Ellis",Amex,Desktop,0,Sonora,Retail,0,7
1784,2025-01-27 16:36:00,101.39,Ayers-Campbell,Visa,Desktop,0,Tamaulipas,Retail,0,13
1785,2025-01-17 00:50:00,107.69,Hobbs-Mora,Discover,Tablet,0,Veracruz,Retail,0,37
1786,2025-01-06 08:28:00,225.49,"Brown, Fitzpatrick and Sanders",Discover,Desktop,0,EdoMex,Restaurante,0,11
1787,2025-01-31 12:35:00,101.24,Khan PLC,MasterCard,Desktop,0,Jalisco,Turismo,0,5
1788,2025-01-30 09:37:00,95.17,Martin-Wilson,Visa,Tablet,0,Jalisco,Restaurante,0,1
1789,2025-02-03 04:05:00,6.9,"Sanchez, Johnson and Miller",Amex,Mobile,0,EdoMex,Supermercado,0,20
1790,2025-01-01 01:55:00,73.07,Sandoval-Murphy,MasterCard,Tablet,0,Coahuila,Electrónica,0,13
1791,2025-01-22 08:20:00,16.27,"Wilkerson, Madden and Keller",Visa,Desktop,0,Jalisco,Electrónica,0,32
1792,2025-02-05 16:24:00,133.73,"Dixon, Hall and Sanchez",MasterCard,Mobile,0,Puebla,Entretenimiento,0,27
1793,2025-01-07 05:44:00,71.79,"Reyes, Pierce and Schmidt",MasterCard,Desktop,0,Guanajuato,Electrónica,0,47
1794,2025-01-25 10:26:00,114.01,Fitzgerald-Glass,MasterCard,Mobile,0,Sonora,Supermercado,0,15
1795,2025-02-04 09:29:00,4.26,Fischer-Mcdonald,MasterCard,Desktop,0,CDMX,Electrónica,0,49
1796,2025-01-02 01:39:00,8.86,"Williams, Gilbert and Fisher",MasterCard,Tablet,0,Coahuila,Turismo,0,34
1797,2025-01-13 10:41:00,125.99,"Jordan, Martinez and Gomez",MasterCard,Desktop,0,Baja California,Retail,0,33
1798,2025-01-28 08:18:00,7.48,Flores Inc,MasterCard,Desktop,0,Puebla,Entretenimiento,0,6
1799,2025-01-21 02:40:00,7.39,Edwards-Garcia,Amex,Mobile,0,Chihuahua,Entretenimiento,0,47
1800,2025-01-31 05:43:00,1.22,Evans and Sons,Discover,Desktop,0,Michoacán,Entretenimiento,0,37
1801,2025-01-26 01:43:00,313.5,"Hansen, Sparks and Myers",Amex,Tablet,0,Coahuila,Turismo,0,30
1802,2025-01-23 05:53:00,133.75,"Holden, Horn and Chapman",MasterCard,Tablet,0,Chihuahua,Turismo,0,46
1803,2025-01-08 07:13:00,43.58,Ward and Sons,MasterCard,Tablet,0,Michoacán,Supermercado,0,30
1804,2025-01-08 13:28:00,35.17,"Kirby, Rich and White",Amex,Mobile,0,Nuevo León,Electrónica,0,6
1805,2025-02-04 18:01:00,43.03,Rogers Inc,Amex,Mobile,0,Coahuila,Restaurante,0,41
1806,2025-01-28 20:34:00,149.01,Bradshaw-Garcia,Discover,Desktop,0,Sonora,Retail,0,47
1807,2025-01-02 14:11:00,108.28,"Kaufman, Stewart and Solomon",Amex,Desktop,0,Chihuahua,Supermercado,0,46
1808,2025-01-24 11:50:00,20.48,Hamilton-Roberts,Discover,Desktop,0,CDMX,Electrónica,0,41
1809,2025-01-30 09:06:00,19.13,"Stewart, Galvan and Terry",MasterCard,Mobile,0,Veracruz,Restaurante,0,31
1810,2025-01-30 09:39:00,10.36,Thompson-Hernandez,Visa,Mobile,0,Jalisco,Retail,0,50
1811,2025-01-23 08:30:00,107.97,"Macias, Macias and Nolan",Visa,Desktop,0,Veracruz,Electrónica,0,21
1812,2025-01-09 00:16:00,144.55,Compton Group,Visa,Mobile,0,Sonora,Restaurante,0,32
1813,2025-01-06 15:35:00,30.79,Edwards-Lynch,Visa,Mobile,0,Baja California,Turismo,0,49
1814,2025-01-30 09:14:00,2.12,Valencia-Vincent,MasterCard,Tablet,0,EdoMex,Electrónica,0,44
1815,2025-01-12 20:37:00,8.57,"Avery, Torres and Smith",Visa,Tablet,0,Puebla,Restaurante,0,12
1816,2025-02-04 23:31:00,343.77,Peters-Torres,Amex,Desktop,0,CDMX,Turismo,0,35
1817,2025-02-04 16:51:00,35.02,Cohen Group,Amex,Desktop,0,Baja California,Electrónica,0,35
1818,2025-01-05 15:51:00,146.63,Cain-Ward,Visa,Tablet,0,CDMX,Restaurante,0,2
1819,2025-02-04 01:49:00,97.99,Tucker Inc,Amex,Mobile,0,Jalisco,Electrónica,0,10
1820,2025-01-17 04:30:00,48.12,"Hayes, Burgess and Ryan",Discover,Desktop,0,Veracruz,Servicios,0,8
1821,2025-01-23 18:40:00,23.03,Hughes-Simon,MasterCard,Desktop,0,Sonora,Electrónica,0,6
1822,2025-01-01 14:03:00,12.94,"Cuevas, Richardson and Chambers",Visa,Desktop,1,Michoacán,Entretenimiento,0,11
1823,2025-01-25 15:04:00,95.45,Mullins-Greene,Visa,Mobile,0,Veracruz,Electrónica,0,7
1824,2025-01-14 21:24:00,149,"Warren, Torres and Butler",MasterCard,Tablet,0,Baja California,Restaurante,0,25
1825,2025-02-02 08:08:00,103.26,Lewis Ltd,Amex,Desktop,0,Veracruz,Supermercado,0,36
1826,2025-01-23 17:07:00,75.57,Rodgers-Perez,MasterCard,Tablet,0,Puebla,Turismo,0,17
1827,2025-01-06 06:33:00,4.29,Tucker Inc,MasterCard,Tablet,0,Jalisco,Retail,0,2
1828,2025-01-16 03:23:00,345.74,Davenport Inc,Amex,Mobile,0,Puebla,Entretenimiento,0,37
1829,2025-01-03 06:06:00,160.3,"Doyle, Ortiz and Carter",MasterCard,Mobile,0,CDMX,Entretenimiento,0,33
1830,2025-01-14 13:24:00,34.65,"Robles, James and Whitaker",Amex,Mobile,0,Chihuahua,Electrónica,0,18
1831,2025-01-05 14:44:00,391.05,Randall-Thomas,Amex,Mobile,0,EdoMex,Entretenimiento,0,40
1832,2025-01-17 13:04:00,92.1,"Guerrero, Jackson and Smith",MasterCard,Mobile,0,Michoacán,Servicios,0,30
1833,2025-01-28 07:56:00,87.33,Benson Inc,Discover,Mobile,0,EdoMex,Turismo,0,14
1834,2025-01-19 19:21:00,137.86,Martinez-Carlson,Amex,Desktop,0,Veracruz,Turismo,0,16
1835,2025-01-24 16:36:00,167.01,Knight Inc,MasterCard,Tablet,0,Coahuila,Restaurante,0,20
1836,2025-01-11 15:22:00,106.85,Lewis-Mcdonald,Amex,Mobile,0,Guanajuato,Entretenimiento,0,15
1837,2025-01-30 14:01:00,13.71,Morales Group,Discover,Desktop,0,Sonora,Retail,0,4
1838,2025-01-22 07:36:00,41.29,"Scott, Nelson and Rios",Discover,Tablet,0,Guanajuato,Entretenimiento,0,35
1839,2025-01-13 13:01:00,263.23,"Bennett, Tanner and Duke",Visa,Mobile,0,Coahuila,Restaurante,0,16
1840,2025-01-14 20:18:00,25.44,Rhodes Group,Amex,Mobile,0,Chihuahua,Electrónica,0,45
1841,2025-01-03 00:44:00,46.55,"Doyle, Anderson and Diaz",Amex,Desktop,0,Nuevo León,Electrónica,0,47
1842,2025-01-11 20:30:00,56.58,"Ross, Evans and Ibarra",MasterCard,Tablet,0,CDMX,Retail,0,7
1843,2025-01-18 21:10:00,57.88,"Gibbs, Ho and Harvey",Amex,Mobile,0,Tamaulipas,Entretenimiento,0,32
1844,2025-02-02 03:32:00,94.92,Williams and Sons,Visa,Tablet,0,Puebla,Entretenimiento,0,16
1845,2025-01-04 16:45:00,286.6,Sullivan-Miller,Discover,Desktop,0,Baja California,Restaurante,0,22
1846,2025-01-13 07:51:00,27.53,West-Walker,Discover,Mobile,0,Michoacán,Turismo,0,14
1847,2025-02-01 22:41:00,12.95,Robinson-Hernandez,Visa,Tablet,0,Guanajuato,Turismo,0,32
1848,2025-02-05 06:25:00,22,Park Ltd,Amex,Desktop,0,Michoacán,Electrónica,0,24
1849,2025-01-02 22:35:00,217.97,Brown-Davenport,Amex,Desktop,0,Baja California,Entretenimiento,0,15
1850,2025-01-09 19:16:00,103.79,Robinson-Rodriguez,Visa,Mobile,0,Tamaulipas,Entretenimiento,0,21
1851,2025-01-09 22:49:00,33.67,"Levine, Meyer and Woods",MasterCard,Tablet,0,Puebla,Electrónica,0,37
1852,2025-01-19 03:50:00,169.25,Cantrell PLC,Discover,Mobile,0,Nuevo León,Entretenimiento,0,44
1853,2025-01-12 08:13:00,197.59,Webb Inc,Visa,Mobile,0,Sonora,Restaurante,0,9
1854,2025-01-14 13:39:00,187.41,French-Fuller,Visa,Tablet,0,Chihuahua,Servicios,0,10
1855,2025-01-26 11:56:00,251.24,Gonzalez and Sons,Amex,Tablet,0,Baja California,Supermercado,0,32
1856,2025-01-14 09:08:00,29.07,Hood LLC,Discover,Tablet,0,Michoacán,Entretenimiento,0,49
1857,2025-02-01 08:10:00,140.67,"Jones, Gilbert and Meza",Amex,Desktop,0,Tamaulipas,Servicios,0,39
1858,2025-01-28 18:38:00,61.72,Reed Group,Visa,Desktop,0,Sonora,Electrónica,0,29
1859,2025-01-21 16:48:00,184.52,Orozco-Booth,MasterCard,Tablet,0,EdoMex,Servicios,0,6
1860,2025-01-29 19:03:00,130.38,"Li, Johnson and Robertson",Discover,Desktop,0,Nuevo León,Servicios,0,37
1861,2025-01-27 09:46:00,149.81,Thomas-Hernandez,Visa,Mobile,0,EdoMex,Retail,0,27
1862,2025-01-05 12:45:00,106.76,Parks-Pope,Visa,Tablet,0,Tamaulipas,Retail,0,45
1863,2025-01-16 12:39:00,19.53,"Mccoy, Adkins and Velasquez",MasterCard,Mobile,0,Veracruz,Retail,0,38
1864,2025-01-26 21:52:00,78.75,"Webb, Hamilton and Smith",Visa,Tablet,0,Jalisco,Restaurante,0,28
1865,2025-01-25 03:50:00,417.79,"Rocha, Peck and Tyler",Visa,Mobile,0,CDMX,Retail,0,13
1866,2025-01-04 10:26:00,277.08,Welch-Flowers,Discover,Tablet,0,Veracruz,Servicios,0,39
1867,2025-01-11 14:28:00,4.41,Green-Hayden,Discover,Mobile,0,Michoacán,Turismo,0,48
1868,2025-01-08 14:27:00,18.01,Farley Inc,Discover,Tablet,0,Tamaulipas,Electrónica,0,39
1869,2025-01-25 06:52:00,14.13,Gonzalez Ltd,Amex,Tablet,0,Guanajuato,Servicios,0,9
1870,2025-01-24 23:20:00,129.46,Chavez Ltd,MasterCard,Desktop,0,Chihuahua,Turismo,0,47
1871,2025-02-03 08:21:00,170.26,Sullivan Group,Discover,Mobile,0,Jalisco,Electrónica,0,7
1872,2025-02-03 19:21:00,24.02,Anderson-Ross,Amex,Desktop,0,Sonora,Electrónica,0,21
1873,2025-01-01 16:09:00,70.49,Watson-Evans,Amex,Mobile,0,Coahuila,Turismo,0,12
1874,2025-01-16 00:10:00,183.7,Oneill Inc,MasterCard,Desktop,0,Jalisco,Turismo,0,48
1875,2025-01-31 08:48:00,131.98,Wise PLC,MasterCard,Tablet,0,Veracruz,Restaurante,0,38
1876,2025-01-26 23:36:00,78.14,"Hill, Mercer and Cooper",Visa,Desktop,0,Puebla,Retail,0,35
1877,2025-01-04 06:50:00,89.24,Walker LLC,Amex,Desktop,0,Nuevo León,Retail,0,10
1878,2025-02-04 22:26:00,71,Edwards LLC,Discover,Tablet,0,Veracruz,Servicios,0,41
1879,2025-01-02 22:58:00,35.32,Knox PLC,MasterCard,Desktop,0,Baja California,Entretenimiento,0,23
1880,2025-01-29 10:25:00,83.25,Rodriguez-Castro,Amex,Tablet,0,Coahuila,Electrónica,0,9
1881,2025-01-09 18:14:00,116.76,"Gonzalez, Jones and Cruz",Discover,Mobile,0,EdoMex,Restaurante,0,33
1882,2025-01-08 00:17:00,206.61,Bradford Ltd,Amex,Desktop,0,Michoacán,Servicios,0,32
1883,2025-02-03 07:39:00,101.14,Garza-Alvarado,MasterCard,Tablet,0,Guanajuato,Entretenimiento,0,16
1884,2025-01-22 13:54:00,143.18,Larson-Small,Visa,Tablet,0,Nuevo León,Restaurante,0,29
1885,2025-01-29 22:11:00,17.44,Moran Ltd,Amex,Desktop,0,Nuevo León,Restaurante,0,7
1886,2025-01-06 06:37:00,61.91,Beasley Inc,Discover,Mobile,0,Veracruz,Entretenimiento,0,39
1887,2025-01-21 22:54:00,0.94,Mathews Inc,MasterCard,Desktop,0,Baja California,Retail,0,13
1888,2025-01-28 20:53:00,28.33,"Brown, Flores and Ramos",Visa,Tablet,0,Jalisco,Turismo,0,15
1889,2025-01-01 18:20:00,129.63,"Gould, Lee and Johnson",Discover,Mobile,0,Chihuahua,Retail,0,47
1890,2025-01-23 18:41:00,480.48,Harvey-Bailey,Discover,Desktop,0,Jalisco,Retail,0,15
1891,2025-01-28 22:35:00,10.44,"Brown, Ramos and Oconnor",Discover,Tablet,0,Michoacán,Electrónica,0,8
1892,2025-01-24 16:16:00,51.33,"Miller, Pratt and Bird",Amex,Desktop,0,Michoacán,Servicios,0,8
1893,2025-02-04 19:42:00,160.98,"Fernandez, Miller and Miller",MasterCard,Mobile,0,Veracruz,Turismo,0,27
1894,2025-01-09 20:58:00,22.82,Hurst PLC,Discover,Mobile,0,Veracruz,Restaurante,0,10
1895,2025-01-15 05:29:00,80.99,"Thompson, Hernandez and Stephens",Amex,Mobile,0,Jalisco,Supermercado,0,32
1896,2025-01-28 11:49:00,132.08,"Alvarez, Lee and Yang",MasterCard,Mobile,0,Guanajuato,Turismo,0,18
1897,2025-01-13 07:43:00,95.71,Washington Inc,MasterCard,Mobile,0,Guanajuato,Entretenimiento,0,16
1898,2025-01-15 23:58:00,20.83,"Garcia, Rubio and Herrera",Amex,Desktop,0,Sonora,Restaurante,0,21
1899,2025-01-09 22:37:00,43.91,"Salazar, Stevens and Baker",Amex,Mobile,0,EdoMex,Turismo,0,11
1900,2025-01-16 01:33:00,153.15,Pace-Barber,Discover,Mobile,0,EdoMex,Electrónica,0,1
1901,2025-01-16 05:22:00,80.79,"Patton, Beck and Gardner",MasterCard,Tablet,0,Puebla,Servicios,0,5
1902,2025-01-30 15:31:00,0.52,"Huber, Lawson and Terry",Visa,Mobile,0,Puebla,Servicios,0,50
1903,2025-01-19 11:11:00,143.13,"Harrington, Wagner and Maldonado",Amex,Tablet,0,Chihuahua,Turismo,0,21
1904,2025-01-10 10:23:00,3.59,Davis-Miller,MasterCard,Tablet,0,Veracruz,Servicios,0,6
1905,2025-01-23 13:49:00,136.94,Ross LLC,MasterCard,Tablet,0,Veracruz,Turismo,0,5
1906,2025-01-25 07:05:00,22.62,"Mcdonald, Quinn and Brown",Discover,Desktop,0,Sonora,Servicios,0,17
1907,2025-01-21 06:20:00,317.18,"Ford, Duffy and Perry",Visa,Desktop,0,Nuevo León,Entretenimiento,0,19
1908,2025-01-19 19:02:00,45.88,Blackburn-Dixon,Discover,Tablet,0,Coahuila,Servicios,0,42
1909,2025-02-04 16:54:00,39.59,"Frederick, Christian and Wilson",Visa,Desktop,0,Tamaulipas,Retail,0,6
1910,2025-01-03 05:45:00,16.12,Love-Morris,Visa,Mobile,0,Chihuahua,Servicios,0,7
1911,2025-01-23 07:50:00,36.47,"Hernandez, Carroll and Rice",Amex,Desktop,0,Nuevo León,Servicios,0,16
1912,2025-01-22 18:17:00,209.27,"Jackson, Elliott and Mullins",MasterCard,Mobile,0,Nuevo León,Electrónica,0,10
1913,2025-02-05 08:10:00,560.87,"Kim, Johnson and Chen",MasterCard,Mobile,0,Coahuila,Retail,0,18
1914,2025-01-24 09:33:00,45.94,"Watts, Galvan and Harris",MasterCard,Desktop,0,Veracruz,Servicios,0,31
1915,2025-01-26 12:18:00,59.53,"Garcia, Moore and Jones",Visa,Desktop,0,EdoMex,Turismo,0,9
1916,2025-01-14 13:38:00,128.04,"Wallace, Roberts and Wallace",MasterCard,Tablet,0,Veracruz,Servicios,0,5
1917,2025-01-21 16:46:00,217.33,York-Pierce,Amex,Desktop,0,Baja California,Electrónica,0,11
1918,2025-01-30 17:25:00,89.91,"Perry, Paul and Wright",Visa,Desktop,0,Coahuila,Restaurante,0,26
1919,2025-01-05 08:21:00,49.68,Potts Group,Visa,Desktop,0,Tamaulipas,Entretenimiento,0,48
1920,2025-01-10 20:49:00,53.21,"King, Lucas and Johnson",Visa,Mobile,0,Chihuahua,Restaurante,0,31
1921,2025-01-31 21:07:00,118.95,"Reese, Smith and Garcia",Visa,Mobile,0,Michoacán,Retail,0,30
1922,2025-01-05 06:21:00,0.32,Petty Ltd,Amex,Mobile,0,Coahuila,Restaurante,0,31
1923,2025-02-01 09:33:00,96.65,"Washington, Hernandez and Perkins",MasterCard,Tablet,0,Sonora,Servicios,0,38
1924,2025-01-22 17:59:00,43.93,"Meza, Li and Morrison",Amex,Tablet,0,Veracruz,Restaurante,0,35
1925,2025-02-04 15:00:00,158.08,Garcia and Sons,MasterCard,Tablet,0,Michoacán,Servicios,0,34
1926,2025-01-31 18:01:00,9.76,Price and Sons,Amex,Mobile,0,EdoMex,Restaurante,0,23
1927,2025-01-11 00:33:00,88.72,Walton-Campos,Discover,Desktop,0,Baja California,Turismo,0,19
1928,2025-01-23 15:19:00,65.58,Williams-Williams,Discover,Tablet,0,Tamaulipas,Electrónica,0,36
1929,2025-01-02 01:36:00,102.81,"Vargas, House and Adams",Discover,Tablet,0,Baja California,Retail,0,18
1930,2025-01-02 03:26:00,6.71,"Cox, Shelton and Carpenter",Discover,Mobile,0,Nuevo León,Electrónica,0,5
1931,2025-01-11 11:50:00,86.75,"Williams, Gomez and Nelson",Visa,Tablet,0,Coahuila,Turismo,0,26
1932,2025-01-29 17:16:00,82.44,Mendoza LLC,Visa,Desktop,0,Puebla,Turismo,0,20
1933,2025-01-07 00:44:00,82.25,"Olsen, Rose and Hendricks",Amex,Mobile,0,Sonora,Servicios,0,40
1934,2025-01-19 16:26:00,92.5,Nelson Group,Amex,Mobile,0,Puebla,Servicios,0,9
1935,2025-01-31 04:37:00,112.85,White PLC,Discover,Desktop,0,Michoacán,Electrónica,0,24
1936,2025-01-23 10:41:00,163.47,Brewer-Sanchez,MasterCard,Desktop,0,Coahuila,Supermercado,0,25
1937,2025-01-30 14:41:00,31.45,"Pearson, Kim and Lopez",Discover,Desktop,0,Chihuahua,Turismo,0,37
1938,2025-01-07 04:42:00,174.33,Allen-Rodriguez,Amex,Tablet,0,Sonora,Retail,0,3
1939,2025-01-16 01:41:00,68.97,Munoz and Sons,Discover,Desktop,0,Coahuila,Entretenimiento,0,45
1940,2025-02-04 20:02:00,8.02,"Reynolds, Long and Taylor",Amex,Mobile,0,Baja California,Restaurante,0,50
1941,2025-02-02 19:49:00,6.03,Meza and Sons,Discover,Desktop,0,Tamaulipas,Turismo,0,48
1942,2025-01-17 05:51:00,40.68,"Coleman, Miles and Miller",MasterCard,Mobile,0,Veracruz,Servicios,0,24
1943,2025-01-18 11:32:00,153.66,"Myers, Frederick and Lopez",Discover,Mobile,0,Veracruz,Restaurante,0,46
1944,2025-01-26 01:28:00,122.99,"Thomas, Curtis and Warner",MasterCard,Tablet,0,Tamaulipas,Turismo,0,40
1945,2025-01-13 13:09:00,155.41,"Miller, Forbes and Larson",MasterCard,Desktop,1,Baja California,Retail,0,34
1946,2025-01-08 21:56:00,72.83,Nguyen PLC,Amex,Tablet,0,CDMX,Servicios,0,15
1947,2025-01-27 13:05:00,58.02,Sheppard Group,MasterCard,Desktop,1,CDMX,Supermercado,0,11
1948,2025-01-04 07:33:00,15.95,Medina Inc,Visa,Desktop,0,Coahuila,Electrónica,0,45
1949,2025-01-29 16:39:00,39.78,Maldonado LLC,Visa,Desktop,0,Sonora,Electrónica,0,22
1950,2025-01-20 23:18:00,56.92,"Brooks, Wilkerson and Noble",Visa,Desktop,0,Baja California,Entretenimiento,0,10
1951,2025-01-19 10:29:00,9.28,Jones Group,Amex,Desktop,0,Coahuila,Supermercado,0,44
1952,2025-01-07 08:06:00,24.92,"Baxter, Richards and Hernandez",Visa,Mobile,0,Tamaulipas,Electrónica,0,40
1953,2025-01-05 13:28:00,91.19,Jones-Smith,Amex,Mobile,0,EdoMex,Entretenimiento,0,9
1954,2025-01-18 17:28:00,133.05,Leach Ltd,Amex,Desktop,0,EdoMex,Turismo,0,13
1955,2025-01-15 22:42:00,640.55,"Nguyen, Parker and Fernandez",Visa,Mobile,1,Sonora,Restaurante,0,23
1956,2025-01-19 00:43:00,270.48,Sanders Group,MasterCard,Tablet,0,Guanajuato,Turismo,0,39
1957,2025-01-15 21:37:00,102.88,Dean-Harvey,Discover,Tablet,0,Michoacán,Servicios,0,9
1958,2025-01-05 00:13:00,54.69,Torres-Nash,Amex,Tablet,0,Puebla,Servicios,0,31
1959,2025-01-26 06:43:00,101.11,Mcclain-Torres,Visa,Desktop,0,Tamaulipas,Electrónica,0,17
1960,2025-01-13 04:30:00,154.02,Jones-Dunn,Amex,Desktop,0,Baja California,Entretenimiento,0,28
1961,2025-01-25 15:10:00,12.59,"Ferguson, Gordon and Campbell",MasterCard,Mobile,0,EdoMex,Supermercado,0,26
1962,2025-01-12 13:47:00,52.75,Walls-Hunter,MasterCard,Mobile,0,Chihuahua,Restaurante,0,35
1963,2025-01-31 17:20:00,183.13,Edwards-Burns,Visa,Mobile,0,Baja California,Turismo,0,42
1964,2025-01-13 09:33:00,48.42,Gallagher-Coffey,Amex,Tablet,0,Veracruz,Entretenimiento,0,37
1965,2025-01-12 16:23:00,84.83,Chavez and Sons,Discover,Tablet,0,Coahuila,Electrónica,0,42
1966,2025-01-14 00:54:00,88.62,Jarvis Inc,Discover,Tablet,0,Sonora,Retail,0,48
1967,2025-01-20 09:30:00,20.39,Austin Inc,Amex,Tablet,0,Tamaulipas,Electrónica,0,18
1968,2025-01-20 04:05:00,44.98,Duncan-Johnston,Amex,Mobile,0,Sonora,Electrónica,0,45
1969,2025-01-01 18:56:00,40.72,Robinson-Hall,Amex,Desktop,0,Jalisco,Entretenimiento,0,23
1970,2025-01-01 16:34:00,2.65,Lee-Casey,Visa,Desktop,0,EdoMex,Retail,0,21
1971,2025-02-01 06:53:00,2.45,Conway-Rivera,MasterCard,Tablet,0,Sonora,Entretenimiento,0,34
1972,2025-01-09 12:44:00,178.2,Anderson-Wagner,Discover,Desktop,0,Chihuahua,Entretenimiento,0,23
1973,2025-01-08 01:52:00,31.89,Johnson-Underwood,Visa,Desktop,0,Chihuahua,Entretenimiento,0,39
1974,2025-01-04 00:14:00,73,Holden-Roy,Amex,Desktop,0,Nuevo León,Turismo,0,11
1975,2025-01-30 03:21:00,35.49,Mays Group,Amex,Tablet,0,Nuevo León,Servicios,0,15
1976,2025-01-01 01:46:00,282.48,Brown-Shields,MasterCard,Mobile,0,CDMX,Entretenimiento,0,47
1977,2025-01-25 10:44:00,30.02,Fletcher and Sons,Amex,Mobile,0,Coahuila,Servicios,0,14
1978,2025-01-04 20:05:00,56.15,Meyer PLC,Visa,Desktop,0,Nuevo León,Supermercado,0,5
1979,2025-01-29 19:35:00,206.14,"Cooper, Joseph and Johnson",Visa,Mobile,0,CDMX,Retail,0,44
1980,2025-01-06 11:23:00,184.47,Chan-Wade,MasterCard,Mobile,0,Tamaulipas,Servicios,0,5
1981,2025-01-16 05:10:00,20.59,"Torres, Shah and Castaneda",Visa,Tablet,0,Nuevo León,Restaurante,0,39
1982,2025-01-28 22:52:00,162.27,Anderson LLC,Discover,Tablet,0,Sonora,Supermercado,0,48
1983,2025-01-07 11:30:00,61.28,Cole-Howell,Visa,Desktop,0,Sonora,Servicios,0,44
1984,2025-01-12 19:09:00,65.97,Rodriguez-Chaney,Visa,Desktop,0,Chihuahua,Electrónica,0,37
1985,2025-01-01 17:16:00,14.33,"Reed, Smith and Allen",Visa,Desktop,0,Jalisco,Electrónica,0,35
1986,2025-01-07 05:30:00,8.4,Miller and Sons,Discover,Tablet,0,Chihuahua,Turismo,0,37
1987,2025-01-28 22:56:00,130.17,"Smith, Baker and Wood",Amex,Mobile,0,Baja California,Supermercado,0,15
1988,2025-01-24 22:28:00,68.61,Wade Inc,Visa,Tablet,0,Tamaulipas,Retail,0,47
1989,2025-01-30 00:00:00,57.42,"Davidson, Wiley and Holt",MasterCard,Tablet,0,Coahuila,Servicios,0,30
1990,2025-02-05 06:11:00,130.75,Sheppard Inc,Discover,Mobile,0,Veracruz,Supermercado,0,16
1991,2025-01-18 03:21:00,145.04,"Conner, Shelton and Hall",MasterCard,Mobile,0,Tamaulipas,Retail,0,2
1992,2025-01-11 15:05:00,17.31,Fisher-Rose,Visa,Desktop,0,Chihuahua,Electrónica,0,34
1993,2025-01-24 16:27:00,94.22,Gonzalez Inc,MasterCard,Mobile,0,Puebla,Supermercado,0,11
1994,2025-01-06 05:22:00,14.54,Hernandez Ltd,Visa,Mobile,0,Nuevo León,Electrónica,0,25
1995,2025-01-03 07:06:00,139.18,"Oliver, Cruz and Pollard",Discover,Mobile,0,Jalisco,Electrónica,0,47
1996,2025-01-29 12:46:00,106.99,"Mitchell, Huerta and Harris",MasterCard,Mobile,0,Baja California,Servicios,0,10
1997,2025-01-31 13:33:00,313.76,Martinez-Dougherty,MasterCard,Desktop,0,Jalisco,Turismo,0,32
1998,2025-01-25 19:04:00,7.15,Barnett-Mcdaniel,Visa,Desktop,0,Michoacán,Restaurante,0,9
1999,2025-01-09 11:52:00,5.87,Hines Ltd,Visa,Mobile,0,Nuevo León,Electrónica,0,12
2000,2025-02-04 14:26:00,33.15,"Jarvis, Ritter and Ellis",Amex,Mobile,0,Chihuahua,Servicios,0,5
2001,2025-01-27 03:40:00,30.34,Schmitt and Sons,Visa,Desktop,0,Chihuahua,Restaurante,0,37
2002,2025-01-15 17:42:00,28.37,Randall-Williams,Visa,Desktop,0,Coahuila,Retail,0,4
2003,2025-01-14 23:12:00,236.72,Vasquez-Aguirre,Amex,Mobile,0,Jalisco,Entretenimiento,0,23
2004,2025-02-03 09:53:00,28.71,Newman-Moreno,Visa,Tablet,0,Puebla,Retail,0,14
2005,2025-01-20 12:56:00,31.74,King and Sons,Visa,Desktop,0,Tamaulipas,Entretenimiento,0,12
2006,2025-01-01 14:10:00,142.46,Lamb-Reynolds,Amex,Desktop,0,Guanajuato,Turismo,0,24
2007,2025-01-29 04:38:00,59.74,Thompson-Cohen,Discover,Desktop,0,Guanajuato,Electrónica,0,22
2008,2025-01-26 04:13:00,149.93,"Sanchez, Stewart and Booker",Discover,Mobile,0,Sonora,Turismo,0,15
2009,2025-01-14 12:00:00,6.76,Foster PLC,Visa,Mobile,0,Nuevo León,Retail,0,15
2010,2025-01-12 23:17:00,66.86,Taylor LLC,Visa,Desktop,0,Chihuahua,Electrónica,0,6
2011,2025-01-15 13:46:00,3.42,"Taylor, Lane and Brady",Amex,Mobile,0,Chihuahua,Entretenimiento,0,18
2012,2025-01-06 08:23:00,6.47,"Riley, Watson and Davis",Amex,Mobile,0,Michoacán,Electrónica,0,16
2013,2025-02-05 10:56:00,236.91,"Payne, Davis and Cook",Discover,Desktop,0,Chihuahua,Entretenimiento,0,8
2014,2025-01-21 23:15:00,14.99,Wilson-Kennedy,MasterCard,Mobile,0,Chihuahua,Servicios,0,16
2015,2025-01-24 14:43:00,76.02,Hanson-Mills,Visa,Tablet,0,Jalisco,Supermercado,0,22
2016,2025-01-07 02:54:00,52.95,Moore-Simon,MasterCard,Mobile,0,Puebla,Restaurante,0,3
2017,2025-01-04 19:42:00,42.67,Campbell-Knapp,MasterCard,Mobile,0,Jalisco,Supermercado,0,5
2018,2025-01-10 02:20:00,230.09,Mullins Inc,Amex,Desktop,0,CDMX,Servicios,0,18
2019,2025-01-23 12:39:00,2.21,Johnson LLC,Visa,Desktop,0,Jalisco,Supermercado,0,4
2020,2025-01-31 20:17:00,109,Alvarez-Middleton,Visa,Tablet,0,Puebla,Supermercado,0,14
2021,2025-01-13 00:31:00,330.76,Vargas Inc,Amex,Mobile,0,Nuevo León,Restaurante,0,16
2022,2025-01-04 23:58:00,82.14,Carroll-Diaz,MasterCard,Tablet,0,Coahuila,Electrónica,0,29
2023,2025-01-19 19:41:00,276.18,"Franklin, Sims and Guerra",Amex,Tablet,0,CDMX,Servicios,0,32
2024,2025-02-05 18:55:00,5.37,"Holland, Kelley and Clark",Discover,Desktop,0,Michoacán,Servicios,0,34
2025,2025-01-17 23:27:00,54.26,Lopez-Miller,Visa,Mobile,0,Sonora,Retail,0,11
2026,2025-01-03 08:29:00,30.13,Andrews-Smith,Discover,Desktop,0,Jalisco,Turismo,0,15
2027,2025-01-12 04:25:00,131.24,Bowers-Reed,Amex,Tablet,0,Puebla,Servicios,0,23
2028,2025-01-03 17:46:00,397.91,Schultz and Sons,Visa,Tablet,0,Guanajuato,Electrónica,0,48
2029,2025-01-07 16:49:00,29.64,Thomas Ltd,Discover,Desktop,0,Puebla,Servicios,0,50
2030,2025-01-25 14:25:00,106.18,"Williams, Ball and Bush",Discover,Desktop,0,Guanajuato,Electrónica,0,15
2031,2025-01-29 10:56:00,22.08,"Reyes, Lewis and Rice",MasterCard,Desktop,0,Guanajuato,Restaurante,0,9
2032,2025-01-16 20:45:00,83.32,"Carlson, Jones and Goodwin",Visa,Desktop,0,Tamaulipas,Electrónica,0,18
2033,2025-01-14 04:48:00,62.35,Schroeder-Stevenson,Discover,Desktop,0,EdoMex,Servicios,0,22
2034,2025-01-26 09:31:00,357.57,Perez LLC,Discover,Tablet,0,Coahuila,Restaurante,0,47
2035,2025-01-05 08:39:00,93.78,Baker LLC,MasterCard,Desktop,0,Veracruz,Servicios,0,32
2036,2025-02-04 09:27:00,43,Robinson-Wilson,Discover,Mobile,0,EdoMex,Electrónica,0,15
2037,2025-01-01 03:49:00,12.11,Park-Crawford,Discover,Tablet,0,Chihuahua,Retail,0,15
2038,2025-01-20 19:16:00,16.4,Cohen-Ward,Discover,Tablet,0,Tamaulipas,Supermercado,0,31
2039,2025-01-08 05:51:00,25.53,"Wagner, Garcia and Strickland",MasterCard,Mobile,0,Veracruz,Servicios,0,29
2040,2025-01-23 10:30:00,28.9,Smith LLC,Discover,Mobile,0,EdoMex,Entretenimiento,0,22
2041,2025-01-05 12:47:00,190.12,"Smith, Martin and Bailey",Discover,Tablet,0,Baja California,Entretenimiento,0,19
2042,2025-01-02 00:22:00,82.38,Fernandez Group,Visa,Desktop,0,Guanajuato,Servicios,0,1
2043,2025-01-15 20:01:00,74.11,"Andrews, Taylor and Thomas",Visa,Tablet,0,Veracruz,Restaurante,0,35
2044,2025-01-09 06:07:00,12.19,Gray Ltd,MasterCard,Tablet,0,Nuevo León,Retail,0,21
2045,2025-01-31 17:55:00,196.71,Sims-Rice,Amex,Mobile,0,Guanajuato,Entretenimiento,0,48
2046,2025-01-10 14:06:00,128.31,"Fisher, Mccullough and Flowers",Visa,Tablet,0,EdoMex,Restaurante,0,6
2047,2025-02-05 08:16:00,7.01,Carson-Austin,MasterCard,Desktop,0,Baja California,Turismo,0,21
2048,2025-01-16 00:48:00,123.04,"Wells, Atkins and Ryan",Discover,Mobile,0,Tamaulipas,Entretenimiento,0,49
2049,2025-01-17 07:24:00,78.43,Wood-Robinson,Discover,Tablet,0,Nuevo León,Electrónica,0,40
2050,2025-01-18 22:06:00,8.53,"Jenkins, Miller and Jensen",MasterCard,Tablet,0,Nuevo León,Electrónica,0,7
2051,2025-01-02 16:05:00,61.3,Hernandez-Chandler,Discover,Desktop,0,Coahuila,Electrónica,0,44
2052,2025-01-30 00:18:00,66.3,"Carter, Casey and Pittman",Discover,Tablet,0,Veracruz,Supermercado,0,14
2053,2025-01-08 10:38:00,18.13,"Randolph, Costa and Williams",Amex,Tablet,0,CDMX,Servicios,0,13
2054,2025-02-03 18:05:00,291.32,"Washington, Walter and Meyers",Discover,Tablet,0,Nuevo León,Entretenimiento,0,22
2055,2025-01-21 05:25:00,189.7,Gray-Lopez,Visa,Tablet,0,Guanajuato,Servicios,0,22
2056,2025-01-19 16:11:00,110.57,Horn Group,Discover,Desktop,0,Chihuahua,Servicios,0,13
2057,2025-02-01 02:02:00,62.04,Lara-Crane,MasterCard,Tablet,0,Sonora,Retail,0,12
2058,2025-01-16 02:22:00,53.06,Smith-Young,Amex,Tablet,0,Chihuahua,Restaurante,0,23
2059,2025-02-03 03:07:00,105.26,Hanson Inc,Discover,Tablet,0,Tamaulipas,Entretenimiento,0,6
2060,2025-01-28 13:50:00,78.84,Smith Inc,MasterCard,Mobile,0,Veracruz,Turismo,0,41
2061,2025-01-03 09:51:00,6.43,Lawson-Hurst,Visa,Desktop,0,Chihuahua,Turismo,0,47
2062,2025-01-04 00:35:00,71.85,"Ray, Rios and Dunn",Discover,Mobile,0,Baja California,Electrónica,0,3
2063,2025-01-03 18:05:00,164.2,Taylor-Brown,Amex,Mobile,0,Sonora,Supermercado,0,40
2064,2025-02-05 17:07:00,61.48,"Fuller, Le and Cox",Discover,Desktop,0,Veracruz,Electrónica,0,22
2065,2025-01-28 01:25:00,5.34,Williams PLC,MasterCard,Mobile,0,Tamaulipas,Turismo,0,9
2066,2025-01-23 17:45:00,154.31,Yates Group,Amex,Mobile,0,Sonora,Retail,0,36
2067,2025-01-01 03:10:00,22.48,Thomas-Wong,Discover,Mobile,0,Jalisco,Supermercado,0,34
2068,2025-01-30 05:06:00,29.92,"Carter, Kirby and Chase",Visa,Desktop,0,Jalisco,Retail,0,16
2069,2025-01-24 19:53:00,18,Bass Group,Amex,Tablet,0,Tamaulipas,Servicios,0,19
2070,2025-02-05 12:41:00,40.08,Miranda Group,Visa,Desktop,0,EdoMex,Turismo,0,46
2071,2025-01-31 09:16:00,141.37,"Thornton, Bell and Norton",MasterCard,Desktop,0,Tamaulipas,Servicios,0,24
2072,2025-01-31 17:01:00,73.27,"Edwards, Evans and Johnson",Discover,Desktop,0,Coahuila,Electrónica,0,14
2073,2025-01-03 02:45:00,22.93,Baldwin-Austin,Visa,Mobile,0,Nuevo León,Supermercado,0,48
2074,2025-01-14 04:57:00,210.23,Knight and Sons,MasterCard,Tablet,0,Tamaulipas,Electrónica,0,45
2075,2025-01-11 09:50:00,211.68,Henderson-Davies,Discover,Desktop,0,Veracruz,Entretenimiento,0,8
2076,2025-01-01 15:00:00,204.47,Green Inc,MasterCard,Desktop,0,Nuevo León,Turismo,0,39
2077,2025-01-09 16:45:00,27.29,Gonzalez-Palmer,Visa,Tablet,0,Veracruz,Restaurante,0,43
2078,2025-01-11 11:23:00,60.01,"Peterson, Jacobson and Frazier",MasterCard,Tablet,0,Michoacán,Turismo,0,47
2079,2025-01-03 06:36:00,419.9,Rosales-Mcintyre,Amex,Tablet,0,Tamaulipas,Supermercado,0,42
2080,2025-01-13 04:06:00,147.85,Wilkins-Herrera,Discover,Mobile,0,CDMX,Restaurante,0,2
2081,2025-01-21 21:22:00,2.75,Zavala Ltd,MasterCard,Tablet,0,Puebla,Servicios,0,31
2082,2025-01-22 02:01:00,6.74,Simpson-Garcia,Visa,Mobile,0,Coahuila,Supermercado,0,41
2083,2025-01-15 12:05:00,62.35,"Allen, Young and Clark",Discover,Desktop,0,Chihuahua,Restaurante,0,8
2084,2025-01-23 12:00:00,239.93,"Campbell, Brock and Nelson",Amex,Mobile,0,Tamaulipas,Servicios,0,16
2085,2025-01-14 21:11:00,77.37,Holt Ltd,Discover,Tablet,0,Guanajuato,Turismo,0,39
2086,2025-01-28 10:57:00,68.88,"Davis, Townsend and Calderon",Amex,Mobile,0,Jalisco,Entretenimiento,0,40
2087,2025-01-14 09:56:00,11.15,"Brooks, Johnson and Nelson",Discover,Tablet,0,Jalisco,Turismo,0,28
2088,2025-01-17 03:11:00,106.94,Johnson-Graves,MasterCard,Mobile,0,Tamaulipas,Restaurante,0,29
2089,2025-01-26 13:17:00,172.66,"Martinez, Gould and Jacobson",MasterCard,Desktop,0,Michoacán,Entretenimiento,0,25
2090,2025-01-27 15:33:00,47.87,Robinson Group,Visa,Mobile,0,Chihuahua,Servicios,0,30
2091,2025-01-06 02:57:00,149.44,Austin-Owens,Amex,Desktop,0,Baja California,Servicios,0,28
2092,2025-01-10 23:07:00,333.76,Sparks-Perkins,Visa,Tablet,0,Sonora,Turismo,0,4
2093,2025-01-11 18:15:00,22.79,"Hensley, Hodge and Moses",MasterCard,Desktop,0,Michoacán,Servicios,0,47
2094,2025-01-17 12:52:00,74.09,Ward-Cameron,Amex,Tablet,0,Guanajuato,Retail,0,3
2095,2025-01-12 00:39:00,33.85,Ellis PLC,Visa,Tablet,0,Veracruz,Electrónica,0,29
2096,2025-01-27 18:52:00,157.43,Hawkins-Harvey,Visa,Desktop,0,Sonora,Electrónica,0,24
2097,2025-01-04 10:58:00,86.18,Gonzales-Michael,Visa,Desktop,0,Baja California,Restaurante,0,30
2098,2025-01-16 02:46:00,100.67,Wilson-Davis,Visa,Mobile,0,Sonora,Entretenimiento,0,33
2099,2025-01-23 11:03:00,159.91,Torres PLC,Visa,Mobile,0,CDMX,Servicios,0,36
2100,2025-01-29 15:52:00,50.41,Gibson-Nichols,Amex,Desktop,0,Puebla,Retail,0,20
2101,2025-01-31 00:42:00,246.62,Little Inc,Visa,Desktop,0,Coahuila,Retail,0,31
2102,2025-01-05 05:54:00,76.15,"Thompson, Dawson and Henderson",Amex,Desktop,0,Tamaulipas,Retail,0,36
2103,2025-01-10 22:33:00,17.19,"Robertson, Johnson and Reynolds",Visa,Desktop,0,Jalisco,Retail,0,38
2104,2025-01-16 15:57:00,119.04,"Adams, Ramos and Knight",MasterCard,Tablet,0,Nuevo León,Retail,0,43
2105,2025-01-23 20:04:00,157.63,Russell LLC,MasterCard,Desktop,0,Jalisco,Electrónica,0,17
2106,2025-02-01 14:40:00,38.09,"Mitchell, Moody and Gonzales",Visa,Desktop,0,Baja California,Retail,0,38
2107,2025-02-01 00:02:00,194.62,"Schmitt, Hall and Lin",Discover,Desktop,0,Baja California,Retail,0,24
2108,2025-01-22 11:10:00,236.6,Reynolds-Greene,MasterCard,Desktop,0,Sonora,Retail,0,22
2109,2025-01-01 00:01:00,32.42,Page Group,Amex,Tablet,0,Coahuila,Retail,0,43
2110,2025-01-08 22:48:00,410.57,Townsend-Martinez,Visa,Mobile,0,Veracruz,Retail,0,19
2111,2025-01-03 14:00:00,15.17,Schroeder-King,Amex,Mobile,0,Chihuahua,Turismo,0,40
2112,2025-01-10 10:48:00,22.57,"Watkins, Webb and Sullivan",Discover,Mobile,0,Tamaulipas,Retail,0,4
2113,2025-02-03 22:58:00,20.36,"Ross, Meyer and Graham",Visa,Mobile,0,Sonora,Supermercado,0,43
2114,2025-02-03 12:53:00,224.42,"Johnston, Hall and Larson",MasterCard,Mobile,0,Nuevo León,Electrónica,0,10
2115,2025-01-10 15:05:00,106.22,Barnes-Blake,Amex,Tablet,0,Veracruz,Entretenimiento,0,4
2116,2025-01-09 18:21:00,16.5,Jensen Group,MasterCard,Mobile,0,Veracruz,Restaurante,0,10
2117,2025-01-11 01:06:00,58.04,"Wang, Huynh and Mason",MasterCard,Tablet,0,Veracruz,Supermercado,0,28
2118,2025-01-24 11:38:00,95.53,Bush-Palmer,Visa,Tablet,0,Jalisco,Turismo,0,16
2119,2025-01-12 17:40:00,8.72,"Anthony, Dominguez and Gill",Amex,Mobile,0,Veracruz,Entretenimiento,0,1
2120,2025-01-28 16:08:00,214.06,"Davis, Lopez and Mccarty",Discover,Mobile,0,Tamaulipas,Restaurante,0,30
2121,2025-02-01 03:07:00,162.76,Hebert and Sons,MasterCard,Mobile,0,Sonora,Turismo,0,6
2122,2025-02-02 20:17:00,70.36,Rivera Group,Visa,Desktop,0,CDMX,Supermercado,0,33
2123,2025-02-05 14:39:00,341.51,Parker PLC,Visa,Tablet,0,EdoMex,Turismo,0,34
2124,2025-01-14 00:17:00,54.09,Roy-Smith,Discover,Mobile,0,Jalisco,Restaurante,0,39
2125,2025-01-18 00:32:00,414.21,"Bauer, Harris and Wells",Visa,Desktop,0,Guanajuato,Electrónica,0,44
2126,2025-01-10 06:52:00,110.24,Garcia PLC,MasterCard,Tablet,0,Veracruz,Servicios,0,40
2127,2025-01-10 01:49:00,100.7,Riggs-Sanchez,Visa,Desktop,0,Sonora,Turismo,0,16
2128,2025-01-27 02:49:00,18.15,Mason-Miller,Amex,Desktop,1,Puebla,Turismo,0,30
2129,2025-01-16 15:50:00,213.65,Gibbs LLC,Amex,Mobile,0,CDMX,Retail,0,21
2130,2025-01-20 20:40:00,55.77,Martinez-Schneider,MasterCard,Tablet,0,Puebla,Turismo,0,39
2131,2025-01-27 16:30:00,17.7,Peters-Robinson,Amex,Desktop,0,Veracruz,Supermercado,0,37
2132,2025-02-05 10:30:00,1.27,James-Berg,Discover,Tablet,0,Jalisco,Turismo,0,34
2133,2025-02-04 03:15:00,82.04,"Hall, Allen and Carter",Visa,Mobile,0,Veracruz,Entretenimiento,0,39
2134,2025-01-30 11:48:00,74.95,Rosario and Sons,MasterCard,Tablet,0,Chihuahua,Restaurante,0,14
2135,2025-01-14 01:46:00,127.07,"Williams, Robinson and Franklin",Discover,Desktop,0,Nuevo León,Restaurante,0,19
2136,2025-02-03 12:37:00,220.96,Miller-Velez,Visa,Desktop,0,Tamaulipas,Servicios,0,21
2137,2025-01-22 10:52:00,8.27,"Anderson, Garrett and Murray",Discover,Tablet,0,Sonora,Restaurante,0,36
2138,2025-02-03 20:54:00,131.49,Pope PLC,MasterCard,Desktop,0,Sonora,Restaurante,0,39
2139,2025-01-11 06:02:00,20.75,"Dixon, Carter and Hahn",MasterCard,Desktop,1,Sonora,Turismo,0,10
2140,2025-01-17 19:49:00,195.32,Patton-James,Discover,Desktop,0,Michoacán,Turismo,0,11
2141,2025-01-31 17:42:00,170.96,"Fuller, Gonzalez and Herman",Visa,Mobile,0,Chihuahua,Entretenimiento,0,17
2142,2025-01-11 02:33:00,77.83,"Santiago, Sims and Diaz",Amex,Mobile,0,Veracruz,Restaurante,0,31
2143,2025-01-24 04:32:00,123.87,Green-Pacheco,Amex,Desktop,0,Coahuila,Turismo,0,1
2144,2025-01-06 04:01:00,37.74,Ruiz-Moreno,Discover,Tablet,0,Baja California,Servicios,0,45
2145,2025-01-22 17:04:00,63.71,Santos-Moreno,MasterCard,Mobile,0,CDMX,Servicios,0,28
2146,2025-01-19 15:39:00,172.39,"Barr, Bright and Thompson",Visa,Tablet,0,Tamaulipas,Electrónica,0,42
2147,2025-02-04 01:49:00,61.48,Porter Inc,Visa,Desktop,0,Puebla,Electrónica,0,46
2148,2025-02-04 16:16:00,44.29,Adams-Armstrong,MasterCard,Desktop,0,Veracruz,Retail,0,45
2149,2025-01-08 20:23:00,68.16,Rodriguez Ltd,Amex,Tablet,0,Sonora,Restaurante,0,14
2150,2025-01-30 13:37:00,176.17,Hernandez PLC,Visa,Mobile,0,Nuevo León,Servicios,0,30
2151,2025-01-18 23:08:00,40.83,"Wolfe, Dominguez and Valentine",Discover,Tablet,0,Baja California,Electrónica,0,2
2152,2025-01-29 16:18:00,19.09,"Wright, Tyler and Gregory",Amex,Tablet,0,Baja California,Retail,0,1
2153,2025-01-21 01:28:00,124.48,Martinez-Smith,Discover,Desktop,0,Michoacán,Turismo,0,21
2154,2025-01-31 14:57:00,174.86,Hall and Sons,Amex,Mobile,0,Nuevo León,Supermercado,0,49
2155,2025-01-12 19:10:00,10.61,Thomas LLC,MasterCard,Tablet,0,Tamaulipas,Supermercado,0,35
2156,2025-01-01 08:25:00,27.43,Washington-Collins,Discover,Mobile,0,Guanajuato,Servicios,0,42
2157,2025-01-25 05:58:00,15.31,Quinn Ltd,Discover,Desktop,0,Coahuila,Restaurante,0,30
2158,2025-02-05 13:39:00,42.76,"Alexander, Nelson and Contreras",MasterCard,Mobile,0,Guanajuato,Electrónica,0,42
2159,2025-01-14 14:10:00,59.85,Chan-Smith,Discover,Desktop,0,Tamaulipas,Retail,0,21
2160,2025-01-23 01:02:00,138.16,Hill-Roberts,Amex,Mobile,0,Nuevo León,Entretenimiento,0,43
2161,2025-01-15 19:49:00,105.31,Rojas-Hall,Visa,Tablet,0,Nuevo León,Servicios,0,36
2162,2025-01-15 21:29:00,97,Walker-Hoover,Visa,Desktop,0,Chihuahua,Servicios,0,16
2163,2025-01-05 17:03:00,43.44,Hatfield-Jackson,MasterCard,Tablet,0,Guanajuato,Restaurante,0,34
2164,2025-01-15 11:48:00,184.17,Jones and Sons,Amex,Desktop,0,Baja California,Entretenimiento,0,39
2165,2025-01-07 16:35:00,63.73,"Martin, Morrow and Taylor",Discover,Mobile,0,Puebla,Retail,0,24
2166,2025-01-18 01:12:00,386.82,Peterson-Armstrong,Discover,Mobile,0,Tamaulipas,Servicios,0,39
2167,2025-01-18 17:13:00,100.55,Foster-Hernandez,Visa,Desktop,0,Veracruz,Turismo,0,48
2168,2025-01-15 01:59:00,13.5,Miller and Sons,Discover,Desktop,0,Jalisco,Restaurante,0,32
2169,2025-02-04 11:39:00,112.76,"Brooks, May and Lopez",Visa,Desktop,0,Coahuila,Turismo,0,27
2170,2025-01-19 11:45:00,39.32,"Moore, Levy and Ellis",MasterCard,Mobile,0,Baja California,Electrónica,0,38
2171,2025-01-10 02:17:00,115.94,Stephens-Davis,Discover,Desktop,0,Michoacán,Retail,0,18
2172,2025-01-26 04:07:00,7.22,Baker Ltd,Amex,Desktop,0,CDMX,Electrónica,0,30
2173,2025-01-13 19:07:00,19.22,Smith Inc,Discover,Tablet,0,Coahuila,Electrónica,0,50
2174,2025-01-23 22:30:00,193.61,Combs and Sons,Visa,Desktop,0,Tamaulipas,Retail,0,4
2175,2025-01-18 04:47:00,25.77,"Wilson, Ortega and Cooper",MasterCard,Tablet,0,EdoMex,Retail,0,33
2176,2025-01-31 02:24:00,181.43,Weaver-Walker,Visa,Tablet,0,Baja California,Retail,0,3
2177,2025-02-03 19:34:00,32.75,Smith and Sons,Discover,Tablet,0,Sonora,Supermercado,0,26
2178,2025-01-06 10:59:00,102.97,"Green, Miller and Richard",Visa,Mobile,0,Chihuahua,Supermercado,0,26
2179,2025-01-23 04:03:00,118.47,"Hudson, Myers and Henderson",Visa,Tablet,0,Nuevo León,Entretenimiento,0,30
2180,2025-01-01 01:35:00,71.88,"Green, Vega and Smith",MasterCard,Desktop,0,Tamaulipas,Restaurante,0,7
2181,2025-01-31 21:31:00,36.43,White-Hughes,Amex,Mobile,0,Chihuahua,Servicios,0,36
2182,2025-01-12 19:23:00,23.91,"Brown, Brown and Middleton",Discover,Mobile,0,Chihuahua,Electrónica,0,42
2183,2025-02-03 04:47:00,3.38,Robbins LLC,MasterCard,Mobile,0,EdoMex,Turismo,0,29
2184,2025-01-19 10:18:00,36.23,Miller LLC,Amex,Mobile,0,Baja California,Supermercado,0,37
2185,2025-01-25 16:27:00,105.89,Flores-Turner,Visa,Mobile,0,Sonora,Servicios,0,6
2186,2025-01-20 23:08:00,278.55,Walker-Newton,Amex,Mobile,0,CDMX,Restaurante,0,27
2187,2025-02-04 17:50:00,204.95,"May, Dudley and Frye",Visa,Mobile,0,Michoacán,Retail,0,10
2188,2025-01-07 17:08:00,145.27,"Williams, Garcia and Snyder",Visa,Tablet,0,Jalisco,Supermercado,0,9
2189,2025-02-03 05:58:00,155.33,"Hughes, Bryant and Perry",MasterCard,Desktop,0,Veracruz,Entretenimiento,0,43
2190,2025-01-09 20:07:00,109.36,Nelson-Anderson,Visa,Desktop,0,CDMX,Retail,0,7
2191,2025-01-25 19:10:00,30.15,"Warner, Brown and Johnson",MasterCard,Tablet,0,Chihuahua,Entretenimiento,0,27
2192,2025-01-17 02:03:00,237.73,"Green, Payne and Gill",Amex,Tablet,0,Coahuila,Retail,0,11
2193,2025-01-25 05:37:00,111.09,Perez Ltd,Amex,Mobile,0,Nuevo León,Electrónica,0,16
2194,2025-01-04 11:15:00,82.2,Carter-Sherman,Visa,Mobile,0,Sonora,Restaurante,0,38
2195,2025-01-08 19:12:00,11.76,"Wyatt, Nguyen and Burton",MasterCard,Tablet,0,Michoacán,Retail,0,25
2196,2025-01-14 22:00:00,59.25,"Weaver, Dominguez and Moran",Visa,Mobile,0,Baja California,Supermercado,0,4
2197,2025-01-28 13:37:00,61.68,Brown Group,MasterCard,Desktop,0,Michoacán,Supermercado,0,4
2198,2025-01-21 10:35:00,199.93,"Reyes, Oneal and Medina",MasterCard,Desktop,0,Tamaulipas,Retail,0,28
2199,2025-02-03 03:09:00,79.11,"Garza, Chavez and Cochran",MasterCard,Mobile,0,CDMX,Electrónica,0,40
2200,2025-01-22 00:59:00,47.87,"Haynes, Smith and Scott",Amex,Mobile,0,Nuevo León,Electrónica,0,29
2201,2025-01-25 02:09:00,376.36,Chavez-Farmer,MasterCard,Mobile,0,Guanajuato,Retail,0,12
2202,2025-01-18 10:27:00,11.73,"Irwin, Berg and Banks",Amex,Desktop,0,EdoMex,Entretenimiento,0,1
2203,2025-01-02 18:18:00,54.91,Fisher PLC,MasterCard,Mobile,0,Puebla,Retail,0,15
2204,2025-01-21 13:32:00,4.29,"Grant, Scott and Pennington",Amex,Tablet,0,Coahuila,Entretenimiento,0,44
2205,2025-01-17 11:37:00,134.67,Alexander-Snyder,Discover,Mobile,0,Coahuila,Turismo,0,35
2206,2025-01-29 14:24:00,250.2,Joseph LLC,Amex,Tablet,0,Michoacán,Retail,0,42
2207,2025-01-05 06:21:00,32.86,Williamson-Leach,Amex,Mobile,0,Sonora,Entretenimiento,0,15
2208,2025-01-02 12:38:00,195.43,"Williams, Medina and Mitchell",Visa,Mobile,0,Sonora,Electrónica,0,47
2209,2025-01-09 02:26:00,34.56,Perez-Brown,MasterCard,Desktop,0,Coahuila,Retail,0,5
2210,2025-01-01 14:54:00,241.65,Norton-White,Discover,Tablet,0,Sonora,Servicios,0,21
2211,2025-01-07 23:56:00,140.23,"Johnson, Campbell and Blair",Visa,Tablet,0,Nuevo León,Electrónica,0,4
2212,2025-01-29 04:47:00,163.43,King-Gonzalez,MasterCard,Tablet,0,Baja California,Restaurante,0,8
2213,2025-01-20 06:40:00,1.82,Gillespie-Banks,Discover,Desktop,0,Nuevo León,Servicios,0,15
2214,2025-01-26 17:30:00,329.17,Powell-Ware,Discover,Tablet,0,CDMX,Supermercado,0,30
2215,2025-01-28 03:43:00,129.71,Jones-Page,Discover,Desktop,0,Tamaulipas,Supermercado,0,19
2216,2025-01-10 13:47:00,36.35,Morales PLC,MasterCard,Mobile,0,Jalisco,Electrónica,0,6
2217,2025-01-01 19:42:00,176.84,Robinson and Sons,Discover,Mobile,0,Nuevo León,Entretenimiento,0,35
2218,2025-01-07 02:19:00,33.06,"Monroe, Lang and Morgan",Discover,Tablet,0,Veracruz,Supermercado,0,11
2219,2025-01-01 15:36:00,206.16,Nelson-Rogers,Visa,Mobile,0,EdoMex,Turismo,0,19
2220,2025-01-30 19:03:00,11.94,Wise and Sons,Amex,Mobile,0,Jalisco,Turismo,0,38
2221,2025-01-23 17:56:00,121.63,Johnson PLC,MasterCard,Tablet,0,EdoMex,Supermercado,0,47
2222,2025-02-04 01:50:00,77.8,Williams-Hunt,Amex,Mobile,0,Coahuila,Servicios,0,39
2223,2025-01-31 07:26:00,10.15,Campbell-Davidson,Visa,Tablet,0,Guanajuato,Turismo,0,36
2224,2025-02-03 04:50:00,27.69,Hooper PLC,Amex,Tablet,0,Sonora,Supermercado,0,47
2225,2025-01-01 21:54:00,1.25,Reed-Rodriguez,Discover,Mobile,0,Nuevo León,Retail,0,38
2226,2025-01-09 07:30:00,63.26,Garcia LLC,Discover,Mobile,0,Sonora,Servicios,0,49
2227,2025-01-05 21:24:00,35.85,"Williams, Hart and Hubbard",MasterCard,Mobile,0,EdoMex,Retail,0,31
2228,2025-01-28 12:03:00,91.22,Murphy PLC,MasterCard,Mobile,0,Sonora,Retail,0,20
2229,2025-02-02 00:40:00,35.27,"Miranda, Kerr and Ruiz",MasterCard,Mobile,0,Michoacán,Electrónica,0,37
2230,2025-01-01 18:51:00,35.66,Rivera LLC,Visa,Desktop,0,Veracruz,Restaurante,0,37
2231,2025-01-14 06:56:00,135.94,Vega-Combs,MasterCard,Mobile,0,Coahuila,Restaurante,0,38
2232,2025-02-05 03:48:00,4.93,Johnson-Salazar,Visa,Desktop,0,Baja California,Turismo,0,35
2233,2025-01-25 09:25:00,233.2,Berry-Ramsey,Discover,Tablet,0,Veracruz,Servicios,0,37
2234,2025-01-01 19:15:00,191.23,Roman-Black,Amex,Mobile,0,Tamaulipas,Servicios,0,41
2235,2025-01-14 16:37:00,110.2,"Jackson, Cordova and Moore",Discover,Mobile,0,Chihuahua,Servicios,0,36
2236,2025-01-13 15:03:00,89.95,"Valdez, Johnson and Sullivan",Discover,Mobile,0,Chihuahua,Turismo,0,8
2237,2025-01-04 15:00:00,222.84,Munoz-Zuniga,Discover,Tablet,0,Baja California,Restaurante,0,38
2238,2025-01-09 20:05:00,20.5,Baker and Sons,MasterCard,Desktop,0,Tamaulipas,Supermercado,0,17
2239,2025-01-08 14:12:00,8.23,Nguyen Group,MasterCard,Desktop,0,Nuevo León,Supermercado,0,24
2240,2025-01-11 14:46:00,27.38,Clark Inc,MasterCard,Mobile,0,EdoMex,Retail,0,48
2241,2025-01-12 05:46:00,158.27,Trujillo-Beck,Amex,Mobile,0,Tamaulipas,Supermercado,0,22
2242,2025-01-27 21:24:00,3.53,Martin-Hutchinson,MasterCard,Mobile,0,Puebla,Turismo,0,22
2243,2025-01-20 19:06:00,87.42,Rodriguez LLC,Visa,Mobile,0,Nuevo León,Electrónica,0,50
2244,2025-01-14 16:10:00,538.99,"Jones, Murray and Merritt",Discover,Tablet,0,Tamaulipas,Restaurante,0,48
2245,2025-01-12 20:19:00,193.58,Yates LLC,Amex,Mobile,0,Veracruz,Supermercado,0,50
2246,2025-01-12 07:38:00,73.7,Wells-Rojas,Amex,Tablet,0,CDMX,Retail,0,49
2247,2025-01-29 21:38:00,6.58,"Williams, George and Roberts",Amex,Mobile,0,Guanajuato,Supermercado,0,36
2248,2025-02-01 01:40:00,178.01,Wong-Bryant,Amex,Desktop,0,Sonora,Supermercado,0,34
2249,2025-02-04 22:12:00,91.37,Mcdonald PLC,Amex,Desktop,0,Sonora,Retail,0,23
2250,2025-02-05 07:05:00,12.21,Campbell-Stuart,Visa,Mobile,0,Jalisco,Supermercado,0,43
2251,2025-01-26 23:09:00,9.86,Frank-Hale,Discover,Mobile,0,EdoMex,Entretenimiento,0,2
2252,2025-01-14 12:02:00,240.38,Curtis-Acosta,Amex,Tablet,0,Baja California,Servicios,0,16
2253,2025-01-19 12:54:00,110.62,Benitez and Sons,Discover,Mobile,0,Coahuila,Entretenimiento,0,21
2254,2025-01-29 08:07:00,176.78,Lee LLC,MasterCard,Mobile,0,Jalisco,Turismo,0,38
2255,2025-01-30 13:51:00,211.18,"Smith, Osborne and Wilson",Amex,Mobile,0,Guanajuato,Supermercado,0,11
2256,2025-01-04 18:05:00,84.81,Ayers-Martinez,Amex,Desktop,0,Sonora,Supermercado,0,48
2257,2025-01-26 05:42:00,72.87,Jones-Gregory,Discover,Tablet,0,Nuevo León,Servicios,0,17
2258,2025-01-27 04:56:00,56.29,Morgan Group,Amex,Desktop,0,Tamaulipas,Restaurante,0,23
2259,2025-01-25 22:33:00,38.12,Hughes-Allen,Amex,Tablet,0,Michoacán,Electrónica,0,12
2260,2025-01-25 16:26:00,57.02,"Welch, Webb and Hernandez",Amex,Desktop,0,Chihuahua,Electrónica,0,40
2261,2025-01-30 04:54:00,148.67,Roberts-Smith,Visa,Mobile,0,Guanajuato,Electrónica,0,39
2262,2025-01-07 10:40:00,92.11,Lane Inc,Visa,Desktop,0,Sonora,Turismo,0,23
2263,2025-02-03 13:29:00,223.05,"Davies, Sherman and Sanchez",Amex,Desktop,0,Coahuila,Electrónica,0,21
2264,2025-01-24 09:26:00,58.59,Tucker LLC,Visa,Tablet,0,Puebla,Electrónica,0,43
2265,2025-01-19 10:30:00,93.42,Jones-Hensley,MasterCard,Tablet,0,Nuevo León,Supermercado,0,31
2266,2025-01-28 23:53:00,99.78,Khan-Lopez,Amex,Desktop,0,Chihuahua,Turismo,0,1
2267,2025-01-01 12:54:00,89.57,"Thompson, Smith and Fisher",MasterCard,Tablet,0,EdoMex,Supermercado,0,18
2268,2025-01-09 00:49:00,121.28,Smith LLC,Discover,Tablet,0,Jalisco,Restaurante,0,32
2269,2025-02-05 02:54:00,27.11,"Smith, Green and Bryan",MasterCard,Tablet,0,Jalisco,Turismo,0,18
2270,2025-01-29 23:18:00,71.82,Lucas and Sons,Discover,Tablet,0,Coahuila,Electrónica,0,19
2271,2025-01-03 01:41:00,11.01,"Ortiz, Hunter and Roy",Amex,Tablet,0,Tamaulipas,Restaurante,0,22
2272,2025-01-04 14:57:00,48.53,Osborne LLC,Discover,Desktop,0,EdoMex,Electrónica,0,23
2273,2025-02-05 18:58:00,66.88,Cochran-Perry,Discover,Tablet,0,Tamaulipas,Turismo,0,7
2274,2025-01-24 17:06:00,105.62,Norman-Davis,MasterCard,Mobile,0,Nuevo León,Servicios,0,2
2275,2025-01-13 01:09:00,300.64,Brooks and Sons,MasterCard,Desktop,0,Michoacán,Electrónica,0,22
2276,2025-01-07 08:59:00,91.79,Davidson Inc,MasterCard,Desktop,0,Coahuila,Electrónica,0,45
2277,2025-01-24 07:47:00,136.1,"Ferguson, Vasquez and Adams",Amex,Desktop,0,Coahuila,Supermercado,0,25
2278,2025-01-23 01:32:00,70.58,Lee-Duke,Amex,Tablet,0,Sonora,Entretenimiento,0,49
2279,2025-01-01 09:44:00,100.54,"Neal, Castillo and Hill",MasterCard,Mobile,0,Coahuila,Supermercado,0,35
2280,2025-01-09 09:51:00,7.36,Carpenter-Thomas,Amex,Tablet,0,Puebla,Retail,0,1
2281,2025-01-12 18:10:00,29.36,Cruz-Miller,Amex,Desktop,0,Veracruz,Entretenimiento,0,17
2282,2025-01-17 07:51:00,44.92,Stevenson-Johnston,Discover,Desktop,0,Baja California,Restaurante,0,28
2283,2025-01-05 19:49:00,63.96,"Fisher, Curtis and Wright",Discover,Desktop,0,Tamaulipas,Turismo,0,2
2284,2025-01-07 02:24:00,4.67,Gentry-Davidson,MasterCard,Desktop,0,Puebla,Supermercado,0,10
2285,2025-01-17 10:25:00,15.09,Flynn-Johnson,Amex,Tablet,0,Nuevo León,Servicios,0,32
2286,2025-01-23 00:38:00,32.41,Lopez-Allen,Discover,Mobile,0,Guanajuato,Servicios,0,9
2287,2025-01-14 19:22:00,355.9,Crosby-Patel,Visa,Mobile,0,Nuevo León,Restaurante,0,25
2288,2025-01-01 21:55:00,40.25,Lopez-Parker,Amex,Desktop,0,Chihuahua,Entretenimiento,0,6
2289,2025-01-26 01:15:00,65.79,"Golden, Todd and Thompson",Visa,Mobile,0,CDMX,Entretenimiento,0,7
2290,2025-01-29 10:29:00,21.83,"Hudson, Richards and Hudson",MasterCard,Desktop,0,Baja California,Electrónica,0,22
2291,2025-01-02 04:18:00,94.36,"Griffin, Brooks and Cox",Amex,Desktop,0,Chihuahua,Supermercado,0,7
2292,2025-01-23 10:30:00,32.95,Lee-Foster,MasterCard,Mobile,0,Veracruz,Restaurante,0,31
2293,2025-02-02 20:44:00,23.19,Yates-Green,MasterCard,Desktop,0,Jalisco,Entretenimiento,0,6
2294,2025-01-18 09:33:00,72.69,Erickson PLC,MasterCard,Mobile,0,Coahuila,Servicios,0,14
2295,2025-02-02 14:49:00,0.55,Wilson PLC,MasterCard,Desktop,0,Puebla,Entretenimiento,0,7
2296,2025-01-27 16:36:00,0.77,Duran-Montoya,MasterCard,Mobile,0,EdoMex,Supermercado,0,14
2297,2025-02-05 17:29:00,24.73,"Ibarra, Hernandez and Oneal",Amex,Desktop,0,Nuevo León,Restaurante,0,24
2298,2025-01-14 18:05:00,3.74,Walsh-Perez,Visa,Mobile,0,Michoacán,Entretenimiento,0,49
2299,2025-01-29 21:26:00,11.43,Stanley-Lee,Amex,Desktop,0,Guanajuato,Entretenimiento,0,38
2300,2025-01-21 18:59:00,41.38,Newman-Lucas,Amex,Desktop,0,Chihuahua,Retail,0,27
2301,2025-01-28 02:32:00,162.25,Jones Inc,Amex,Desktop,0,Jalisco,Servicios,0,38
2302,2025-01-21 08:10:00,84.87,"Jimenez, Doyle and Bailey",Discover,Mobile,0,Nuevo León,Electrónica,0,36
2303,2025-01-30 09:57:00,71.88,Ward-Davis,Discover,Tablet,0,Michoacán,Restaurante,0,5
2304,2025-01-22 06:56:00,34.74,Young Inc,Amex,Desktop,0,EdoMex,Servicios,0,6
2305,2025-01-08 12:02:00,268.46,Wallace-Clark,Visa,Desktop,0,Michoacán,Entretenimiento,0,9
2306,2025-01-10 05:30:00,50.59,Howard Group,Amex,Mobile,0,Baja California,Entretenimiento,0,26
2307,2025-01-01 14:14:00,9.11,"Owens, Hatfield and Nguyen",MasterCard,Desktop,0,Baja California,Electrónica,0,36
2308,2025-02-04 18:20:00,95.99,Robinson-Smith,Discover,Desktop,0,CDMX,Servicios,0,47
2309,2025-01-04 04:22:00,12.09,Richards PLC,Discover,Desktop,0,Chihuahua,Restaurante,0,25
2310,2025-02-01 17:02:00,42.35,Morris-Webb,Amex,Desktop,0,Nuevo León,Retail,0,26
2311,2025-01-15 23:10:00,70.81,"Mcintosh, Martinez and Murphy",Amex,Tablet,0,Baja California,Restaurante,0,38
2312,2025-01-10 04:52:00,207.32,"Robinson, Lane and Fisher",Visa,Tablet,0,EdoMex,Servicios,0,8
2313,2025-01-02 17:20:00,68.03,Thomas-Martinez,Visa,Desktop,0,CDMX,Retail,0,36
2314,2025-01-05 04:40:00,121.15,"Key, Holden and Diaz",MasterCard,Desktop,0,Baja California,Supermercado,0,40
2315,2025-01-22 03:51:00,493.6,Miller-Harris,Amex,Desktop,0,CDMX,Servicios,0,42
2316,2025-01-03 11:25:00,14.1,Little-Wright,Amex,Tablet,0,Coahuila,Restaurante,0,11
2317,2025-01-11 13:14:00,32.12,Hayes-Russo,Amex,Tablet,0,Baja California,Retail,0,9
2318,2025-01-11 01:19:00,50.18,"Hamilton, Salinas and Tanner",Discover,Mobile,0,Baja California,Entretenimiento,0,50
2319,2025-02-04 16:13:00,54.79,Reed-Wall,MasterCard,Mobile,1,Nuevo León,Retail,0,46
2320,2025-01-01 15:19:00,52.94,Brown Inc,Visa,Desktop,0,Tamaulipas,Supermercado,0,4
2321,2025-01-22 17:51:00,238.17,Rodriguez PLC,Discover,Desktop,0,EdoMex,Servicios,0,25
2322,2025-01-07 12:09:00,125.19,Davis Inc,Discover,Tablet,0,Veracruz,Supermercado,0,32
2323,2025-02-05 07:59:00,93.63,Jackson PLC,Discover,Desktop,0,Jalisco,Entretenimiento,0,23
2324,2025-01-05 23:43:00,37.02,Harrington Inc,Discover,Desktop,0,Sonora,Turismo,0,35
2325,2025-01-31 02:33:00,173.61,"Cox, Gomez and Baker",MasterCard,Tablet,0,Michoacán,Retail,0,9
2326,2025-02-03 03:41:00,310.24,Garrett-Francis,Amex,Tablet,0,Chihuahua,Supermercado,0,4
2327,2025-01-14 13:18:00,172.15,Andersen Ltd,Visa,Tablet,0,Puebla,Electrónica,0,45
2328,2025-01-09 23:52:00,0.16,"Alexander, Hunt and Greer",Visa,Tablet,0,Jalisco,Servicios,0,26
2329,2025-01-08 12:48:00,101.17,"Barber, Collins and Olson",Discover,Mobile,0,Coahuila,Retail,0,33
2330,2025-01-20 15:33:00,5.25,Baldwin-Reed,Discover,Tablet,0,Sonora,Entretenimiento,0,11
2331,2025-01-20 04:41:00,29.79,Watkins Group,MasterCard,Tablet,0,Jalisco,Retail,0,9
2332,2025-01-21 13:17:00,6.14,Gibson-Smith,Discover,Desktop,0,Jalisco,Electrónica,0,36
2333,2025-01-21 20:28:00,92.58,"Wilson, Wagner and Johnson",Visa,Desktop,0,Coahuila,Restaurante,0,44
2334,2025-01-06 04:43:00,116.02,Castillo-Massey,Visa,Desktop,0,Baja California,Retail,0,12
2335,2025-01-24 08:30:00,12.16,"Farmer, Baker and Castillo",Amex,Mobile,0,Nuevo León,Electrónica,0,10
2336,2025-01-18 00:05:00,48.42,Booth LLC,Amex,Tablet,0,Tamaulipas,Restaurante,0,43
2337,2025-01-13 20:12:00,60.92,Cherry-Perry,Visa,Tablet,0,Veracruz,Retail,0,40
2338,2025-01-09 17:37:00,46.05,Hunt-Collins,Visa,Mobile,0,EdoMex,Turismo,0,17
2339,2025-01-17 11:18:00,12.9,Garcia Ltd,MasterCard,Tablet,0,Chihuahua,Entretenimiento,0,2
2340,2025-01-27 06:37:00,54.29,"Fox, Acosta and Mitchell",MasterCard,Desktop,0,Guanajuato,Turismo,0,36
2341,2025-01-30 19:13:00,139.1,"Bean, Garza and Gutierrez",Visa,Mobile,0,EdoMex,Restaurante,0,39
2342,2025-01-11 14:13:00,7.37,Howard Ltd,Discover,Tablet,0,CDMX,Restaurante,0,20
2343,2025-01-02 08:48:00,8.36,Krueger LLC,Amex,Mobile,0,CDMX,Servicios,0,19
2344,2025-02-05 00:39:00,43.82,Garcia Inc,Visa,Mobile,0,Sonora,Retail,0,31
2345,2025-01-08 18:51:00,284.26,"Randolph, Cunningham and Clark",Discover,Tablet,0,Baja California,Servicios,0,1
2346,2025-01-13 08:57:00,110.43,Garcia-Roman,Visa,Desktop,0,Nuevo León,Supermercado,0,33
2347,2025-01-20 17:07:00,113.53,Silva Ltd,Amex,Tablet,0,Jalisco,Turismo,0,1
2348,2025-01-18 11:00:00,44.93,"Bauer, Berg and Zimmerman",Amex,Tablet,0,CDMX,Retail,0,9
2349,2025-01-04 23:49:00,90.06,"Stark, Andrews and Cole",MasterCard,Desktop,0,CDMX,Turismo,0,36
2350,2025-01-07 20:21:00,1.02,Knight Group,MasterCard,Tablet,0,Veracruz,Electrónica,0,3
2351,2025-01-29 00:24:00,101.09,Sosa Inc,MasterCard,Tablet,0,Nuevo León,Turismo,0,17
2352,2025-01-27 22:05:00,244.52,Alvarez PLC,MasterCard,Tablet,0,CDMX,Entretenimiento,0,46
2353,2025-01-23 10:57:00,94.82,Herrera-Jordan,Amex,Mobile,0,Veracruz,Electrónica,0,43
2354,2025-01-31 00:44:00,206.91,"Ellis, Hawkins and Smith",Discover,Mobile,0,Sonora,Entretenimiento,0,28
2355,2025-01-31 22:02:00,128.73,"Berry, Adams and Beard",Discover,Mobile,0,Chihuahua,Servicios,0,50
2356,2025-01-28 15:55:00,12.85,Smith-Peterson,Discover,Tablet,0,Puebla,Restaurante,0,7
2357,2025-01-07 08:54:00,232.74,Buchanan-Kramer,Visa,Desktop,0,Coahuila,Restaurante,0,38
2358,2025-01-27 11:37:00,6.88,"Roberts, Miller and Morton",MasterCard,Mobile,0,Veracruz,Retail,0,38
2359,2025-01-13 20:27:00,76.35,"Jenkins, Gibson and Gray",MasterCard,Desktop,0,Jalisco,Entretenimiento,0,49
2360,2025-01-29 21:24:00,15.33,Smith LLC,Amex,Tablet,0,Coahuila,Restaurante,0,35
2361,2025-01-07 06:44:00,1.18,"Hale, Molina and Larsen",Amex,Mobile,0,Coahuila,Retail,0,42
2362,2025-02-03 18:30:00,54.82,"Baird, Jones and Maynard",Visa,Tablet,0,Chihuahua,Restaurante,0,15
2363,2025-01-30 23:23:00,34.96,"Leon, Harrell and Melendez",Visa,Desktop,0,Michoacán,Restaurante,0,21
2364,2025-01-07 05:59:00,66.55,"White, Solomon and Jackson",Discover,Mobile,0,Chihuahua,Retail,0,10
2365,2025-01-09 05:38:00,86.09,Decker and Sons,Amex,Mobile,0,Michoacán,Supermercado,0,50
2366,2025-01-05 03:30:00,4.47,"Allen, Molina and Curtis",MasterCard,Mobile,0,Nuevo León,Supermercado,0,8
2367,2025-01-21 23:02:00,13.13,"Banks, Hawkins and Murray",Discover,Mobile,0,CDMX,Supermercado,0,18
2368,2025-01-10 17:04:00,81.79,Williams PLC,MasterCard,Desktop,0,Chihuahua,Servicios,0,40
2369,2025-01-21 12:21:00,42.03,King Group,Discover,Mobile,0,Veracruz,Turismo,0,41
2370,2025-01-18 00:47:00,130.63,"Garcia, Howe and Robertson",MasterCard,Tablet,0,Michoacán,Retail,0,12
2371,2025-01-06 03:53:00,105.64,Lynch-Jimenez,Visa,Mobile,0,Coahuila,Turismo,0,4
2372,2025-02-03 11:24:00,186.82,Leach-Andrews,Discover,Desktop,0,CDMX,Restaurante,0,45
2373,2025-02-01 02:54:00,117.93,Williams Inc,MasterCard,Mobile,0,Nuevo León,Supermercado,0,18
2374,2025-02-05 15:55:00,56.2,"Davis, Morris and Chen",MasterCard,Desktop,0,Michoacán,Restaurante,0,43
2375,2025-01-16 12:04:00,111.77,Kemp-Thompson,Amex,Desktop,0,Guanajuato,Electrónica,0,40
2376,2025-01-01 07:08:00,32.21,"Phillips, Jackson and Hall",Discover,Tablet,0,Chihuahua,Electrónica,0,41
2377,2025-02-01 14:04:00,36.57,Chapman-Richardson,MasterCard,Mobile,0,CDMX,Servicios,0,35
2378,2025-01-23 00:30:00,155.58,Barnett-Reid,Amex,Mobile,0,Nuevo León,Turismo,0,3
2379,2025-01-16 16:14:00,59.13,Fletcher and Sons,MasterCard,Mobile,0,Michoacán,Supermercado,0,6
2380,2025-01-10 17:32:00,160.14,"Wilson, Fernandez and Yang",Discover,Tablet,0,Coahuila,Electrónica,0,45
2381,2025-01-31 19:33:00,172.83,Williams-Fisher,Visa,Tablet,0,Chihuahua,Servicios,0,27
2382,2025-02-01 09:05:00,194.89,"Harrison, Williams and Murray",Discover,Desktop,1,Nuevo León,Retail,0,41
2383,2025-01-30 07:48:00,248.45,Durham-Lopez,Discover,Desktop,0,Chihuahua,Turismo,0,22
2384,2025-01-08 14:33:00,56.38,"Garner, Brown and Yoder",MasterCard,Desktop,0,Puebla,Restaurante,0,41
2385,2025-01-08 05:51:00,38.4,"Brown, Malone and Marks",MasterCard,Tablet,0,Guanajuato,Servicios,0,18
2386,2025-01-29 23:50:00,87.27,Rodriguez LLC,Discover,Tablet,0,Jalisco,Retail,0,10
2387,2025-01-27 01:36:00,46.39,Clarke-Petty,Amex,Tablet,0,Sonora,Turismo,0,25
2388,2025-01-03 14:48:00,91.9,Khan PLC,Amex,Desktop,0,Michoacán,Servicios,0,10
2389,2025-01-14 15:14:00,122.28,Lee-Gonzalez,Amex,Tablet,0,Tamaulipas,Restaurante,0,24
2390,2025-01-13 20:54:00,116.61,Gross-Evans,MasterCard,Desktop,0,CDMX,Supermercado,0,29
2391,2025-01-29 10:07:00,46.93,Crawford and Sons,MasterCard,Desktop,0,Michoacán,Entretenimiento,0,50
2392,2025-01-23 10:24:00,18.26,Young-Flynn,Discover,Mobile,0,Veracruz,Entretenimiento,0,3
2393,2025-02-04 17:02:00,56.3,Cantrell-Andrews,Visa,Mobile,0,Veracruz,Supermercado,0,1
2394,2025-01-14 20:22:00,15.38,Williams-Velazquez,MasterCard,Mobile,0,Coahuila,Electrónica,0,7
2395,2025-01-02 00:26:00,220.82,"Santana, Price and Ford",Discover,Desktop,0,Coahuila,Turismo,0,30
2396,2025-01-14 17:23:00,42.45,"Welch, Johnston and Duffy",Discover,Mobile,0,Puebla,Electrónica,0,20
2397,2025-01-14 05:03:00,16.78,Haas Ltd,Visa,Mobile,0,Puebla,Turismo,0,45
2398,2025-02-01 20:45:00,2.58,Edwards Inc,Amex,Mobile,0,Chihuahua,Supermercado,0,47
2399,2025-01-06 21:01:00,103.8,"Hall, Johnson and Campos",Discover,Tablet,1,Baja California,Restaurante,0,43
2400,2025-02-01 18:22:00,101.31,"Warren, Paul and Smith",Discover,Desktop,0,CDMX,Supermercado,0,17
2401,2025-01-14 09:39:00,41.64,Edwards-Webb,Discover,Mobile,0,Sonora,Retail,0,46
2402,2025-01-07 03:53:00,7.44,Lopez-Navarro,Amex,Tablet,0,Sonora,Turismo,0,6
2403,2025-01-26 21:54:00,52.7,Horton Ltd,Amex,Tablet,0,Tamaulipas,Electrónica,0,18
2404,2025-01-07 15:54:00,37.28,Johnson and Sons,Visa,Tablet,0,EdoMex,Entretenimiento,0,29
2405,2025-01-20 09:23:00,113.05,Patel Inc,MasterCard,Mobile,0,Baja California,Electrónica,0,26
2406,2025-01-07 08:29:00,93.08,Montoya-Rodriguez,Amex,Tablet,0,Chihuahua,Retail,0,1
2407,2025-01-16 16:46:00,45.35,"Vasquez, Haas and Flores",MasterCard,Desktop,0,Coahuila,Turismo,0,17
2408,2025-01-21 17:03:00,24.58,Garcia Inc,MasterCard,Tablet,0,Tamaulipas,Servicios,0,16
2409,2025-02-02 22:18:00,442.59,Abbott-Roberts,Amex,Tablet,0,Puebla,Turismo,0,22
2410,2025-02-01 18:15:00,60.51,Moss-Moreno,Discover,Tablet,0,Guanajuato,Entretenimiento,0,46
2411,2025-01-24 04:15:00,116.56,"Oliver, French and Burnett",Visa,Tablet,0,Nuevo León,Supermercado,0,45
2412,2025-01-15 14:18:00,15.15,"Wright, Johnson and Jimenez",MasterCard,Desktop,0,CDMX,Electrónica,0,24
2413,2025-01-01 02:41:00,66.47,Ibarra-Palmer,Discover,Mobile,0,Baja California,Turismo,0,2
2414,2025-01-15 09:12:00,2.79,Ross-Cunningham,Amex,Desktop,0,Guanajuato,Electrónica,0,9
2415,2025-01-19 07:32:00,70.41,Sellers and Sons,MasterCard,Desktop,0,Nuevo León,Entretenimiento,0,44
2416,2025-01-27 10:50:00,332.47,"Thompson, Moyer and Mullins",MasterCard,Mobile,0,Nuevo León,Retail,0,48
2417,2025-01-14 13:02:00,48.48,"Johnson, Powers and Green",MasterCard,Tablet,0,Sonora,Servicios,0,49
2418,2025-01-29 18:37:00,3.98,Campbell-Harris,Discover,Mobile,0,Jalisco,Retail,0,35
2419,2025-01-19 16:00:00,3.14,Glover-Morrow,Discover,Mobile,0,Nuevo León,Entretenimiento,0,13
2420,2025-01-02 22:49:00,49.1,Bailey-Warren,Discover,Desktop,0,Chihuahua,Turismo,0,44
2421,2025-01-25 05:29:00,17.44,Reynolds Inc,MasterCard,Mobile,0,Tamaulipas,Supermercado,0,22
2422,2025-01-28 14:14:00,2.36,"Brooks, Walsh and Smith",MasterCard,Tablet,0,Guanajuato,Servicios,0,25
2423,2025-01-14 10:47:00,141.15,"Peck, Williams and Graham",Visa,Desktop,0,Sonora,Retail,0,49
2424,2025-01-24 17:52:00,61.35,Smith-Bailey,Visa,Tablet,0,Tamaulipas,Supermercado,0,43
2425,2025-01-03 19:20:00,34.14,White and Sons,Discover,Desktop,0,Sonora,Electrónica,0,34
2426,2025-02-01 10:34:00,230.34,Harris-Perry,Discover,Tablet,0,Tamaulipas,Retail,0,27
2427,2025-02-04 23:46:00,12.35,Dean-Tran,Amex,Mobile,0,Chihuahua,Servicios,0,21
2428,2025-01-17 09:55:00,312.17,Peterson Ltd,Discover,Mobile,0,Chihuahua,Retail,0,38
2429,2025-01-08 13:48:00,37.68,"Callahan, Booth and Smith",Visa,Mobile,0,Chihuahua,Entretenimiento,0,13
2430,2025-01-29 22:45:00,219.29,"Martin, Kelly and Nguyen",Visa,Tablet,0,Guanajuato,Electrónica,0,13
2431,2025-01-20 05:22:00,92.37,Jennings Group,Visa,Desktop,0,Chihuahua,Restaurante,0,34
2432,2025-01-11 07:43:00,175.28,Rogers-Guzman,MasterCard,Desktop,0,CDMX,Electrónica,0,5
2433,2025-01-09 05:25:00,413.6,"Keller, Thompson and Brown",MasterCard,Desktop,0,EdoMex,Entretenimiento,0,36
2434,2025-01-10 16:47:00,34.02,"Stone, Oconnor and Lester",Discover,Mobile,0,Guanajuato,Servicios,0,44
2435,2025-02-03 04:41:00,324.77,"Frank, Mendoza and Byrd",Amex,Tablet,0,Tamaulipas,Electrónica,0,48
2436,2025-01-09 21:24:00,49.34,Flynn and Sons,Amex,Desktop,0,Guanajuato,Restaurante,0,11
2437,2025-01-17 15:26:00,48.7,Bryan-Powell,Amex,Tablet,0,Baja California,Servicios,0,30
2438,2025-01-08 23:17:00,41.61,Johnson Group,MasterCard,Desktop,0,Nuevo León,Supermercado,0,13
2439,2025-02-03 21:16:00,77.96,Harris-Hall,Visa,Mobile,0,EdoMex,Restaurante,0,14
2440,2025-01-30 19:13:00,16.74,Jackson-Smith,Visa,Tablet,0,Baja California,Supermercado,0,14
2441,2025-01-30 06:53:00,80.68,Middleton-Rodriguez,MasterCard,Desktop,0,Puebla,Electrónica,0,30
2442,2025-01-30 05:33:00,78.02,"Jones, Hughes and Holland",Amex,Desktop,0,Coahuila,Supermercado,0,16
2443,2025-02-04 05:23:00,143.51,Bond and Sons,Amex,Desktop,0,Coahuila,Restaurante,0,2
2444,2025-02-04 19:27:00,179.37,Frye-Lee,Discover,Desktop,0,Coahuila,Entretenimiento,0,43
2445,2025-01-25 14:29:00,58.06,"Harmon, Shaffer and Tran",Discover,Mobile,0,Chihuahua,Entretenimiento,0,29
2446,2025-01-28 02:04:00,36,"Wagner, Huber and Johnson",Amex,Desktop,0,Sonora,Restaurante,0,46
2447,2025-02-05 15:28:00,30.02,Hale-Gonzalez,MasterCard,Desktop,0,Chihuahua,Restaurante,0,18
2448,2025-01-07 14:40:00,21.64,Meyer-Miller,Amex,Mobile,0,Tamaulipas,Supermercado,0,30
2449,2025-01-11 04:09:00,5.94,"Byrd, Peterson and Johnson",Discover,Desktop,0,Tamaulipas,Entretenimiento,0,18
2450,2025-01-03 04:06:00,41.92,Lopez Ltd,Amex,Tablet,0,Sonora,Servicios,0,14
2451,2025-01-09 07:22:00,31.51,Harvey PLC,MasterCard,Tablet,0,Baja California,Retail,0,18
2452,2025-01-09 09:45:00,339.37,Schmidt LLC,Visa,Desktop,0,EdoMex,Restaurante,0,29
2453,2025-01-15 05:52:00,81.58,Perez LLC,MasterCard,Mobile,0,Jalisco,Retail,0,18
2454,2025-01-05 21:58:00,42.66,"Sherman, Parker and Turner",MasterCard,Mobile,0,Michoacán,Restaurante,0,15
2455,2025-01-04 17:34:00,86.86,Esparza LLC,Discover,Mobile,0,Michoacán,Electrónica,0,12
2456,2025-01-03 06:42:00,14.99,Chavez-Parker,MasterCard,Desktop,0,Tamaulipas,Supermercado,0,2
2457,2025-01-25 10:23:00,58.71,"Willis, Wright and Hernandez",MasterCard,Desktop,0,Coahuila,Electrónica,0,11
2458,2025-01-06 21:31:00,98.41,Morales-Martinez,Discover,Tablet,0,Chihuahua,Retail,0,35
2459,2025-01-08 08:04:00,67.12,Mcintosh-Moore,Discover,Mobile,0,EdoMex,Servicios,0,7
2460,2025-01-20 00:38:00,51.38,Adkins-Johnson,Visa,Desktop,0,Baja California,Retail,0,50
2461,2025-01-12 00:47:00,509.1,"Taylor, Chen and Taylor",Amex,Desktop,0,CDMX,Electrónica,0,6
2462,2025-01-27 05:26:00,212.29,"Smith, Wagner and White",MasterCard,Desktop,0,Tamaulipas,Electrónica,0,15
2463,2025-01-17 11:24:00,97.66,"Bailey, Hinton and Johnson",Discover,Mobile,0,CDMX,Electrónica,0,15
2464,2025-01-30 03:04:00,84.25,"Anderson, Smith and Harris",Visa,Mobile,0,Puebla,Retail,0,11
2465,2025-01-12 22:40:00,96.93,Reed-Burke,Amex,Tablet,0,Chihuahua,Turismo,0,36
2466,2025-01-18 07:09:00,22.48,"Gomez, Moore and Jennings",Discover,Mobile,0,Sonora,Electrónica,0,45
2467,2025-01-16 10:06:00,50.28,"Craig, Dunn and Olsen",Amex,Desktop,0,EdoMex,Retail,0,10
2468,2025-02-04 14:54:00,4.03,"Young, Reeves and Little",Amex,Tablet,0,Veracruz,Turismo,0,35
2469,2025-01-23 02:26:00,64.54,"Hanson, Dennis and Miller",MasterCard,Mobile,0,Tamaulipas,Restaurante,0,38
2470,2025-01-10 08:38:00,78.31,Griffith and Sons,MasterCard,Mobile,0,Baja California,Turismo,0,26
2471,2025-01-25 06:51:00,25.84,Green Group,Discover,Mobile,0,Coahuila,Turismo,0,36
2472,2025-01-04 21:32:00,332.5,Moore LLC,Amex,Mobile,0,Chihuahua,Electrónica,0,9
2473,2025-02-02 10:43:00,240.19,"Clark, Cook and Mayer",Discover,Desktop,0,EdoMex,Entretenimiento,0,49
2474,2025-01-26 02:03:00,128.06,"Anderson, Kirby and Weaver",Discover,Mobile,1,Coahuila,Restaurante,0,30
2475,2025-01-27 10:25:00,76.23,Bauer PLC,Amex,Desktop,0,Coahuila,Supermercado,0,34
2476,2025-01-14 17:00:00,204,"Mason, Campbell and Harris",Discover,Desktop,0,Puebla,Turismo,0,50
2477,2025-01-01 05:06:00,14,Craig Inc,Amex,Desktop,0,EdoMex,Turismo,0,24
2478,2025-01-17 07:54:00,156.31,"Vazquez, Nicholson and Mclean",Amex,Tablet,0,Jalisco,Turismo,0,14
2479,2025-01-25 05:35:00,13.33,Brooks-Stone,Amex,Desktop,0,Michoacán,Electrónica,0,46
2480,2025-02-03 08:46:00,158.09,Sanchez Group,Amex,Mobile,0,EdoMex,Supermercado,0,31
2481,2025-01-05 22:29:00,32.26,Rocha-Odonnell,Visa,Tablet,0,Puebla,Turismo,0,38
2482,2025-01-22 11:16:00,209.63,Oconnor Group,Amex,Mobile,0,Puebla,Supermercado,0,39
2483,2025-01-28 02:27:00,288.32,Conner-Jackson,MasterCard,Desktop,0,Veracruz,Electrónica,0,9
2484,2025-01-05 08:30:00,16.11,Gray Inc,MasterCard,Mobile,0,EdoMex,Retail,0,17
2485,2025-01-23 16:11:00,62.12,Watson PLC,MasterCard,Tablet,0,CDMX,Restaurante,0,31
2486,2025-01-30 04:33:00,396.27,Stone-Brown,Amex,Tablet,0,EdoMex,Supermercado,0,3
2487,2025-01-08 11:08:00,66.05,Villa-Elliott,MasterCard,Mobile,0,Veracruz,Entretenimiento,0,47
2488,2025-01-04 16:25:00,199.18,Peters-Nielsen,Visa,Mobile,0,Baja California,Supermercado,0,25
2489,2025-01-09 06:22:00,88.85,"Livingston, Navarro and Moore",Discover,Mobile,0,Nuevo León,Retail,0,8
2490,2025-01-26 09:41:00,47.05,Rush-Montgomery,Amex,Tablet,0,Michoacán,Turismo,0,38
2491,2025-01-13 02:33:00,33.66,"Hunter, Hawkins and Ortiz",MasterCard,Desktop,0,CDMX,Supermercado,0,39
2492,2025-01-31 00:42:00,22.72,"Rodgers, Duncan and Ellis",Visa,Mobile,0,CDMX,Servicios,0,30
2493,2025-01-11 03:00:00,143.46,Howard and Sons,Discover,Desktop,0,CDMX,Turismo,0,12
2494,2025-01-01 18:57:00,48.86,Cole-Johnson,Visa,Tablet,0,Guanajuato,Electrónica,0,33
2495,2025-01-31 00:38:00,71.6,May LLC,MasterCard,Mobile,0,Guanajuato,Servicios,0,22
2496,2025-01-27 23:19:00,67.79,"Le, Webster and Lewis",Visa,Mobile,0,Jalisco,Restaurante,0,20
2497,2025-02-03 17:17:00,86.1,Nelson LLC,Discover,Tablet,0,Nuevo León,Retail,0,15
2498,2025-01-10 10:53:00,200.68,Martin-Holland,MasterCard,Mobile,0,Jalisco,Supermercado,0,46
2499,2025-02-02 02:30:00,394.97,Mitchell-Byrd,Discover,Desktop,0,Sonora,Retail,0,5
2500,2025-01-14 12:55:00,52.35,Lyons-Brown,Visa,Tablet,0,CDMX,Retail,0,44
2501,2025-01-15 03:58:00,175.75,Vaughn LLC,Amex,Tablet,0,Chihuahua,Turismo,0,21
2502,2025-01-23 10:15:00,144.62,Bryant Inc,Amex,Mobile,0,Michoacán,Supermercado,0,31
2503,2025-02-03 00:24:00,85.22,"Walker, Hale and Gray",Amex,Tablet,0,Nuevo León,Entretenimiento,0,11
2504,2025-01-22 17:34:00,312.46,Jackson-Johnson,Amex,Mobile,0,Michoacán,Supermercado,0,25
2505,2025-01-17 13:15:00,22.37,Wong-Ramirez,Discover,Mobile,0,Puebla,Servicios,0,46
2506,2025-01-09 18:10:00,11.57,Bell-Lara,Amex,Tablet,0,Guanajuato,Retail,0,25
2507,2025-01-17 01:17:00,192.39,"Baker, Jackson and Cabrera",Discover,Mobile,0,Guanajuato,Restaurante,0,1
2508,2025-01-12 04:15:00,57.83,"Ruiz, Torres and Bauer",MasterCard,Desktop,0,Sonora,Retail,0,33
2509,2025-01-13 14:16:00,187.71,Osborne-Robinson,Amex,Desktop,0,Puebla,Entretenimiento,0,46
2510,2025-01-08 06:50:00,223.58,Wilson Group,Discover,Mobile,0,Chihuahua,Retail,0,28
2511,2025-01-17 03:58:00,6.45,Estrada-Hansen,Amex,Desktop,0,Michoacán,Turismo,0,22
2512,2025-01-06 16:15:00,214.96,"Patton, Bryant and Howe",Amex,Mobile,0,Chihuahua,Electrónica,0,15
2513,2025-01-08 20:01:00,59.48,"Pacheco, Moran and Brandt",Amex,Desktop,0,Nuevo León,Supermercado,0,43
2514,2025-01-06 01:48:00,71.42,Sharp and Sons,Discover,Tablet,0,Nuevo León,Electrónica,0,48
2515,2025-01-19 08:51:00,98.51,"Brown, Smith and Lewis",Visa,Mobile,0,Veracruz,Electrónica,0,26
2516,2025-01-06 07:16:00,260.89,Myers and Sons,Amex,Mobile,0,Chihuahua,Entretenimiento,0,33
2517,2025-01-28 06:12:00,1.93,"Rhodes, Alvarez and Bean",Amex,Mobile,0,Guanajuato,Restaurante,0,16
2518,2025-01-07 16:27:00,64.79,Jackson Inc,MasterCard,Mobile,0,Coahuila,Servicios,0,2
2519,2025-01-09 18:51:00,116.39,"Garcia, Ross and Castro",Visa,Mobile,0,Jalisco,Electrónica,0,10
2520,2025-01-28 14:03:00,128.27,Fischer-Blackwell,Discover,Mobile,0,EdoMex,Supermercado,0,10
2521,2025-02-04 14:43:00,117.94,"Gray, White and Brown",MasterCard,Tablet,0,Guanajuato,Restaurante,0,47
2522,2025-01-30 02:08:00,14.44,Parker-Myers,Amex,Tablet,0,Sonora,Supermercado,0,14
2523,2025-01-20 21:18:00,35.58,Wright and Sons,MasterCard,Desktop,0,Sonora,Servicios,0,18
2524,2025-01-21 17:22:00,44.43,Holloway and Sons,MasterCard,Mobile,0,EdoMex,Turismo,0,48
2525,2025-01-23 05:31:00,163.19,Garcia and Sons,Amex,Desktop,0,Michoacán,Electrónica,0,10
2526,2025-01-10 23:29:00,32.68,Grant-Poole,Visa,Desktop,0,Baja California,Servicios,0,35
2527,2025-01-07 09:32:00,23.66,Ellison-Todd,Visa,Tablet,0,Coahuila,Supermercado,0,37
2528,2025-01-07 22:24:00,315.7,"Baker, Green and Gonzalez",MasterCard,Desktop,0,Baja California,Electrónica,0,17
2529,2025-01-12 19:38:00,0.89,"Hall, Johnson and Garcia",Amex,Tablet,0,EdoMex,Restaurante,0,21
2530,2025-01-14 23:36:00,612.88,"Rivas, Hunter and Thomas",Discover,Desktop,0,Michoacán,Entretenimiento,0,33
2531,2025-01-25 18:38:00,112.95,"Madden, Bender and King",MasterCard,Mobile,0,Michoacán,Servicios,0,42
2532,2025-01-15 00:55:00,176.3,"Byrd, Patterson and Knight",Discover,Desktop,0,Tamaulipas,Servicios,0,24
2533,2025-01-30 01:39:00,34.9,"Wilson, Gardner and King",MasterCard,Tablet,0,CDMX,Turismo,0,16
2534,2025-01-26 19:22:00,1.44,Le Inc,MasterCard,Tablet,0,Sonora,Supermercado,0,39
2535,2025-01-25 07:42:00,133.89,Stewart LLC,Amex,Tablet,0,Guanajuato,Restaurante,0,10
2536,2025-01-29 16:54:00,179.66,Wilkerson Group,Amex,Desktop,0,Nuevo León,Electrónica,0,50
2537,2025-01-05 22:45:00,134.89,"Lamb, Hoffman and Davis",Discover,Desktop,0,EdoMex,Electrónica,0,26
2538,2025-01-27 04:30:00,15.41,Cook LLC,Discover,Tablet,0,Jalisco,Electrónica,0,44
2539,2025-02-03 06:02:00,140.01,"White, Wright and Adkins",Visa,Mobile,0,Nuevo León,Turismo,0,46
2540,2025-02-01 03:53:00,146.5,"Mccullough, Lewis and Brown",Amex,Mobile,0,Sonora,Electrónica,0,22
2541,2025-02-02 15:11:00,107.45,Munoz-Green,MasterCard,Desktop,0,CDMX,Turismo,0,47
2542,2025-01-24 20:25:00,145.29,Watson LLC,MasterCard,Desktop,0,Baja California,Retail,0,15
2543,2025-01-13 05:55:00,187.03,Roth-Franklin,Visa,Tablet,0,Coahuila,Entretenimiento,0,25
2544,2025-01-17 02:29:00,95.09,English-Williams,Amex,Desktop,0,Nuevo León,Supermercado,0,34
2545,2025-01-26 03:22:00,9.28,Smith and Sons,MasterCard,Desktop,0,CDMX,Restaurante,0,28
2546,2025-01-24 17:42:00,66.87,Reeves-Turner,Visa,Tablet,0,Michoacán,Supermercado,0,20
2547,2025-01-16 10:22:00,8.08,Harrell Inc,Visa,Tablet,0,CDMX,Restaurante,0,21
2548,2025-01-07 00:01:00,52.35,Ramirez Ltd,MasterCard,Desktop,0,CDMX,Supermercado,0,34
2549,2025-01-02 13:23:00,52.27,Jones LLC,MasterCard,Mobile,0,Chihuahua,Turismo,0,3
2550,2025-02-03 04:20:00,6.83,Snyder-Johnson,Discover,Desktop,0,Nuevo León,Turismo,0,46
2551,2025-01-27 12:55:00,42.9,Munoz-Yates,Amex,Mobile,0,Baja California,Retail,0,27
2552,2025-01-16 03:14:00,11.77,"Lindsey, Jones and Smith",Discover,Mobile,0,Baja California,Supermercado,0,7
2553,2025-01-13 22:55:00,165.15,"Graham, Jones and Burns",Visa,Mobile,0,Guanajuato,Retail,0,30
2554,2025-01-28 20:04:00,295.05,Cobb-Phillips,MasterCard,Tablet,0,Baja California,Servicios,0,29
2555,2025-01-19 09:22:00,7.51,"Martin, Jones and Vasquez",Discover,Tablet,0,EdoMex,Retail,0,37
2556,2025-01-30 09:26:00,310.37,Cox-Bright,Visa,Tablet,0,Nuevo León,Entretenimiento,0,21
2557,2025-01-27 20:43:00,73.94,Jordan Ltd,Amex,Desktop,0,Chihuahua,Electrónica,0,35
2558,2025-01-31 06:10:00,35.61,Khan-Lucero,MasterCard,Tablet,0,CDMX,Entretenimiento,0,24
2559,2025-01-19 21:11:00,8,Smith LLC,Discover,Tablet,0,Guanajuato,Supermercado,0,44
2560,2025-01-19 17:06:00,69.44,"Levine, Ballard and Holder",Amex,Desktop,0,EdoMex,Supermercado,0,19
2561,2025-01-13 01:08:00,158.24,Dunn-Richards,Discover,Desktop,0,Michoacán,Restaurante,0,46
2562,2025-01-17 03:40:00,122.79,Hodge-Jackson,Visa,Mobile,0,CDMX,Servicios,0,37
2563,2025-01-24 22:05:00,5.15,"Spencer, Terry and Best",Amex,Desktop,0,EdoMex,Servicios,0,3
2564,2025-01-15 00:48:00,7.57,Dunn-Martinez,Discover,Desktop,0,Veracruz,Electrónica,0,43
2565,2025-01-18 22:42:00,51.56,Robinson Ltd,Amex,Tablet,0,Tamaulipas,Supermercado,0,33
2566,2025-01-24 08:48:00,35,Terrell Inc,Visa,Mobile,0,Coahuila,Electrónica,0,17
2567,2025-01-06 02:19:00,26.45,Blackburn-Villegas,Amex,Mobile,0,Michoacán,Electrónica,0,38
2568,2025-01-03 21:10:00,32.99,Ellis Inc,Discover,Desktop,0,Veracruz,Restaurante,0,10
2569,2025-01-06 08:31:00,162.7,Davis-Fowler,Visa,Tablet,0,Baja California,Retail,0,3
2570,2025-01-05 20:46:00,264.83,"Smith, Perez and Mclaughlin",MasterCard,Tablet,0,Coahuila,Turismo,0,37
2571,2025-01-07 06:12:00,51.94,Atkinson PLC,Discover,Tablet,0,Guanajuato,Restaurante,0,43
2572,2025-01-31 02:32:00,236.56,Day-Castillo,Discover,Tablet,0,Baja California,Servicios,0,39
2573,2025-01-30 12:15:00,38.79,Forbes LLC,Visa,Desktop,0,Tamaulipas,Electrónica,0,42
2574,2025-02-04 03:41:00,64.71,Austin Ltd,Visa,Tablet,0,Nuevo León,Supermercado,0,3
2575,2025-01-31 22:15:00,25.62,"Martinez, Mooney and Hudson",MasterCard,Mobile,0,Coahuila,Turismo,0,12
2576,2025-01-13 23:15:00,102.3,Watson-Turner,Discover,Mobile,0,Jalisco,Restaurante,0,34
2577,2025-01-15 18:00:00,386.23,Lopez-Delgado,Visa,Desktop,0,Nuevo León,Turismo,0,30
2578,2025-01-21 02:08:00,92.51,Morgan PLC,MasterCard,Tablet,0,Baja California,Supermercado,0,24
2579,2025-01-28 18:46:00,44.29,"Lee, Escobar and Carney",MasterCard,Tablet,0,Chihuahua,Turismo,0,32
2580,2025-01-14 09:14:00,104.36,"Mercado, Hernandez and Nelson",Visa,Tablet,0,EdoMex,Restaurante,0,13
2581,2025-01-19 07:29:00,13.12,Sharp LLC,Discover,Tablet,0,Sonora,Retail,0,44
2582,2025-01-27 15:17:00,219.52,Lawrence-Rivera,Amex,Desktop,0,Veracruz,Turismo,0,16
2583,2025-01-07 12:53:00,69.93,Hamilton-Lopez,Amex,Tablet,0,Nuevo León,Supermercado,0,11
2584,2025-01-06 08:19:00,59.67,"Reid, Rivera and Wright",MasterCard,Desktop,0,CDMX,Entretenimiento,0,22
2585,2025-01-02 17:23:00,88.16,Leon PLC,Amex,Tablet,0,Chihuahua,Turismo,0,23
2586,2025-01-16 21:47:00,98.03,Shannon-Best,Amex,Tablet,0,Tamaulipas,Electrónica,0,12
2587,2025-01-14 07:36:00,7.45,"Mora, Oneill and Morgan",Visa,Mobile,0,CDMX,Turismo,0,5
2588,2025-01-21 01:58:00,114.76,"Alvarez, Newman and Hays",MasterCard,Desktop,0,Nuevo León,Electrónica,0,34
2589,2025-01-01 09:43:00,27.7,Russo LLC,Discover,Mobile,0,Nuevo León,Turismo,0,3
2590,2025-01-19 03:31:00,125.16,Garcia Ltd,MasterCard,Desktop,0,Veracruz,Restaurante,0,26
2591,2025-01-25 19:23:00,172.9,"Guerrero, Reed and Pratt",Visa,Tablet,0,CDMX,Electrónica,0,20
2592,2025-01-02 12:32:00,162.94,Price-Thompson,Amex,Tablet,0,Puebla,Turismo,0,2
2593,2025-01-31 14:09:00,80.41,"Stanley, Parks and Snow",Discover,Desktop,0,Jalisco,Servicios,0,47
2594,2025-01-29 08:20:00,73.43,Moore Ltd,MasterCard,Mobile,0,EdoMex,Electrónica,0,12
2595,2025-01-17 11:36:00,15.42,"Hunter, Flores and Campbell",Amex,Desktop,0,CDMX,Entretenimiento,0,1
2596,2025-01-30 00:56:00,149.32,Adams PLC,MasterCard,Desktop,0,Nuevo León,Entretenimiento,0,10
2597,2025-01-21 19:22:00,31.66,Robinson Group,Discover,Tablet,0,Sonora,Turismo,0,1
2598,2025-02-03 20:44:00,68.66,Wilson and Sons,MasterCard,Mobile,0,Jalisco,Turismo,0,2
2599,2025-01-06 06:08:00,33.45,"Martinez, Johnson and Brown",MasterCard,Desktop,0,Chihuahua,Restaurante,0,25
2600,2025-01-28 08:31:00,14.37,Ellis-Lyons,MasterCard,Mobile,0,Chihuahua,Servicios,0,6
2601,2025-01-02 01:54:00,99.31,Livingston-Williams,Amex,Mobile,0,Veracruz,Electrónica,0,9
2602,2025-01-19 22:52:00,5.59,Potts PLC,Discover,Desktop,1,Chihuahua,Supermercado,0,36
2603,2025-01-12 22:48:00,138.09,Brown-Fry,Discover,Mobile,0,Chihuahua,Retail,0,11
2604,2025-01-14 06:16:00,38.21,Shannon Inc,Amex,Tablet,0,Chihuahua,Supermercado,0,46
2605,2025-01-14 15:22:00,0.01,Whitaker Group,Amex,Tablet,0,Veracruz,Retail,0,39
2606,2025-01-25 09:50:00,71.57,"Gonzalez, Cook and Andrews",Amex,Tablet,0,Nuevo León,Restaurante,0,44
2607,2025-01-16 02:26:00,4.8,Reed-Morgan,Visa,Tablet,0,Coahuila,Supermercado,0,41
2608,2025-02-02 07:41:00,32.32,"Gould, Jones and Lewis",MasterCard,Mobile,0,Sonora,Servicios,0,50
2609,2025-01-02 15:12:00,122.75,"Berger, Parsons and Torres",MasterCard,Tablet,0,Puebla,Retail,0,6
2610,2025-01-06 00:17:00,6.47,Compton PLC,Discover,Desktop,0,Baja California,Electrónica,0,50
2611,2025-01-23 04:18:00,182.85,"Dixon, Garrett and Rodriguez",MasterCard,Tablet,0,Baja California,Turismo,0,49
2612,2025-01-03 05:57:00,0.38,"Shaffer, Murphy and Lewis",Visa,Desktop,1,Chihuahua,Servicios,0,30
2613,2025-01-02 04:45:00,28.35,Carter LLC,Amex,Desktop,0,EdoMex,Servicios,0,9
2614,2025-01-22 20:50:00,135.06,Scott-Rice,Discover,Tablet,0,Puebla,Servicios,0,50
2615,2025-01-08 22:34:00,38.02,Joseph LLC,Discover,Tablet,0,Michoacán,Supermercado,0,12
2616,2025-02-05 01:46:00,10.75,Morris Ltd,MasterCard,Mobile,0,Nuevo León,Retail,0,44
2617,2025-01-30 13:09:00,44.67,Sheppard-Davis,Discover,Desktop,0,Michoacán,Electrónica,0,25
2618,2025-01-29 22:26:00,31.52,"Hart, Winters and Norton",Amex,Tablet,0,Guanajuato,Electrónica,0,20
2619,2025-01-17 19:10:00,184.97,Wong and Sons,Discover,Mobile,0,Veracruz,Retail,0,4
2620,2025-01-18 22:45:00,37.59,"Harper, Ray and Harris",Amex,Tablet,0,EdoMex,Restaurante,0,5
2621,2025-01-17 17:07:00,155.56,Moore Ltd,Visa,Tablet,0,EdoMex,Servicios,0,14
2622,2025-01-10 00:51:00,222.44,Lowe LLC,Visa,Tablet,0,Coahuila,Entretenimiento,0,15
2623,2025-01-20 18:50:00,56.88,White Ltd,Amex,Desktop,0,Sonora,Turismo,0,24
2624,2025-02-02 18:50:00,240.73,"Bell, Parks and Moore",MasterCard,Tablet,0,Guanajuato,Entretenimiento,0,27
2625,2025-01-28 05:20:00,47.37,"Branch, Robinson and Soto",Discover,Mobile,0,Puebla,Restaurante,0,43
2626,2025-01-16 18:46:00,332.64,Brown-Krause,MasterCard,Tablet,0,Jalisco,Servicios,0,31
2627,2025-01-16 05:17:00,9.35,"Brown, Roth and Moody",Discover,Tablet,0,Puebla,Servicios,0,36
2628,2025-01-02 20:10:00,116.16,"Walsh, Roberts and Morgan",Visa,Mobile,0,Jalisco,Turismo,0,10
2629,2025-01-29 20:21:00,68.09,Martin-Norman,Visa,Mobile,0,Sonora,Retail,0,35
2630,2025-01-18 17:04:00,49.04,Hines-Garza,Visa,Desktop,0,Baja California,Turismo,0,23
2631,2025-01-05 05:56:00,100.16,"Reyes, Adkins and Sanchez",Discover,Desktop,0,Tamaulipas,Supermercado,0,42
2632,2025-01-15 10:12:00,121.69,Wilkins-Torres,Visa,Desktop,0,Veracruz,Turismo,0,50
2633,2025-01-04 18:06:00,0.44,Allen-Williams,Visa,Desktop,0,EdoMex,Turismo,0,33
2634,2025-01-22 16:38:00,18.27,"Wilson, Adams and Thomas",Visa,Mobile,0,Baja California,Retail,0,5
2635,2025-01-10 17:12:00,124.84,Garcia Inc,Visa,Tablet,0,Puebla,Entretenimiento,0,49
2636,2025-01-01 12:37:00,109.78,Davis-Bradley,MasterCard,Tablet,0,Veracruz,Entretenimiento,0,44
2637,2025-02-01 19:42:00,338.28,Martinez-Mullen,Visa,Tablet,0,CDMX,Servicios,0,4
2638,2025-01-04 01:02:00,143.14,Brady-Willis,Visa,Desktop,0,Chihuahua,Supermercado,0,38
2639,2025-01-06 14:02:00,301.13,King Inc,MasterCard,Mobile,0,Guanajuato,Turismo,0,12
2640,2025-01-09 17:07:00,121.25,Ford-Martinez,MasterCard,Mobile,0,Veracruz,Entretenimiento,0,25
2641,2025-01-10 19:59:00,35.39,"Burch, Frey and Matthews",Discover,Mobile,0,Michoacán,Retail,0,44
2642,2025-01-24 06:43:00,11.13,Gutierrez LLC,Amex,Tablet,0,Veracruz,Retail,0,23
2643,2025-01-30 21:19:00,152.25,Morgan-Bailey,Visa,Desktop,0,Tamaulipas,Restaurante,0,24
2644,2025-01-21 13:17:00,103.32,Mason-Valdez,Visa,Mobile,0,Coahuila,Entretenimiento,0,18
2645,2025-01-26 21:23:00,4.94,Wiggins-Barton,Visa,Desktop,0,Jalisco,Servicios,0,24
2646,2025-01-12 19:37:00,44.64,Todd PLC,Discover,Mobile,0,Puebla,Entretenimiento,0,49
2647,2025-01-12 21:30:00,314.19,Hudson-Henry,Visa,Desktop,0,EdoMex,Restaurante,0,17
2648,2025-01-27 14:32:00,69.39,Morris-Hodges,Amex,Mobile,0,CDMX,Entretenimiento,0,30
2649,2025-01-09 09:45:00,56.69,Lynch Inc,MasterCard,Desktop,0,Baja California,Supermercado,0,36
2650,2025-01-17 02:03:00,61.19,Bailey Inc,Discover,Mobile,0,Baja California,Entretenimiento,0,47
2651,2025-01-02 19:30:00,23.43,Young-Curtis,MasterCard,Mobile,0,Sonora,Supermercado,0,36
2652,2025-01-30 12:25:00,46,Chambers LLC,Visa,Desktop,1,Coahuila,Retail,0,48
2653,2025-02-02 18:00:00,46.17,"Harrell, Graham and Evans",Visa,Desktop,0,Nuevo León,Retail,0,15
2654,2025-02-01 05:36:00,5.38,Hamilton-King,Visa,Tablet,0,Coahuila,Retail,0,50
2655,2025-01-14 16:42:00,145.92,"Wheeler, Arias and Hatfield",Amex,Desktop,0,CDMX,Restaurante,0,5
2656,2025-01-19 02:35:00,53.87,Johnson and Sons,Amex,Mobile,0,Michoacán,Entretenimiento,0,38
2657,2025-02-05 19:44:00,172.7,Harris-Zimmerman,Discover,Mobile,0,EdoMex,Supermercado,0,49
2658,2025-01-26 16:43:00,189.94,Young LLC,MasterCard,Desktop,0,Guanajuato,Turismo,0,44
2659,2025-02-03 14:54:00,23.82,"Roy, Wood and Todd",Visa,Tablet,0,CDMX,Retail,0,39
2660,2025-02-04 18:33:00,107.11,Leonard-Mcdaniel,Visa,Desktop,1,Jalisco,Retail,0,36
2661,2025-01-01 02:06:00,63.92,Cisneros Group,Visa,Mobile,0,Puebla,Entretenimiento,0,41
2662,2025-01-11 15:48:00,212.16,"Allen, Johnson and Taylor",Visa,Mobile,0,Chihuahua,Retail,0,6
2663,2025-01-18 21:35:00,24.3,Branch Inc,Amex,Tablet,0,Michoacán,Entretenimiento,0,19
2664,2025-02-03 06:50:00,113.26,Patel-Hogan,MasterCard,Desktop,1,Jalisco,Turismo,0,6
2665,2025-01-04 16:28:00,93.59,"Scott, Parker and Alvarez",MasterCard,Mobile,0,Jalisco,Turismo,0,39
2666,2025-01-29 10:04:00,35,Clements PLC,Discover,Mobile,0,Nuevo León,Restaurante,0,20
2667,2025-01-25 15:46:00,14.69,Taylor Ltd,Amex,Mobile,0,EdoMex,Entretenimiento,0,40
2668,2025-01-23 02:53:00,105.45,Cunningham LLC,Visa,Desktop,0,Chihuahua,Electrónica,0,5
2669,2025-01-09 16:35:00,134.17,Bradshaw-Barber,MasterCard,Desktop,0,EdoMex,Retail,0,41
2670,2025-01-25 22:08:00,37.93,Willis Inc,MasterCard,Tablet,0,CDMX,Entretenimiento,0,13
2671,2025-01-29 23:23:00,103.52,Melendez Group,Amex,Mobile,0,Jalisco,Retail,0,4
2672,2025-01-13 03:45:00,50.27,Roman Inc,Discover,Mobile,0,Jalisco,Turismo,0,7
2673,2025-01-24 04:08:00,124.9,Long-Scott,Discover,Tablet,0,Guanajuato,Entretenimiento,0,49
2674,2025-01-01 08:12:00,22.22,"Hernandez, Frederick and Oconnor",Visa,Mobile,0,Chihuahua,Supermercado,0,42
2675,2025-01-25 15:41:00,220.92,Mcdonald LLC,Discover,Tablet,0,Veracruz,Servicios,0,6
2676,2025-01-19 04:40:00,33.88,"Colon, Robertson and Ritter",MasterCard,Tablet,0,Puebla,Retail,0,40
2677,2025-01-03 01:17:00,45.85,Mclean-Williams,Discover,Mobile,0,Chihuahua,Restaurante,0,45
2678,2025-01-05 21:48:00,5.98,"Delacruz, Anderson and Ramirez",Visa,Desktop,0,Guanajuato,Turismo,0,26
2679,2025-01-03 00:40:00,11.82,"Cooper, Gonzalez and King",MasterCard,Desktop,0,Veracruz,Entretenimiento,0,41
2680,2025-01-17 00:33:00,72.54,Miller Ltd,Discover,Desktop,0,Michoacán,Servicios,0,25
2681,2025-01-18 18:11:00,31.14,Moran-Glass,Discover,Desktop,0,Sonora,Supermercado,0,6
2682,2025-01-24 13:07:00,180.47,James LLC,Amex,Mobile,0,Nuevo León,Servicios,0,41
2683,2025-01-16 14:57:00,1.48,"Grant, Cruz and Crawford",Visa,Tablet,0,EdoMex,Electrónica,0,3
2684,2025-01-06 00:14:00,47.66,Colon LLC,Discover,Tablet,0,Michoacán,Servicios,0,8
2685,2025-01-29 04:18:00,41.15,Li-Snyder,Amex,Mobile,0,Nuevo León,Retail,0,34
2686,2025-01-06 06:27:00,1.95,Palmer Group,MasterCard,Desktop,0,Tamaulipas,Electrónica,0,22
2687,2025-01-20 11:48:00,13.28,"Ryan, Nguyen and Wolfe",Amex,Tablet,0,Baja California,Retail,0,37
2688,2025-01-22 06:25:00,53.38,Rojas Ltd,Amex,Mobile,0,Guanajuato,Retail,0,43
2689,2025-01-20 01:00:00,67.9,Lambert Ltd,Discover,Mobile,0,Michoacán,Electrónica,0,44
2690,2025-01-16 17:42:00,51.8,Ortiz Ltd,Discover,Desktop,0,Tamaulipas,Restaurante,0,47
2691,2025-01-11 02:08:00,75.7,Werner-Mcclain,Discover,Mobile,0,Baja California,Entretenimiento,0,45
2692,2025-02-03 02:21:00,90.42,Murphy-Lester,Amex,Tablet,0,Jalisco,Entretenimiento,0,39
2693,2025-01-31 20:24:00,1,"Roberts, Ramirez and Brennan",MasterCard,Tablet,0,Michoacán,Electrónica,0,3
2694,2025-01-11 20:29:00,62.38,Dawson-Davis,Visa,Mobile,0,Jalisco,Retail,0,37
2695,2025-01-23 18:48:00,331.04,"Evans, Hernandez and Miller",Amex,Tablet,0,Puebla,Supermercado,0,32
2696,2025-01-21 20:04:00,73.2,Haas Group,Discover,Mobile,0,Jalisco,Servicios,0,25
2697,2025-01-03 08:39:00,113.18,Carter-Williams,Visa,Tablet,0,EdoMex,Retail,0,38
2698,2025-01-01 22:05:00,37.38,Marquez-Brown,MasterCard,Desktop,0,Michoacán,Turismo,0,50
2699,2025-01-27 23:02:00,148.72,Fisher PLC,Visa,Tablet,0,Michoacán,Turismo,0,21
2700,2025-02-05 12:46:00,148.25,"Macias, Swanson and Cooper",Discover,Desktop,0,Jalisco,Turismo,0,31
2701,2025-01-05 10:20:00,73.67,Parks Ltd,Amex,Desktop,0,EdoMex,Turismo,0,25
2702,2025-01-10 12:21:00,373.03,Murphy Ltd,Amex,Mobile,0,Michoacán,Electrónica,0,33
2703,2025-02-05 00:58:00,13.42,Madden Group,Discover,Desktop,0,Michoacán,Entretenimiento,0,6
2704,2025-01-23 13:58:00,1.71,"Williams, Parsons and Reese",Amex,Tablet,0,Sonora,Restaurante,0,39
2705,2025-02-03 02:08:00,147.04,Knapp and Sons,Discover,Tablet,0,Tamaulipas,Electrónica,0,25
2706,2025-01-08 02:38:00,164.59,Saunders and Sons,Amex,Desktop,0,Puebla,Entretenimiento,0,48
2707,2025-01-24 22:32:00,12.81,"Henson, Smith and Snyder",Amex,Mobile,0,Michoacán,Restaurante,0,24
2708,2025-01-09 23:18:00,30.87,Guzman-Mills,Amex,Desktop,1,Coahuila,Entretenimiento,0,46
2709,2025-01-30 16:12:00,1.77,"Watts, Esparza and Miller",MasterCard,Tablet,0,CDMX,Retail,0,46
2710,2025-01-13 05:30:00,34.72,Anderson-Warren,MasterCard,Tablet,0,Michoacán,Retail,0,30
2711,2025-02-04 06:05:00,148.34,Moss Inc,Discover,Desktop,0,Chihuahua,Entretenimiento,0,19
2712,2025-01-03 06:33:00,72.97,Henderson-Russell,MasterCard,Desktop,0,Tamaulipas,Servicios,0,42
2713,2025-01-04 17:13:00,42.79,"Thompson, Romero and Davies",Discover,Desktop,0,CDMX,Electrónica,0,20
2714,2025-01-13 04:19:00,46.48,Harris-Snyder,Visa,Tablet,0,Tamaulipas,Restaurante,0,47
2715,2025-01-18 17:01:00,0.14,"Jordan, Lee and Gonzalez",Visa,Tablet,0,Sonora,Electrónica,0,7
2716,2025-01-29 04:54:00,35.64,Barajas-Mayo,MasterCard,Tablet,0,Puebla,Retail,0,21
2717,2025-01-11 03:08:00,103.98,Bennett LLC,Visa,Mobile,0,Sonora,Entretenimiento,0,1
2718,2025-02-02 17:56:00,365.72,Kane Inc,Visa,Tablet,0,Coahuila,Electrónica,0,43
2719,2025-01-10 09:45:00,187.77,Dennis Ltd,Amex,Tablet,0,Chihuahua,Supermercado,0,40
2720,2025-01-16 07:44:00,2.39,"Webb, Gibson and Bartlett",Amex,Mobile,0,EdoMex,Retail,0,48
2721,2025-02-03 18:40:00,228.83,Eaton-Davis,Discover,Mobile,0,Coahuila,Restaurante,0,9
2722,2025-01-08 00:42:00,152.88,Smith Ltd,Visa,Mobile,0,EdoMex,Supermercado,0,38
2723,2025-01-17 21:13:00,151.58,Riley Group,Discover,Mobile,0,Coahuila,Electrónica,0,2
2724,2025-01-01 21:51:00,61.25,"Jenkins, Henry and Mercer",Discover,Mobile,0,Guanajuato,Supermercado,0,47
2725,2025-01-07 07:07:00,50.75,Smith-Ayers,Visa,Mobile,0,Nuevo León,Retail,0,20
2726,2025-02-02 08:14:00,36.08,"Morton, Owen and Wall",MasterCard,Desktop,0,Jalisco,Turismo,0,12
2727,2025-01-30 11:57:00,6.8,Wu-Sharp,Visa,Desktop,0,Jalisco,Supermercado,0,5
2728,2025-01-05 08:41:00,25.91,"Atkins, Robertson and Smith",Amex,Desktop,0,Chihuahua,Supermercado,0,44
2729,2025-01-01 23:50:00,28.32,Chen Group,Visa,Desktop,0,Sonora,Servicios,0,30
2730,2025-01-22 22:41:00,66.18,Craig Group,MasterCard,Tablet,0,Coahuila,Restaurante,0,24
2731,2025-01-28 13:16:00,137.61,Dennis-Bolton,Discover,Mobile,0,CDMX,Entretenimiento,0,43
2732,2025-01-04 09:06:00,64.21,Becker-Burton,Discover,Tablet,0,Baja California,Turismo,0,23
2733,2025-01-20 03:49:00,5.96,"Wilkerson, Craig and Davidson",Amex,Mobile,0,Coahuila,Supermercado,0,43
2734,2025-01-16 19:11:00,316.51,Williams and Sons,Amex,Mobile,0,Baja California,Supermercado,0,47
2735,2025-01-10 06:33:00,285.99,Figueroa-Martin,Amex,Tablet,0,Tamaulipas,Retail,0,20
2736,2025-01-07 08:27:00,153.8,Chambers PLC,Discover,Desktop,0,EdoMex,Entretenimiento,0,16
2737,2025-01-09 02:58:00,474.76,Campbell-Armstrong,Amex,Tablet,0,Baja California,Retail,0,9
2738,2025-01-15 14:39:00,78.63,Byrd-Powers,Visa,Tablet,0,Sonora,Servicios,0,27
2739,2025-01-26 05:20:00,329.06,"Washington, Lewis and Peterson",Discover,Mobile,0,Puebla,Retail,0,11
2740,2025-01-19 01:54:00,7.86,Pratt Group,MasterCard,Mobile,0,CDMX,Supermercado,0,34
2741,2025-01-09 09:53:00,45.52,Allen-Chandler,Discover,Mobile,0,Coahuila,Supermercado,0,18
2742,2025-01-14 22:32:00,25.54,Floyd-Jones,Visa,Desktop,0,Jalisco,Retail,0,46
2743,2025-01-23 12:53:00,21.79,"Wells, Sanders and Scott",Visa,Tablet,1,Puebla,Turismo,0,27
2744,2025-01-16 00:09:00,15.18,Hernandez LLC,Amex,Tablet,1,Guanajuato,Retail,0,39
2745,2025-02-01 10:32:00,97.4,Moore-Floyd,Discover,Desktop,0,Coahuila,Restaurante,0,22
2746,2025-01-11 02:53:00,152.02,"Brown, Morales and Bailey",Discover,Tablet,0,Guanajuato,Servicios,0,13
2747,2025-01-30 22:33:00,86.35,"Black, Colon and Martin",Discover,Tablet,1,Jalisco,Electrónica,0,21
2748,2025-01-19 06:40:00,15.9,"Lee, Diaz and Morgan",MasterCard,Mobile,0,Veracruz,Retail,0,5
2749,2025-01-21 06:13:00,166.67,Coleman Inc,Amex,Desktop,0,Baja California,Electrónica,0,26
2750,2025-01-01 15:38:00,101.05,Washington-Macdonald,Visa,Mobile,0,Chihuahua,Entretenimiento,0,22
2751,2025-02-03 23:20:00,49.13,Mcbride and Sons,Visa,Desktop,0,Sonora,Turismo,0,31
2752,2025-01-31 06:29:00,112.13,Gray-Stokes,Amex,Mobile,0,Guanajuato,Retail,0,5
2753,2025-02-04 08:29:00,30.1,Chambers-Jackson,Visa,Tablet,0,Chihuahua,Supermercado,0,2
2754,2025-01-29 03:49:00,42.34,"French, Lee and Schwartz",Visa,Desktop,0,Coahuila,Servicios,0,11
2755,2025-01-03 11:23:00,249.48,Buckley Inc,Amex,Desktop,0,Nuevo León,Servicios,0,3
2756,2025-01-14 23:25:00,34.32,"Black, Hammond and Williams",Visa,Mobile,0,Coahuila,Restaurante,0,42
2757,2025-01-19 07:00:00,63.49,Lopez-Mitchell,Discover,Desktop,0,Guanajuato,Retail,0,4
2758,2025-01-17 19:11:00,220.86,Gomez-Burton,MasterCard,Tablet,0,Sonora,Entretenimiento,0,16
2759,2025-01-17 00:25:00,123,"Murray, Brewer and Payne",Amex,Tablet,0,Jalisco,Electrónica,0,23
2760,2025-01-02 14:37:00,6.42,Lutz-Webb,MasterCard,Tablet,0,Coahuila,Restaurante,0,13
2761,2025-01-08 19:29:00,15.94,Le and Sons,Visa,Mobile,0,Puebla,Electrónica,0,13
2762,2025-01-07 22:35:00,0.79,Morrison Inc,Visa,Desktop,0,Michoacán,Restaurante,0,28
2763,2025-01-25 21:14:00,99.67,Charles-Armstrong,Discover,Mobile,0,Baja California,Entretenimiento,0,35
2764,2025-01-20 09:09:00,59.36,Gardner-Boyd,Amex,Tablet,0,Baja California,Supermercado,0,38
2765,2025-01-11 20:34:00,14.42,Mcbride-Jones,Visa,Desktop,0,Veracruz,Servicios,0,8
2766,2025-01-11 13:32:00,316.85,Jones Inc,Amex,Tablet,0,Tamaulipas,Retail,0,5
2767,2025-01-08 00:37:00,75.43,Hunter PLC,Amex,Desktop,0,Nuevo León,Electrónica,0,9
2768,2025-02-05 07:24:00,27.69,Hayden LLC,Amex,Desktop,0,Coahuila,Servicios,0,30
2769,2025-02-01 03:04:00,69.44,Tucker-Stokes,Amex,Mobile,0,Tamaulipas,Entretenimiento,0,27
2770,2025-01-26 14:55:00,113.82,"Mullen, Pena and Wiggins",Amex,Desktop,0,Puebla,Turismo,0,25
2771,2025-01-18 02:22:00,7.93,Wallace-Howard,MasterCard,Tablet,0,Nuevo León,Entretenimiento,0,8
2772,2025-01-26 13:15:00,32.12,White-Evans,Discover,Desktop,0,Puebla,Retail,0,25
2773,2025-02-04 03:11:00,164.49,Lee Inc,Amex,Tablet,0,Tamaulipas,Retail,0,49
2774,2025-01-19 16:23:00,61.56,Arias-Contreras,MasterCard,Mobile,0,Baja California,Retail,0,45
2775,2025-01-08 03:00:00,79.09,"Rosales, Bowen and Townsend",Visa,Tablet,0,Nuevo León,Supermercado,0,49
2776,2025-01-05 03:25:00,56.71,"Bond, Cooper and Cain",Amex,Desktop,0,Veracruz,Supermercado,0,28
2777,2025-01-30 20:23:00,4.49,Walker-Contreras,Visa,Tablet,0,Guanajuato,Entretenimiento,0,10
2778,2025-01-09 10:42:00,18.12,Beasley-Turner,Amex,Tablet,0,Sonora,Supermercado,0,20
2779,2025-01-22 11:52:00,58.98,Lopez-Tucker,MasterCard,Desktop,0,Guanajuato,Turismo,0,30
2780,2025-01-01 07:02:00,23.47,Mcneil and Sons,MasterCard,Tablet,0,Tamaulipas,Servicios,0,30
2781,2025-02-04 12:14:00,5.13,Thomas-Sharp,MasterCard,Desktop,0,CDMX,Supermercado,0,40
2782,2025-01-17 17:14:00,185.57,Avila Inc,Discover,Mobile,0,Tamaulipas,Supermercado,0,10
2783,2025-01-19 05:22:00,397.35,Jackson Group,Visa,Tablet,0,Tamaulipas,Turismo,0,49
2784,2025-01-26 08:07:00,157.57,Chavez and Sons,Discover,Mobile,0,Baja California,Restaurante,0,12
2785,2025-01-15 22:33:00,192.27,Thompson-Johnson,Amex,Tablet,0,Guanajuato,Entretenimiento,0,37
2786,2025-01-21 20:37:00,27.7,Lopez-Johnson,Visa,Tablet,0,Nuevo León,Turismo,0,23
2787,2025-01-25 02:43:00,323.47,"Smith, Anderson and Vazquez",MasterCard,Mobile,0,Guanajuato,Turismo,0,14
2788,2025-01-10 19:12:00,21.93,"Wright, Paul and Richards",Visa,Tablet,0,Baja California,Retail,0,7
2789,2025-02-01 14:56:00,302.47,Murillo-Allen,MasterCard,Tablet,0,Puebla,Turismo,0,8
2790,2025-01-26 23:18:00,526.28,"Reynolds, Guzman and Gomez",Discover,Mobile,0,Baja California,Retail,0,16
2791,2025-01-15 15:14:00,124.38,Graves-Conley,Discover,Tablet,0,Veracruz,Retail,0,30
2792,2025-01-29 22:42:00,397.09,Jones-Williams,MasterCard,Desktop,0,Baja California,Supermercado,0,14
2793,2025-02-04 05:14:00,84.29,Chase-Wilson,MasterCard,Tablet,0,Sonora,Retail,0,30
2794,2025-01-21 16:11:00,30.05,Atkins-Harris,Amex,Tablet,0,Chihuahua,Restaurante,0,21
2795,2025-01-24 22:53:00,57.45,Perez-Sellers,Discover,Tablet,0,EdoMex,Supermercado,0,12
2796,2025-01-12 12:46:00,90.03,"Charles, Snyder and Parker",Discover,Mobile,0,Tamaulipas,Servicios,0,28
2797,2025-01-05 22:42:00,7.59,Nguyen Inc,Amex,Desktop,0,Michoacán,Turismo,0,44
2798,2025-01-19 15:16:00,97.38,Norman Ltd,Discover,Desktop,0,EdoMex,Electrónica,0,31
2799,2025-01-04 01:14:00,397.27,Cooke-Cortez,MasterCard,Tablet,0,Veracruz,Retail,0,44
2800,2025-01-03 23:27:00,21.09,"Mendoza, Rodriguez and Ruiz",Visa,Mobile,0,Michoacán,Servicios,0,49
2801,2025-01-23 08:37:00,157.31,Clark-Johnson,Visa,Mobile,1,Chihuahua,Restaurante,0,41
2802,2025-01-12 17:25:00,238.49,Contreras-Lee,Discover,Desktop,0,Sonora,Retail,0,41
2803,2025-01-04 01:45:00,287.71,"Joyce, Ruiz and Gray",Amex,Mobile,0,Tamaulipas,Servicios,0,17
2804,2025-01-29 14:56:00,322.23,Smith PLC,MasterCard,Tablet,0,Sonora,Supermercado,0,49
2805,2025-01-15 02:42:00,73.7,Ward-Thomas,Visa,Tablet,0,Puebla,Supermercado,0,24
2806,2025-01-03 09:32:00,378.57,Bennett-Brown,MasterCard,Mobile,0,Jalisco,Electrónica,0,46
2807,2025-02-01 23:22:00,141.6,Anthony PLC,Discover,Tablet,0,EdoMex,Retail,0,11
2808,2025-01-10 22:45:00,17.63,"Guzman, Allen and Jones",Discover,Desktop,0,Veracruz,Entretenimiento,0,44
2809,2025-01-10 16:45:00,64.8,"White, Harris and Esparza",Visa,Tablet,0,Sonora,Supermercado,0,16
2810,2025-02-01 15:25:00,126.7,Anderson-Watson,Discover,Mobile,0,Veracruz,Entretenimiento,0,45
2811,2025-01-19 01:39:00,28.41,"Gardner, Wang and Cook",Amex,Desktop,0,Coahuila,Electrónica,0,28
2812,2025-01-29 18:05:00,102.34,Freeman-Hayes,Discover,Tablet,0,Chihuahua,Restaurante,0,39
2813,2025-01-19 14:18:00,109.84,Smith-Wilkinson,Discover,Desktop,0,Veracruz,Turismo,0,18
2814,2025-01-17 22:50:00,17.76,"Martinez, Martin and Braun",Discover,Mobile,0,Nuevo León,Turismo,0,45
2815,2025-01-22 21:09:00,83.26,Lopez-Roberts,MasterCard,Tablet,0,Nuevo León,Restaurante,0,8
2816,2025-01-19 16:47:00,147.68,Richard-Abbott,MasterCard,Tablet,0,Tamaulipas,Supermercado,0,29
2817,2025-02-04 08:29:00,69.09,"Hood, Williams and Martinez",Visa,Desktop,0,Nuevo León,Electrónica,0,44
2818,2025-01-28 09:14:00,1.22,Castro Inc,Visa,Tablet,0,Chihuahua,Retail,0,49
2819,2025-01-22 07:45:00,0.91,Gill-Luna,Visa,Tablet,0,Puebla,Servicios,0,3
2820,2025-01-26 16:03:00,44.17,Campbell and Sons,Discover,Tablet,0,Nuevo León,Electrónica,0,35
2821,2025-01-25 03:53:00,260.63,Klein-Thompson,MasterCard,Tablet,0,Tamaulipas,Restaurante,0,22
2822,2025-01-18 17:54:00,25.96,"Hunt, Phillips and Wyatt",Amex,Mobile,0,Jalisco,Supermercado,0,42
2823,2025-02-03 15:25:00,100.61,Carroll Group,Discover,Tablet,1,Nuevo León,Entretenimiento,0,6
2824,2025-01-25 00:41:00,25.11,James-Thomas,Discover,Desktop,0,CDMX,Servicios,0,14
2825,2025-01-03 08:48:00,38.81,Mora-Benson,Discover,Mobile,0,Michoacán,Retail,0,30
2826,2025-01-21 23:51:00,188.42,Ballard-Miller,Amex,Desktop,0,Veracruz,Electrónica,0,44
2827,2025-01-31 15:22:00,130.51,Hawkins-Powell,Visa,Desktop,0,Chihuahua,Retail,0,31
2828,2025-01-22 10:57:00,10.03,Martin-Santiago,Amex,Desktop,0,EdoMex,Entretenimiento,0,11
2829,2025-01-08 20:46:00,55.98,"Wilson, Duran and Christian",Visa,Mobile,0,Tamaulipas,Supermercado,0,36
2830,2025-01-07 01:53:00,2.96,Howard Ltd,Amex,Mobile,0,Puebla,Retail,0,16
2831,2025-01-02 20:38:00,65.56,"Miller, Torres and Santos",MasterCard,Mobile,0,EdoMex,Entretenimiento,0,21
2832,2025-01-15 04:53:00,108.6,"Spencer, Wood and Benson",Discover,Tablet,0,EdoMex,Electrónica,0,12
2833,2025-01-27 16:27:00,12.61,Williams Inc,Discover,Desktop,0,Tamaulipas,Turismo,0,32
2834,2025-01-18 01:37:00,34.09,Martinez-Vance,Discover,Mobile,0,EdoMex,Retail,0,37
2835,2025-01-22 07:48:00,50.72,Orr-Morris,Visa,Desktop,0,Nuevo León,Servicios,0,31
2836,2025-01-20 04:48:00,251.99,Hoover Group,Amex,Mobile,0,Veracruz,Supermercado,0,43
2837,2025-01-21 23:23:00,499.9,"Roman, Nguyen and Richards",MasterCard,Mobile,0,Nuevo León,Restaurante,0,42
2838,2025-01-25 11:25:00,4.6,"Coleman, Williams and Snyder",Amex,Mobile,0,Sonora,Supermercado,0,41
2839,2025-01-23 02:31:00,143.13,Keith-Cooley,Discover,Desktop,0,Baja California,Electrónica,0,43
2840,2025-02-02 06:50:00,46.48,"Conway, Rose and Fuentes",MasterCard,Tablet,0,Tamaulipas,Entretenimiento,0,29
2841,2025-01-31 17:51:00,49.83,Stone PLC,MasterCard,Mobile,0,Jalisco,Retail,0,42
2842,2025-02-02 11:11:00,140.35,"Rodriguez, Chang and Hopkins",Discover,Mobile,0,Nuevo León,Retail,0,12
2843,2025-01-10 16:28:00,250.62,Castillo-Ruiz,Amex,Mobile,0,Guanajuato,Turismo,0,4
2844,2025-01-11 22:00:00,301.45,"Martinez, Jordan and Crawford",Discover,Tablet,0,Baja California,Entretenimiento,0,44
2845,2025-02-02 05:50:00,86.07,Lee Ltd,Amex,Desktop,0,Baja California,Supermercado,0,8
2846,2025-01-30 19:35:00,44.18,Wheeler PLC,MasterCard,Desktop,0,Nuevo León,Servicios,0,46
2847,2025-01-09 23:45:00,154.9,"Nichols, Sanchez and Garza",MasterCard,Desktop,0,EdoMex,Servicios,0,42
2848,2025-01-10 15:35:00,28.9,Kelly-Cooper,Discover,Desktop,0,Tamaulipas,Supermercado,0,42
2849,2025-01-16 12:21:00,83.03,Eaton and Sons,MasterCard,Mobile,0,CDMX,Turismo,0,8
2850,2025-01-11 23:58:00,44.41,Burton and Sons,Visa,Tablet,0,Tamaulipas,Turismo,0,36
2851,2025-01-12 18:00:00,106.89,"Burke, Perkins and Martinez",MasterCard,Mobile,0,Jalisco,Turismo,0,39
2852,2025-01-14 02:52:00,27.5,Patterson-Romero,Visa,Tablet,0,Sonora,Electrónica,0,35
2853,2025-01-19 12:44:00,21.27,Nelson LLC,MasterCard,Desktop,0,Chihuahua,Retail,0,9
2854,2025-01-31 17:21:00,250.4,"Martinez, Yoder and Burton",Discover,Tablet,0,EdoMex,Entretenimiento,0,50
2855,2025-01-22 23:23:00,10.74,Morales Inc,Discover,Mobile,0,Nuevo León,Supermercado,0,15
2856,2025-01-23 07:30:00,70.51,Mcintyre PLC,Visa,Mobile,0,Nuevo León,Retail,0,33
2857,2025-01-11 11:59:00,24.96,Anderson Inc,Discover,Desktop,0,Chihuahua,Retail,0,12
2858,2025-01-02 15:54:00,3.97,Harris Group,MasterCard,Mobile,0,Tamaulipas,Supermercado,0,6
2859,2025-01-02 02:14:00,3.67,Hanson-Hall,MasterCard,Mobile,0,CDMX,Entretenimiento,0,43
2860,2025-01-25 19:08:00,19.26,"Ross, Williams and Ryan",Discover,Tablet,0,Baja California,Restaurante,0,17
2861,2025-02-04 08:47:00,201.57,Phillips Inc,MasterCard,Mobile,0,EdoMex,Supermercado,0,8
2862,2025-01-15 21:24:00,33.2,Ashley-Brown,Amex,Desktop,0,Puebla,Entretenimiento,0,23
2863,2025-01-08 10:26:00,300.5,Sparks-White,Amex,Desktop,0,Chihuahua,Retail,0,24
2864,2025-01-01 00:00:00,87.14,"Flores, Gibbs and Calhoun",MasterCard,Mobile,0,Nuevo León,Supermercado,0,22
2865,2025-01-03 21:37:00,57.38,"Chung, Rodgers and Smith",Discover,Desktop,0,Coahuila,Restaurante,0,4
2866,2025-01-02 09:18:00,86.77,Williams-Flowers,Visa,Tablet,0,Sonora,Entretenimiento,0,2
2867,2025-01-24 13:03:00,72.71,Meyers-Reynolds,Discover,Tablet,0,Baja California,Supermercado,0,37
2868,2025-01-26 14:59:00,142.2,Pearson PLC,Visa,Mobile,0,Sonora,Supermercado,0,1
2869,2025-01-21 06:40:00,33.2,"Vaughn, Carlson and Pitts",Discover,Mobile,0,Tamaulipas,Servicios,0,16
2870,2025-01-10 04:45:00,43.55,"Robertson, Ross and Holt",MasterCard,Tablet,0,Guanajuato,Entretenimiento,0,16
2871,2025-02-02 04:06:00,224.52,Galloway-Woods,Amex,Desktop,0,Veracruz,Electrónica,0,12
2872,2025-02-02 17:34:00,292.73,Silva LLC,Discover,Mobile,0,Michoacán,Supermercado,0,2
2873,2025-01-16 18:39:00,223.08,Hamilton LLC,Visa,Mobile,0,Veracruz,Supermercado,0,15
2874,2025-01-05 10:49:00,54.38,"Martin, Harvey and Williamson",Amex,Desktop,0,Puebla,Turismo,0,10
2875,2025-01-22 15:20:00,151.58,Davis Inc,Visa,Mobile,0,Nuevo León,Electrónica,0,38
2876,2025-01-23 18:00:00,64.69,"Lane, Elliott and Grant",MasterCard,Desktop,0,Puebla,Entretenimiento,0,35
2877,2025-01-15 08:15:00,68.82,Ware-Tucker,Amex,Desktop,0,Jalisco,Retail,0,7
2878,2025-01-18 08:19:00,22.9,Gonzalez-Ballard,Visa,Desktop,0,Michoacán,Entretenimiento,0,44
2879,2025-01-19 15:33:00,89.44,Brown Group,Discover,Desktop,0,Baja California,Entretenimiento,0,48
2880,2025-01-22 03:26:00,20.6,Stevenson-Gonzalez,MasterCard,Desktop,0,Sonora,Servicios,0,18
2881,2025-01-01 03:54:00,40.28,"Lopez, Lucas and Mclaughlin",MasterCard,Tablet,0,Tamaulipas,Servicios,0,14
2882,2025-02-01 10:34:00,193.12,Bishop-Allen,MasterCard,Desktop,0,Chihuahua,Turismo,0,33
2883,2025-01-21 22:59:00,23.2,Turner-Brown,Discover,Tablet,0,CDMX,Entretenimiento,0,26
2884,2025-01-08 09:59:00,7.38,Williams-Alvarado,Discover,Desktop,0,Baja California,Turismo,0,26
2885,2025-01-24 07:56:00,7.15,Shepherd Group,Amex,Mobile,0,Nuevo León,Supermercado,0,27
2886,2025-02-02 09:57:00,282.66,Blanchard and Sons,Discover,Tablet,0,Puebla,Entretenimiento,0,41
2887,2025-01-10 10:03:00,70.71,Navarro Group,Amex,Mobile,0,Jalisco,Restaurante,0,35
2888,2025-01-17 15:35:00,52.66,Lee-Carpenter,MasterCard,Desktop,0,Coahuila,Turismo,0,21
2889,2025-01-11 13:17:00,166.54,"Small, Pierce and Hernandez",Amex,Desktop,0,Michoacán,Servicios,0,7
2890,2025-01-27 18:49:00,180.68,Murphy LLC,Visa,Mobile,0,Guanajuato,Retail,0,35
2891,2025-01-17 19:37:00,40.38,Ramirez Ltd,MasterCard,Desktop,0,Tamaulipas,Servicios,0,31
2892,2025-01-24 08:30:00,118.29,Brown-Fisher,MasterCard,Mobile,0,Tamaulipas,Entretenimiento,0,5
2893,2025-02-02 07:03:00,147.46,Wilkinson-Miller,Amex,Desktop,0,Chihuahua,Servicios,0,22
2894,2025-01-14 16:27:00,106.32,Morse PLC,MasterCard,Desktop,0,Puebla,Retail,0,50
2895,2025-01-11 14:15:00,16.44,"Watson, Larson and Young",Discover,Tablet,0,Michoacán,Entretenimiento,0,19
2896,2025-01-21 23:19:00,208.65,Mendoza Inc,Visa,Mobile,0,EdoMex,Restaurante,0,24
2897,2025-02-01 22:08:00,77.46,Fleming Group,Amex,Desktop,0,Michoacán,Turismo,0,22
2898,2025-01-11 12:31:00,33.19,Gonzalez-Allen,Amex,Mobile,0,Puebla,Restaurante,0,21
2899,2025-01-18 07:22:00,55.38,"Clark, Peterson and Schmitt",MasterCard,Tablet,0,Sonora,Turismo,0,48
2900,2025-01-16 04:05:00,3.83,"Cohen, Gilmore and Abbott",Discover,Mobile,0,Chihuahua,Servicios,0,43
2901,2025-02-03 02:35:00,13.68,Franklin-Armstrong,MasterCard,Tablet,0,EdoMex,Electrónica,0,44
2902,2025-01-01 19:24:00,145.05,Osborne Group,MasterCard,Mobile,0,Guanajuato,Restaurante,0,7
2903,2025-01-18 08:42:00,0,Lopez Ltd,Amex,Mobile,0,Guanajuato,Restaurante,0,26
2904,2025-01-24 12:48:00,53.88,"Greer, Hunt and Jenkins",MasterCard,Tablet,0,Puebla,Entretenimiento,0,14
2905,2025-01-15 17:52:00,73.92,Chapman and Sons,Visa,Desktop,0,Baja California,Restaurante,0,47
2906,2025-01-19 15:15:00,5.62,Andrews-Wilson,MasterCard,Desktop,0,Sonora,Turismo,0,7
2907,2025-01-27 17:36:00,361.48,"Sanders, Thompson and Jenkins",MasterCard,Desktop,0,Puebla,Retail,0,30
2908,2025-01-26 16:37:00,25.63,Sanchez Ltd,Amex,Mobile,0,EdoMex,Servicios,0,42
2909,2025-01-29 00:03:00,36.27,"Dixon, Armstrong and Young",MasterCard,Mobile,0,Coahuila,Entretenimiento,0,28
2910,2025-01-09 16:03:00,36.23,"Moore, Wells and Williams",Discover,Desktop,0,Nuevo León,Retail,0,1
2911,2025-01-27 01:30:00,26.19,Holmes Inc,Amex,Mobile,0,Coahuila,Electrónica,0,32
2912,2025-01-20 21:57:00,0.15,Cruz Group,MasterCard,Mobile,0,Sonora,Electrónica,0,15
2913,2025-01-07 03:08:00,130.69,Rios and Sons,Visa,Desktop,0,Tamaulipas,Servicios,0,25
2914,2025-01-01 02:16:00,340.66,Weeks and Sons,Visa,Tablet,0,EdoMex,Turismo,0,36
2915,2025-01-30 07:06:00,25.4,Marshall Inc,Amex,Mobile,0,Chihuahua,Restaurante,0,17
2916,2025-01-06 01:00:00,108.78,Chen-Allen,Amex,Mobile,0,Michoacán,Supermercado,0,1
2917,2025-01-28 02:54:00,135.44,Acevedo-Jones,MasterCard,Mobile,0,CDMX,Electrónica,0,5
2918,2025-01-25 07:04:00,188.67,Gomez-Crawford,Discover,Mobile,0,Baja California,Servicios,0,24
2919,2025-01-08 18:51:00,54.93,"Perez, Park and Moore",MasterCard,Tablet,0,Chihuahua,Electrónica,0,42
2920,2025-01-24 02:44:00,36.09,Nelson-Rhodes,Visa,Desktop,0,Puebla,Entretenimiento,0,32
2921,2025-01-21 09:15:00,39.35,"Mitchell, Garrett and Alexander",Discover,Mobile,0,Guanajuato,Servicios,0,35
2922,2025-01-19 17:03:00,124.7,Snyder Group,Discover,Desktop,0,Nuevo León,Electrónica,0,31
2923,2025-01-13 10:25:00,169.71,Gonzalez LLC,Discover,Mobile,1,Sonora,Servicios,0,23
2924,2025-02-03 00:38:00,20.04,Baker Group,MasterCard,Tablet,0,Guanajuato,Electrónica,0,44
2925,2025-01-19 00:23:00,46.35,"Morgan, Wallace and Porter",Visa,Desktop,0,Tamaulipas,Servicios,0,13
2926,2025-01-20 07:32:00,232.22,"Morris, Moreno and Andrews",Amex,Tablet,0,Baja California,Electrónica,0,2
2927,2025-01-14 17:13:00,164.35,Bates-Cardenas,MasterCard,Mobile,0,EdoMex,Electrónica,0,6
2928,2025-01-14 19:43:00,419.03,Turner Ltd,Amex,Tablet,0,Tamaulipas,Restaurante,0,7
2929,2025-01-11 13:17:00,140.34,Davis-Wilson,Discover,Tablet,0,CDMX,Servicios,0,28
2930,2025-01-09 02:00:00,49.95,Rasmussen Ltd,Discover,Mobile,0,EdoMex,Electrónica,0,14
2931,2025-01-08 23:02:00,89.32,Vargas Group,MasterCard,Mobile,0,Baja California,Electrónica,0,19
2932,2025-01-08 20:29:00,108.18,Gray-Knight,Visa,Desktop,0,Guanajuato,Turismo,0,25
2933,2025-01-29 09:58:00,8.17,Brown-Garcia,Discover,Mobile,0,Coahuila,Retail,0,23
2934,2025-01-25 20:12:00,78.64,"Flores, Mejia and Garza",Amex,Desktop,0,EdoMex,Retail,0,20
2935,2025-01-30 09:31:00,123.55,Blevins Group,Amex,Tablet,0,Sonora,Restaurante,0,21
2936,2025-01-10 09:22:00,18.31,Williamson PLC,MasterCard,Tablet,0,Nuevo León,Electrónica,0,34
2937,2025-01-01 05:09:00,151.7,Green-Allen,Amex,Desktop,0,Coahuila,Electrónica,0,16
2938,2025-02-02 00:15:00,87.65,Vincent-Davis,Visa,Mobile,0,Coahuila,Supermercado,0,21
2939,2025-01-25 22:37:00,304.12,Smith-Jordan,Discover,Mobile,0,Baja California,Entretenimiento,0,38
2940,2025-01-16 06:16:00,4.33,Mercado-Osborne,Amex,Tablet,0,Tamaulipas,Servicios,0,28
2941,2025-01-02 14:04:00,30.83,Ali-Moore,Amex,Desktop,0,Jalisco,Retail,0,9
2942,2025-02-04 19:59:00,92.02,"Harris, Fox and Hicks",Discover,Tablet,0,Chihuahua,Servicios,0,13
2943,2025-01-05 21:23:00,35.18,"Williams, Strickland and Maxwell",MasterCard,Tablet,0,Veracruz,Electrónica,0,43
2944,2025-01-25 16:52:00,125.32,Price-Mclaughlin,Amex,Mobile,0,Coahuila,Electrónica,0,41
2945,2025-01-01 18:40:00,142.3,Brown-Bass,MasterCard,Desktop,0,EdoMex,Restaurante,0,29
2946,2025-02-02 05:14:00,10.82,Smith LLC,MasterCard,Tablet,0,Guanajuato,Electrónica,0,34
2947,2025-01-30 10:27:00,72.12,"Prince, Williams and Thomas",Amex,Mobile,0,Tamaulipas,Supermercado,0,43
2948,2025-01-30 01:12:00,71.11,Walker-Snow,Visa,Tablet,0,Veracruz,Supermercado,0,43
2949,2025-01-01 10:25:00,46.09,Williams-Moore,MasterCard,Tablet,0,Veracruz,Servicios,0,6
2950,2025-01-13 04:28:00,270.19,Davis LLC,Amex,Mobile,0,Sonora,Servicios,0,44
2951,2025-01-09 23:08:00,175.74,Fernandez-Glass,MasterCard,Mobile,0,Baja California,Turismo,0,18
2952,2025-01-21 18:36:00,119.47,Kim-Evans,Discover,Desktop,0,CDMX,Turismo,0,39
2953,2025-01-01 01:00:00,125.29,Brown Group,Visa,Tablet,0,Baja California,Supermercado,0,39
2954,2025-01-14 11:43:00,61.94,Haney Ltd,Visa,Desktop,0,EdoMex,Restaurante,0,2
2955,2025-01-04 19:17:00,253.82,"Anderson, Watson and Adams",Discover,Mobile,0,CDMX,Electrónica,0,20
2956,2025-01-28 05:56:00,118.61,Stone Inc,Discover,Mobile,0,CDMX,Servicios,0,21
2957,2025-01-28 17:15:00,130.56,"Adams, Williams and Williams",MasterCard,Tablet,0,Jalisco,Servicios,0,3
2958,2025-01-16 03:47:00,197.83,"Owens, Hernandez and Garcia",Discover,Desktop,0,Michoacán,Servicios,0,47
2959,2025-01-19 00:28:00,32.03,"Johnson, Campbell and Hanna",Visa,Desktop,0,EdoMex,Servicios,0,28
2960,2025-01-03 10:38:00,164.54,Sweeney Group,Discover,Tablet,0,Michoacán,Electrónica,0,36
2961,2025-01-03 00:16:00,21.72,Robinson-Navarro,Amex,Tablet,0,Chihuahua,Electrónica,0,44
2962,2025-01-01 09:49:00,42.36,Jones-Cantrell,Amex,Desktop,0,Baja California,Electrónica,0,44
2963,2025-01-08 03:37:00,40.89,Morgan-Butler,MasterCard,Mobile,0,Sonora,Turismo,0,41
2964,2025-02-03 20:46:00,384.09,Daniel Inc,Visa,Mobile,0,Jalisco,Entretenimiento,0,47
2965,2025-02-03 13:35:00,194.17,Smith-Newman,Amex,Tablet,0,Michoacán,Supermercado,0,25
2966,2025-01-17 11:17:00,120.79,Shaffer Inc,Discover,Desktop,0,Jalisco,Supermercado,0,43
2967,2025-01-19 11:27:00,129.85,Jones PLC,Amex,Desktop,0,Guanajuato,Restaurante,0,26
2968,2025-01-19 08:10:00,82.57,Hunt LLC,Amex,Desktop,0,Veracruz,Electrónica,0,6
2969,2025-01-30 04:01:00,293.92,"Lynch, Smith and Thompson",MasterCard,Mobile,0,Jalisco,Turismo,0,12
2970,2025-01-17 10:16:00,68.57,Kent Ltd,Discover,Mobile,0,Tamaulipas,Supermercado,0,40
2971,2025-01-08 12:47:00,47.89,Snyder PLC,Discover,Desktop,0,Puebla,Entretenimiento,0,29
2972,2025-01-17 15:03:00,17.8,Hernandez Group,Discover,Desktop,1,Michoacán,Electrónica,0,12
2973,2025-01-07 01:39:00,154.27,Nelson-George,MasterCard,Tablet,0,Jalisco,Entretenimiento,0,35
2974,2025-01-06 19:23:00,132.59,Anderson-Johnson,Discover,Tablet,0,Michoacán,Entretenimiento,0,35
2975,2025-01-01 23:16:00,48.51,"Lambert, Lam and Jackson",Discover,Desktop,0,Nuevo León,Electrónica,0,35
2976,2025-01-31 03:51:00,2.55,Lloyd Group,Amex,Desktop,0,Coahuila,Restaurante,0,11
2977,2025-01-15 10:54:00,182.63,"Daniels, Munoz and May",Amex,Mobile,0,Tamaulipas,Servicios,0,3
2978,2025-01-23 13:43:00,1.15,"Harris, Collins and Jordan",Discover,Desktop,0,Veracruz,Retail,0,33
2979,2025-01-16 08:29:00,121.64,Sullivan PLC,Visa,Tablet,0,Nuevo León,Servicios,0,41
2980,2025-01-08 05:10:00,351.52,Suarez-Ferguson,Visa,Mobile,0,CDMX,Electrónica,0,20
2981,2025-01-08 11:16:00,57.57,Gonzalez and Sons,Discover,Tablet,0,EdoMex,Restaurante,0,4
2982,2025-01-09 05:08:00,26.78,Ellison and Sons,Visa,Tablet,0,Veracruz,Electrónica,0,32
2983,2025-01-04 03:49:00,122.03,Miller-Singleton,MasterCard,Mobile,0,CDMX,Supermercado,0,11
2984,2025-01-22 20:33:00,169.9,"Cox, Gibbs and Rivera",Amex,Tablet,0,Jalisco,Retail,0,15
2985,2025-02-04 13:39:00,79.06,Randall-Spencer,MasterCard,Desktop,0,Michoacán,Supermercado,0,23
2986,2025-02-02 19:20:00,341.23,Mcdowell-Brown,Amex,Tablet,0,Guanajuato,Restaurante,0,48
2987,2025-02-01 11:16:00,5.31,Goodman and Sons,Visa,Mobile,0,Guanajuato,Retail,0,25
2988,2025-01-23 09:37:00,70.28,Dunn and Sons,Visa,Mobile,0,Coahuila,Supermercado,0,43
2989,2025-01-26 06:55:00,126.75,Brown-Smith,Discover,Mobile,0,Coahuila,Supermercado,0,34
2990,2025-01-24 21:24:00,198.52,Brooks-Blackwell,Visa,Tablet,0,Chihuahua,Retail,0,21
2991,2025-01-25 01:53:00,19.75,"Sanders, Braun and Myers",Visa,Desktop,0,Puebla,Entretenimiento,0,45
2992,2025-01-04 01:01:00,160.95,Wells-Martinez,Discover,Mobile,0,Puebla,Supermercado,0,29
2993,2025-01-12 19:09:00,80.45,Vincent-Brooks,Discover,Desktop,0,Nuevo León,Turismo,0,34
2994,2025-01-12 03:45:00,50.51,Thompson LLC,Amex,Mobile,0,Puebla,Retail,0,5
2995,2025-02-04 03:54:00,14.12,Torres-Juarez,Visa,Desktop,0,Jalisco,Turismo,0,16
2996,2025-01-04 18:40:00,200.47,"Peters, Brewer and Li",Amex,Desktop,0,Baja California,Entretenimiento,0,1
2997,2025-01-24 15:28:00,17.11,"Hernandez, Ford and Garcia",Amex,Desktop,0,Guanajuato,Retail,0,12
2998,2025-01-26 08:04:00,37.08,Navarro Ltd,MasterCard,Mobile,0,Sonora,Servicios,0,1
2999,2025-01-18 08:11:00,34.26,"Smith, Ford and Hernandez",Visa,Tablet,0,Coahuila,Entretenimiento,0,13
3000,2025-01-15 09:34:00,205.12,Taylor LLC,Visa,Tablet,0,Michoacán,Retail,0,20
3001,2025-01-28 11:37:00,111.69,Trujillo and Sons,MasterCard,Tablet,0,Sonora,Turismo,0,27
3002,2025-01-08 15:10:00,159.3,Anderson-Hanson,Amex,Desktop,0,EdoMex,Restaurante,0,46
3003,2025-01-28 08:48:00,28.83,Mendoza Inc,Visa,Mobile,0,Tamaulipas,Entretenimiento,0,45
3004,2025-01-27 15:56:00,98.05,Hudson-Raymond,Amex,Desktop,0,Jalisco,Restaurante,0,32
3005,2025-01-02 08:24:00,84.8,Gutierrez LLC,MasterCard,Mobile,0,Baja California,Restaurante,0,1
3006,2025-01-11 13:13:00,178.87,Gallegos Group,Discover,Desktop,0,EdoMex,Entretenimiento,0,28
3007,2025-01-18 12:10:00,236.54,Lam Group,Amex,Mobile,0,Jalisco,Servicios,0,45
3008,2025-01-31 18:15:00,1.22,Gordon PLC,Visa,Mobile,0,Coahuila,Supermercado,0,39
3009,2025-01-07 03:03:00,112.09,"Martinez, Robinson and Nicholson",Discover,Mobile,0,Jalisco,Turismo,0,43
3010,2025-01-29 22:59:00,5.32,Park-White,Amex,Desktop,0,Sonora,Entretenimiento,0,16
3011,2025-01-04 05:39:00,79.6,"Torres, Park and May",Amex,Tablet,0,Coahuila,Electrónica,0,23
3012,2025-01-04 22:01:00,33.92,Melendez PLC,Discover,Desktop,0,Veracruz,Servicios,0,32
3013,2025-01-20 08:05:00,36.64,Sparks LLC,Discover,Desktop,0,CDMX,Servicios,0,49
3014,2025-01-16 18:36:00,43.53,"Allen, Miller and Jordan",Discover,Mobile,0,Tamaulipas,Electrónica,0,10
3015,2025-01-01 22:24:00,97.1,Martin-Andrews,Visa,Mobile,0,CDMX,Supermercado,0,48
3016,2025-01-06 02:27:00,40.65,Chang-White,Visa,Tablet,0,Michoacán,Restaurante,0,11
3017,2025-01-23 13:08:00,131.94,Ortega and Sons,Amex,Tablet,0,Veracruz,Electrónica,0,13
3018,2025-02-03 06:08:00,51.84,"Owens, Burnett and Gomez",Amex,Mobile,0,CDMX,Entretenimiento,0,20
3019,2025-01-18 14:38:00,7.08,"Morris, Anderson and Torres",MasterCard,Tablet,0,Veracruz,Restaurante,0,47
3020,2025-01-27 10:15:00,153.14,"Acevedo, Miller and White",Visa,Tablet,0,Guanajuato,Servicios,0,5
3021,2025-02-03 06:44:00,33.65,Terry and Sons,Amex,Mobile,0,EdoMex,Retail,0,15
3022,2025-01-26 07:14:00,56.7,"Jarvis, Johnson and Peterson",Discover,Desktop,0,Guanajuato,Entretenimiento,0,46
3023,2025-01-29 04:12:00,115.66,"Murillo, Bowers and Mckenzie",Discover,Tablet,0,Tamaulipas,Electrónica,0,30
3024,2025-01-03 04:56:00,40.42,Vasquez Ltd,Visa,Mobile,0,Puebla,Turismo,0,3
3025,2025-01-05 20:08:00,5.82,"Nichols, Murphy and Ramirez",Discover,Tablet,0,EdoMex,Restaurante,0,3
3026,2025-01-24 08:02:00,46.83,Fisher-Burch,MasterCard,Tablet,0,Sonora,Entretenimiento,0,46
3027,2025-01-31 19:21:00,289.04,"Byrd, Carter and Mcmahon",Amex,Mobile,0,Puebla,Entretenimiento,0,41
3028,2025-01-07 18:45:00,102.65,Ward-Harrell,Amex,Tablet,0,Baja California,Restaurante,0,12
3029,2025-01-25 19:59:00,111.32,Gillespie-Stout,Amex,Tablet,0,CDMX,Turismo,0,40
3030,2025-01-01 18:45:00,100.04,Jensen LLC,Visa,Tablet,0,Sonora,Supermercado,0,37
3031,2025-01-30 08:19:00,22.19,Randolph PLC,Discover,Desktop,0,Veracruz,Entretenimiento,0,13
3032,2025-01-14 12:31:00,54.19,"Holmes, Sims and Jackson",MasterCard,Desktop,0,Sonora,Supermercado,0,41
3033,2025-01-11 12:30:00,139.01,"Moore, Castro and Jenkins",Visa,Tablet,0,Baja California,Supermercado,0,23
3034,2025-01-09 01:28:00,10.69,"Bates, Garcia and Rivera",Amex,Mobile,0,Michoacán,Restaurante,0,11
3035,2025-01-17 12:11:00,32.55,"Mason, Roach and Gibson",MasterCard,Tablet,0,EdoMex,Entretenimiento,0,36
3036,2025-01-05 10:36:00,32.34,Benson-Sanders,Amex,Tablet,0,Veracruz,Turismo,0,34
3037,2025-01-24 19:21:00,56.57,Hatfield-Clark,Amex,Desktop,0,Michoacán,Electrónica,0,44
3038,2025-01-13 00:02:00,393.06,Eaton Ltd,Visa,Desktop,0,Coahuila,Turismo,0,32
3039,2025-01-23 00:18:00,6.99,"Jones, Campbell and Fleming",Amex,Desktop,0,Veracruz,Restaurante,0,2
3040,2025-01-01 01:26:00,73.13,"Young, Castro and Johnson",MasterCard,Tablet,0,Coahuila,Retail,0,47
3041,2025-01-22 16:35:00,19.77,Wilkerson-Roberts,Amex,Tablet,0,Tamaulipas,Supermercado,0,17
3042,2025-02-01 04:53:00,352.94,"Odonnell, Khan and York",Discover,Mobile,0,Chihuahua,Restaurante,0,46
3043,2025-01-30 06:41:00,12.03,"Fisher, Hicks and Hartman",Amex,Tablet,0,Baja California,Entretenimiento,0,9
3044,2025-01-03 09:56:00,51.68,"White, Cameron and Donaldson",Visa,Tablet,0,Coahuila,Turismo,0,40
3045,2025-01-16 12:53:00,133.9,Sosa Inc,MasterCard,Desktop,0,Guanajuato,Servicios,0,32
3046,2025-01-28 08:28:00,121.93,"Peterson, Cruz and Pittman",Visa,Desktop,0,Jalisco,Entretenimiento,0,29
3047,2025-01-29 07:40:00,54.94,"Maldonado, Jarvis and Davidson",Discover,Desktop,0,Sonora,Electrónica,0,17
3048,2025-01-18 13:26:00,42.54,Thompson and Sons,Amex,Desktop,0,EdoMex,Electrónica,0,49
3049,2025-01-20 16:44:00,50.69,"Palmer, Cantrell and Garcia",Visa,Desktop,0,Veracruz,Entretenimiento,0,8
3050,2025-01-24 14:51:00,30.69,Glenn-Norris,Visa,Mobile,0,Sonora,Electrónica,0,4
3051,2025-01-26 17:18:00,22.98,"Wright, Wilkins and Reynolds",Visa,Mobile,0,Michoacán,Restaurante,0,8
3052,2025-01-10 21:48:00,65.98,Moreno-Cooper,Visa,Mobile,0,Chihuahua,Restaurante,0,46
3053,2025-01-01 01:40:00,31.27,"Hoover, Payne and Sanders",Discover,Desktop,0,Nuevo León,Servicios,0,29
3054,2025-01-12 10:25:00,33.89,"Campos, Adams and Johnson",Discover,Desktop,0,Jalisco,Electrónica,0,45
3055,2025-01-31 01:00:00,106.93,Martinez LLC,Amex,Desktop,0,Baja California,Retail,0,37
3056,2025-01-16 10:01:00,345.9,Berry-Garcia,Amex,Mobile,0,Nuevo León,Electrónica,0,39
3057,2025-01-03 08:53:00,92.54,Bradley Inc,MasterCard,Desktop,0,Guanajuato,Retail,0,37
3058,2025-01-01 10:19:00,8.01,Cherry-Gallagher,Discover,Mobile,0,Veracruz,Retail,0,12
3059,2025-02-05 14:14:00,7.86,"Fischer, Padilla and Brown",Visa,Desktop,0,Chihuahua,Entretenimiento,0,26
3060,2025-01-27 09:34:00,302.46,Russell and Sons,Visa,Tablet,0,Nuevo León,Entretenimiento,0,14
3061,2025-01-08 19:13:00,35.28,Barber-Hull,MasterCard,Mobile,0,Guanajuato,Electrónica,0,10
3062,2025-01-07 04:09:00,9.66,"Delgado, Moyer and Santana",Visa,Tablet,0,Sonora,Retail,0,24
3063,2025-01-25 19:23:00,91.39,Williams Group,MasterCard,Mobile,0,Coahuila,Entretenimiento,0,48
3064,2025-01-20 17:01:00,97.72,White Inc,Amex,Desktop,0,Tamaulipas,Servicios,0,5
3065,2025-01-03 07:00:00,104.56,Frank-Schmidt,Discover,Desktop,0,Sonora,Restaurante,0,47
3066,2025-01-01 12:59:00,31.12,Stanley Ltd,MasterCard,Tablet,0,Baja California,Entretenimiento,0,9
3067,2025-01-23 11:39:00,1.52,Carey Ltd,Visa,Desktop,0,Tamaulipas,Servicios,0,16
3068,2025-01-06 04:15:00,335.28,"Diaz, Weaver and Jefferson",MasterCard,Mobile,0,Chihuahua,Supermercado,0,50
3069,2025-01-22 19:17:00,28.89,Francis Ltd,Amex,Desktop,0,Puebla,Retail,0,32
3070,2025-01-11 22:36:00,112.71,Brown PLC,Visa,Desktop,0,Sonora,Restaurante,0,29
3071,2025-01-29 00:58:00,122.63,Fields-Braun,Amex,Mobile,0,Baja California,Servicios,0,11
3072,2025-01-17 07:42:00,94.16,"Byrd, Marshall and Owens",Amex,Tablet,0,Coahuila,Electrónica,0,30
3073,2025-01-01 09:21:00,37.53,"Gilbert, Vaughan and Bowers",MasterCard,Tablet,0,Puebla,Entretenimiento,0,34
3074,2025-01-29 02:11:00,31.62,Luna-Morris,Amex,Desktop,0,EdoMex,Entretenimiento,0,50
3075,2025-01-27 17:36:00,91.05,Torres-Barron,Visa,Mobile,0,Baja California,Restaurante,0,3
3076,2025-01-02 19:47:00,201.06,Cantrell and Sons,Amex,Tablet,0,Veracruz,Servicios,0,33
3077,2025-01-16 14:55:00,293.25,"Rubio, Lee and Hunter",Amex,Tablet,0,Chihuahua,Restaurante,0,29
3078,2025-01-28 19:46:00,11.19,"Brooks, Diaz and Walker",MasterCard,Desktop,0,Guanajuato,Retail,0,46
3079,2025-01-03 19:57:00,16.82,Jordan Group,Amex,Mobile,0,Nuevo León,Restaurante,0,1
3080,2025-01-03 08:40:00,289.56,Sullivan LLC,Discover,Tablet,0,Chihuahua,Retail,0,36
3081,2025-02-02 17:54:00,133.38,Wilson PLC,MasterCard,Desktop,0,Nuevo León,Electrónica,0,41
3082,2025-01-27 21:19:00,214.55,Berry Ltd,MasterCard,Desktop,0,Michoacán,Turismo,0,15
3083,2025-01-13 04:18:00,22.64,"Rasmussen, Richardson and Willis",Visa,Desktop,0,Coahuila,Retail,0,38
3084,2025-01-07 06:44:00,88.57,"Sellers, Bell and Wiley",Visa,Desktop,0,Jalisco,Electrónica,0,5
3085,2025-01-24 07:11:00,120.78,Barker Group,Visa,Tablet,0,Baja California,Servicios,0,2
3086,2025-01-26 09:22:00,113.98,Stevens-Fritz,Visa,Mobile,0,Puebla,Servicios,0,32
3087,2025-01-22 16:51:00,52.45,Hansen LLC,Discover,Desktop,0,Guanajuato,Servicios,0,39
3088,2025-01-10 05:37:00,1.55,"Mcguire, Dougherty and Rivera",MasterCard,Desktop,0,Nuevo León,Entretenimiento,0,8
3089,2025-02-02 20:55:00,87.45,"Bryant, Keith and Nelson",Amex,Tablet,0,Jalisco,Turismo,0,15
3090,2025-01-30 11:18:00,29.18,White-Peterson,Visa,Desktop,0,Tamaulipas,Entretenimiento,0,24
3091,2025-02-03 05:42:00,59.83,Warren Ltd,Visa,Desktop,0,Nuevo León,Turismo,0,42
3092,2025-01-18 06:29:00,316.02,Smith-Gomez,Visa,Mobile,0,Michoacán,Retail,0,25
3093,2025-01-05 04:05:00,50.92,"Morales, Gordon and Reynolds",Amex,Desktop,0,Sonora,Restaurante,0,19
3094,2025-01-08 03:12:00,183.13,Edwards and Sons,Visa,Tablet,0,Guanajuato,Entretenimiento,0,50
3095,2025-01-02 20:52:00,20.89,Oneill-Williams,Amex,Mobile,0,Sonora,Restaurante,0,33
3096,2025-01-02 04:35:00,111.61,"Jones, Kennedy and Newman",MasterCard,Tablet,0,Jalisco,Electrónica,0,7
3097,2025-01-04 06:59:00,377.26,Long-Rivers,MasterCard,Mobile,0,Nuevo León,Supermercado,0,9
3098,2025-01-30 12:34:00,10.75,Bell-Parsons,MasterCard,Mobile,0,CDMX,Turismo,0,15
3099,2025-01-27 04:14:00,0.84,Lozano Group,Discover,Desktop,0,Nuevo León,Restaurante,0,13
3100,2025-01-19 14:02:00,56.84,Reid PLC,Amex,Desktop,0,Guanajuato,Turismo,0,3
3101,2025-01-02 08:30:00,9.72,Garza Group,Visa,Desktop,0,CDMX,Supermercado,0,49
3102,2025-01-11 06:02:00,137.99,Thompson and Sons,Visa,Tablet,0,Jalisco,Turismo,0,39
3103,2025-01-24 07:08:00,245.98,Wright-Alvarez,Visa,Desktop,0,Coahuila,Turismo,0,8
3104,2025-01-29 05:52:00,56.92,"Martin, Ford and Thomas",Visa,Desktop,0,Veracruz,Retail,0,46
3105,2025-01-30 00:23:00,29.94,"Brady, Noble and Rodriguez",Discover,Mobile,0,Tamaulipas,Electrónica,0,32
3106,2025-01-27 22:02:00,56.99,"Scott, Osborn and Simmons",Visa,Desktop,0,Coahuila,Restaurante,0,25
3107,2025-02-03 19:21:00,128.54,Price-Daniel,Discover,Desktop,0,Coahuila,Servicios,0,2
3108,2025-01-23 01:37:00,0.91,Johnson Ltd,Amex,Desktop,0,Veracruz,Electrónica,0,43
3109,2025-01-15 20:04:00,89.03,"Young, Cook and Thomas",MasterCard,Desktop,0,EdoMex,Turismo,0,28
3110,2025-02-03 04:47:00,95.01,Clayton-Johnson,Visa,Mobile,0,Guanajuato,Electrónica,0,10
3111,2025-01-06 08:21:00,101.53,Gonzalez Group,MasterCard,Desktop,0,Baja California,Turismo,0,15
3112,2025-01-24 20:02:00,27.71,Williams-Woods,Amex,Mobile,0,Puebla,Electrónica,0,39
3113,2025-01-02 11:27:00,125.19,Conner-Mullins,Amex,Tablet,0,Tamaulipas,Entretenimiento,0,48
3114,2025-01-22 08:26:00,9.58,Reeves-Black,Visa,Desktop,0,Guanajuato,Supermercado,0,42
3115,2025-01-02 10:33:00,22.22,Jackson Group,Amex,Desktop,0,Chihuahua,Retail,0,12
3116,2025-01-03 10:01:00,209.94,Johnson LLC,MasterCard,Desktop,0,Jalisco,Electrónica,0,44
3117,2025-01-17 14:20:00,134.22,Hughes LLC,Visa,Mobile,0,CDMX,Turismo,0,40
3118,2025-01-15 10:28:00,1.38,Alvarez-Hill,Discover,Desktop,0,Michoacán,Turismo,0,35
3119,2025-01-07 10:24:00,28.55,"Matthews, Nixon and Lopez",Visa,Desktop,0,Jalisco,Servicios,0,42
3120,2025-01-21 00:57:00,24.13,Guzman Ltd,MasterCard,Tablet,0,Coahuila,Restaurante,0,50
3121,2025-01-30 00:34:00,31.58,Burch LLC,Visa,Mobile,0,Guanajuato,Supermercado,0,46
3122,2025-01-14 19:57:00,28.44,Johnson PLC,Visa,Mobile,0,Michoacán,Restaurante,0,17
3123,2025-01-15 04:11:00,6.46,"Jones, Roberts and Ross",MasterCard,Tablet,0,Sonora,Retail,0,31
3124,2025-01-01 12:48:00,61.42,Wilson Ltd,Visa,Mobile,0,EdoMex,Entretenimiento,0,13
3125,2025-01-09 07:15:00,131.95,Hernandez PLC,Visa,Desktop,0,Michoacán,Restaurante,0,43
3126,2025-01-13 16:40:00,93.33,Johnson Ltd,MasterCard,Desktop,0,Sonora,Restaurante,0,15
3127,2025-01-26 09:31:00,111.74,Green-Blake,Amex,Tablet,0,Jalisco,Retail,0,8
3128,2025-01-12 15:13:00,8.46,Miller Inc,MasterCard,Mobile,0,Michoacán,Servicios,0,17
3129,2025-01-18 09:41:00,302.6,Woodard Inc,Visa,Mobile,0,Coahuila,Supermercado,0,38
3130,2025-01-25 02:57:00,182.32,Evans and Sons,Discover,Mobile,0,Baja California,Servicios,0,11
3131,2025-01-19 10:36:00,163.52,Jarvis and Sons,Discover,Tablet,0,Michoacán,Turismo,0,5
3132,2025-01-14 18:57:00,173.15,Pace-Curry,MasterCard,Desktop,0,Jalisco,Entretenimiento,0,15
3133,2025-02-05 12:12:00,269.88,Daniel Group,Discover,Tablet,0,Guanajuato,Electrónica,0,10
3134,2025-01-01 19:13:00,78.58,"Brown, Taylor and Martin",Visa,Desktop,0,Puebla,Turismo,0,3
3135,2025-01-11 19:30:00,22.35,Anderson Group,Visa,Tablet,0,Jalisco,Turismo,0,38
3136,2025-01-23 18:59:00,95.92,Thompson PLC,MasterCard,Desktop,0,Puebla,Retail,0,44
3137,2025-01-04 13:42:00,135.82,"Larson, Robinson and Williams",Visa,Mobile,0,Guanajuato,Electrónica,0,50
3138,2025-02-05 04:50:00,133.91,Rivera LLC,Amex,Mobile,0,Coahuila,Turismo,0,5
3139,2025-01-11 00:41:00,73.7,"White, Garcia and Butler",Visa,Mobile,0,Veracruz,Turismo,0,10
3140,2025-01-12 17:44:00,7.09,"Robinson, White and Rhodes",MasterCard,Tablet,1,EdoMex,Turismo,0,32
3141,2025-01-13 21:20:00,46.38,Porter LLC,Amex,Tablet,0,Veracruz,Entretenimiento,0,43
3142,2025-01-06 08:41:00,253.54,Jones Inc,Amex,Tablet,0,Sonora,Electrónica,0,34
3143,2025-01-08 14:52:00,87.81,"Saunders, Sosa and Murillo",Discover,Mobile,0,Coahuila,Servicios,0,1
3144,2025-01-08 19:38:00,77.29,Jones-Sanders,Visa,Desktop,0,Jalisco,Restaurante,0,38
3145,2025-01-07 07:04:00,31.31,Marshall and Sons,MasterCard,Mobile,0,EdoMex,Entretenimiento,0,23
3146,2025-01-16 10:02:00,45.96,Brown-Jimenez,Discover,Mobile,0,Veracruz,Entretenimiento,0,30
3147,2025-01-10 10:09:00,225.71,"Wolf, Wells and Lawson",Discover,Desktop,0,Jalisco,Electrónica,0,3
3148,2025-01-23 02:32:00,109.8,Thomas-Walters,Visa,Desktop,0,Sonora,Servicios,0,4
3149,2025-01-30 03:41:00,154.83,"Mullins, Andrews and Dickson",Visa,Desktop,0,Tamaulipas,Retail,0,7
3150,2025-01-04 21:26:00,60.58,"Coleman, Yu and Rogers",MasterCard,Desktop,0,Veracruz,Supermercado,0,35
3151,2025-01-05 10:31:00,99.49,Obrien-Potter,Discover,Mobile,0,Jalisco,Restaurante,0,22
3152,2025-01-20 09:03:00,28.55,Barnett-Phillips,MasterCard,Tablet,0,Puebla,Servicios,0,41
3153,2025-01-18 04:29:00,122.23,Elliott-Gonzales,Discover,Mobile,0,Baja California,Turismo,0,43
3154,2025-01-13 15:29:00,55.79,Davis PLC,Discover,Desktop,0,Puebla,Restaurante,0,1
3155,2025-01-04 01:06:00,58.44,Ware-Morales,Discover,Tablet,0,Nuevo León,Entretenimiento,0,23
3156,2025-01-14 01:15:00,104.79,Fleming-Walker,Visa,Tablet,0,Michoacán,Entretenimiento,0,1
3157,2025-01-22 10:56:00,275.33,Allen-Padilla,Discover,Mobile,0,Michoacán,Servicios,0,3
3158,2025-01-07 20:28:00,6.61,Reid Group,Discover,Mobile,0,Sonora,Turismo,0,37
3159,2025-01-26 20:31:00,174.15,Gonzalez Group,Discover,Mobile,0,Guanajuato,Entretenimiento,0,3
3160,2025-01-21 20:13:00,34.59,Clark LLC,Amex,Tablet,0,Tamaulipas,Servicios,0,29
3161,2025-01-05 00:40:00,58.68,Murphy and Sons,Visa,Tablet,0,Tamaulipas,Supermercado,0,44
3162,2025-02-02 21:05:00,2.22,"Roy, Herman and Morton",Amex,Tablet,0,Veracruz,Restaurante,0,8
3163,2025-01-14 10:22:00,35.82,Morales-Patton,Visa,Desktop,0,EdoMex,Turismo,0,47
3164,2025-01-28 02:22:00,69.84,Hopkins-Small,MasterCard,Desktop,0,Chihuahua,Restaurante,0,45
3165,2025-01-22 14:22:00,5.78,Bradford-Garrett,Amex,Mobile,0,Veracruz,Restaurante,0,47
3166,2025-02-04 17:41:00,67.55,"Hernandez, Simon and Bailey",MasterCard,Tablet,0,CDMX,Servicios,0,18
3167,2025-01-12 16:44:00,261.88,"Smith, Martinez and Henry",Discover,Mobile,0,Veracruz,Electrónica,0,34
3168,2025-01-05 05:30:00,11.14,Dominguez-Palmer,MasterCard,Tablet,0,Puebla,Entretenimiento,0,43
3169,2025-02-05 14:19:00,144.58,Lopez-Miller,MasterCard,Mobile,0,Tamaulipas,Servicios,0,31
3170,2025-01-27 14:19:00,52.71,Walters Ltd,MasterCard,Desktop,0,CDMX,Servicios,0,48
3171,2025-02-03 15:02:00,106.47,"Cohen, Martin and Long",MasterCard,Tablet,0,Sonora,Supermercado,0,47
3172,2025-02-05 07:39:00,30.14,Murphy-Obrien,Visa,Desktop,0,Coahuila,Electrónica,0,36
3173,2025-01-07 09:03:00,17.37,"Moore, Hodges and Edwards",Amex,Tablet,0,Guanajuato,Entretenimiento,0,5
3174,2025-01-11 07:31:00,17.49,Scott-Velez,Visa,Mobile,0,Nuevo León,Supermercado,0,26
3175,2025-01-17 06:38:00,7.31,Lee and Sons,Visa,Tablet,0,Guanajuato,Retail,0,20
3176,2025-01-10 08:56:00,20.54,"Patterson, Roberts and Rose",Visa,Desktop,0,Guanajuato,Turismo,0,9
3177,2025-01-22 06:51:00,109.13,Stewart-Mclaughlin,MasterCard,Tablet,0,Michoacán,Retail,0,26
3178,2025-01-17 13:33:00,213.45,Martinez PLC,Visa,Mobile,0,Michoacán,Turismo,0,20
3179,2025-01-15 14:59:00,168.27,"Adams, Morse and Rivera",Amex,Tablet,0,EdoMex,Restaurante,0,20
3180,2025-01-21 05:58:00,115.56,West-Kirk,Visa,Desktop,0,Coahuila,Supermercado,0,48
3181,2025-01-08 04:31:00,11.7,"Hart, Good and Cunningham",Discover,Mobile,0,Baja California,Retail,0,5
3182,2025-01-28 21:13:00,34.13,Chavez and Sons,MasterCard,Desktop,0,Michoacán,Servicios,0,19
3183,2025-01-14 03:10:00,37.08,Bailey-Pearson,Discover,Tablet,0,Coahuila,Retail,0,14
3184,2025-01-17 01:04:00,28.76,Davenport Inc,Amex,Desktop,0,Baja California,Supermercado,0,35
3185,2025-01-09 03:14:00,72.36,Bauer-Zimmerman,Amex,Tablet,0,Nuevo León,Servicios,0,47
3186,2025-02-05 08:59:00,76.69,Vance and Sons,Amex,Mobile,0,Puebla,Retail,0,35
3187,2025-01-08 05:39:00,44.14,Ballard Group,Amex,Desktop,0,Tamaulipas,Entretenimiento,0,4
3188,2025-01-29 10:56:00,43.66,"Morgan, Cox and Koch",Visa,Desktop,0,Sonora,Entretenimiento,0,41
3189,2025-01-09 09:32:00,176.35,Taylor PLC,MasterCard,Tablet,0,Nuevo León,Servicios,0,49
3190,2025-01-05 03:22:00,155.73,"Fletcher, Johnson and Jones",Amex,Desktop,0,EdoMex,Entretenimiento,0,35
3191,2025-01-18 09:54:00,36.79,Liu-Cummings,Discover,Desktop,0,Coahuila,Entretenimiento,0,38
3192,2025-01-30 04:05:00,245.1,Brown LLC,Amex,Mobile,0,Veracruz,Servicios,0,22
3193,2025-01-22 22:42:00,305.37,"Hayes, Vaughan and Garcia",MasterCard,Tablet,0,Puebla,Supermercado,0,50
3194,2025-01-15 17:38:00,39.56,Arroyo-Wright,Discover,Tablet,0,Jalisco,Servicios,0,47
3195,2025-01-12 01:47:00,43.76,Davis-Williams,Discover,Mobile,0,Tamaulipas,Supermercado,0,26
3196,2025-01-11 13:36:00,70.45,Thomas-Braun,Discover,Mobile,0,Puebla,Supermercado,0,35
3197,2025-01-23 00:15:00,283.23,"Shelton, Thomas and Harding",Visa,Tablet,0,Tamaulipas,Restaurante,0,49
3198,2025-01-29 03:56:00,209.01,Hull-Benton,Amex,Mobile,0,Guanajuato,Retail,0,23
3199,2025-01-20 14:53:00,10.82,"Harris, Stevens and Miranda",Visa,Mobile,0,Baja California,Restaurante,0,22
3200,2025-02-01 06:14:00,49.88,Collins Ltd,Discover,Mobile,0,Jalisco,Restaurante,0,47
3201,2025-02-04 13:18:00,80.6,Bowen-Turner,Visa,Tablet,0,CDMX,Restaurante,0,37
3202,2025-02-02 02:23:00,69.94,Berry and Sons,Visa,Mobile,0,Nuevo León,Restaurante,0,18
3203,2025-01-16 04:59:00,21.55,"Logan, Neal and Bell",Visa,Desktop,0,EdoMex,Restaurante,0,15
3204,2025-01-25 23:31:00,195.77,"Roberts, Walker and Bowen",Amex,Desktop,0,EdoMex,Servicios,0,48
3205,2025-01-19 01:07:00,112.99,Ramos-Russell,Discover,Tablet,0,Michoacán,Turismo,0,10
3206,2025-01-10 22:11:00,181.96,"Kramer, Mooney and Hall",Discover,Mobile,0,Baja California,Electrónica,0,36
3207,2025-01-13 19:45:00,195.73,"Cook, Li and Summers",Amex,Desktop,0,CDMX,Retail,0,10
3208,2025-01-17 06:22:00,137.97,Hart Inc,Visa,Tablet,0,CDMX,Servicios,0,15
3209,2025-01-01 08:50:00,57.84,Barry-Moore,Visa,Desktop,0,CDMX,Supermercado,0,36
3210,2025-01-04 03:36:00,94.3,"Bentley, Johnson and Weaver",MasterCard,Mobile,0,Chihuahua,Entretenimiento,0,44
3211,2025-01-31 21:44:00,17.48,"Carpenter, Brown and Garcia",MasterCard,Tablet,0,Chihuahua,Servicios,0,49
3212,2025-01-10 03:58:00,111.98,"Hopkins, Steele and Meyer",MasterCard,Desktop,0,Nuevo León,Restaurante,0,42
3213,2025-01-07 03:10:00,19.75,Johnson-Contreras,Amex,Tablet,0,Tamaulipas,Turismo,0,3
3214,2025-01-05 00:59:00,118.4,West-Oliver,Discover,Desktop,0,Guanajuato,Servicios,0,18
3215,2025-01-06 10:59:00,26.08,"Murillo, Gonzalez and Coleman",MasterCard,Desktop,0,Guanajuato,Supermercado,0,3
3216,2025-01-03 02:34:00,12.51,"Hess, Turner and Rodriguez",Discover,Mobile,0,Guanajuato,Turismo,0,6
3217,2025-01-21 10:14:00,18.07,"Smith, Hughes and Graves",Discover,Mobile,0,EdoMex,Supermercado,0,28
3218,2025-01-22 05:16:00,0.2,Perez-Fowler,Discover,Desktop,0,CDMX,Turismo,0,24
3219,2025-01-04 22:44:00,126.85,"Taylor, Kaiser and Wright",Amex,Tablet,0,Baja California,Electrónica,0,30
3220,2025-01-17 15:39:00,131.83,Perkins-Todd,Amex,Tablet,0,Guanajuato,Turismo,0,25
3221,2025-01-05 10:16:00,72.35,"Roberts, Gill and Harris",Amex,Mobile,0,Jalisco,Restaurante,0,1
3222,2025-02-01 13:33:00,17.6,"Moreno, Klein and Anderson",Amex,Desktop,0,Coahuila,Turismo,0,4
3223,2025-01-23 04:13:00,8.73,"Santiago, Newman and Singleton",MasterCard,Mobile,0,Jalisco,Servicios,0,25
3224,2025-01-31 06:14:00,1.93,Flores and Sons,Visa,Desktop,0,Baja California,Supermercado,0,18
3225,2025-01-29 13:26:00,18.12,Rhodes-Mendez,Visa,Desktop,0,Sonora,Servicios,0,28
3226,2025-02-01 11:38:00,221.51,"Meyer, Cummings and Ingram",Visa,Mobile,0,Sonora,Turismo,0,32
3227,2025-01-07 14:47:00,27.65,Baker-Sanford,MasterCard,Tablet,0,Tamaulipas,Entretenimiento,0,31
3228,2025-01-13 12:45:00,43.74,Stevens Ltd,Visa,Mobile,0,Coahuila,Turismo,0,26
3229,2025-01-27 11:08:00,11.13,Gallegos-Rodriguez,MasterCard,Desktop,0,Michoacán,Servicios,0,40
3230,2025-01-27 22:06:00,25.15,"Stanton, Reyes and Pace",MasterCard,Mobile,0,EdoMex,Entretenimiento,0,44
3231,2025-01-29 09:51:00,73.24,Brown PLC,MasterCard,Tablet,0,Puebla,Entretenimiento,0,44
3232,2025-01-20 09:12:00,93.59,"Sanchez, Martinez and Hobbs",Visa,Tablet,0,Veracruz,Turismo,0,42
3233,2025-01-10 11:55:00,28.15,Johnson-Chang,Discover,Desktop,0,Veracruz,Electrónica,0,23
3234,2025-01-17 22:19:00,5.95,Moore-Davis,Visa,Mobile,0,Coahuila,Entretenimiento,0,23
3235,2025-02-01 01:11:00,49.6,Lee Group,Visa,Tablet,0,Nuevo León,Electrónica,0,23
3236,2025-01-28 12:48:00,26.68,Robinson-White,Amex,Mobile,0,CDMX,Supermercado,0,5
3237,2025-01-01 11:09:00,24.79,West Ltd,MasterCard,Tablet,0,Nuevo León,Turismo,0,6
3238,2025-01-11 09:53:00,321.55,Gomez LLC,Discover,Desktop,0,Sonora,Retail,0,6
3239,2025-01-18 21:41:00,95.79,Jones PLC,Amex,Desktop,0,Sonora,Restaurante,0,22
3240,2025-01-30 04:41:00,81.39,Serrano-Brown,Discover,Mobile,0,Coahuila,Electrónica,0,10
3241,2025-01-13 21:26:00,53.75,Blackburn Inc,Discover,Desktop,0,Baja California,Electrónica,0,43
3242,2025-01-21 21:33:00,56.03,Vega PLC,MasterCard,Tablet,0,Baja California,Supermercado,0,29
3243,2025-01-02 23:13:00,77.85,Banks Inc,Visa,Desktop,0,Coahuila,Supermercado,0,5
3244,2025-01-08 11:30:00,119.21,"Bridges, Kelly and Howard",MasterCard,Tablet,0,EdoMex,Restaurante,0,10
3245,2025-01-21 09:28:00,121.12,Crawford-Hunt,MasterCard,Tablet,0,CDMX,Turismo,0,10
3246,2025-01-26 13:47:00,18.84,"Wagner, Glass and Terry",Amex,Desktop,0,Veracruz,Electrónica,0,39
3247,2025-01-27 08:26:00,69.34,Hobbs-Obrien,MasterCard,Tablet,0,Chihuahua,Supermercado,0,44
3248,2025-01-02 22:12:00,53.1,"Villegas, Moreno and Haynes",Visa,Tablet,0,Guanajuato,Electrónica,0,27
3249,2025-01-07 06:46:00,204.43,"Taylor, Henderson and Gilbert",Discover,Mobile,0,Baja California,Supermercado,0,30
3250,2025-01-21 10:07:00,99.81,Taylor and Sons,MasterCard,Mobile,0,Nuevo León,Turismo,0,14
3251,2025-01-04 09:26:00,76.04,"Barrett, Wallace and Jordan",Discover,Mobile,0,Sonora,Servicios,0,45
3252,2025-01-05 21:28:00,12.26,"Guzman, Perry and Brown",MasterCard,Desktop,0,Puebla,Supermercado,0,44
3253,2025-01-11 05:31:00,93.05,Morton-Thompson,Discover,Mobile,0,CDMX,Restaurante,0,12
3254,2025-01-13 23:59:00,12.47,Little-Cole,MasterCard,Tablet,0,Michoacán,Supermercado,0,40
3255,2025-02-02 21:39:00,41.13,Jones Inc,Amex,Desktop,0,Veracruz,Servicios,0,37
3256,2025-01-10 18:18:00,15.41,Jordan Inc,Discover,Desktop,0,Baja California,Electrónica,0,27
3257,2025-01-04 12:35:00,117.79,Ford-Price,MasterCard,Desktop,0,Nuevo León,Entretenimiento,0,23
3258,2025-01-22 13:25:00,23.1,"Martinez, Taylor and Davis",MasterCard,Desktop,0,Veracruz,Restaurante,0,11
3259,2025-01-18 22:52:00,49.73,Beck PLC,Amex,Tablet,0,Baja California,Restaurante,0,26
3260,2025-01-20 13:37:00,226.02,"Gonzalez, Snyder and Martin",Amex,Tablet,0,Guanajuato,Electrónica,0,41
3261,2025-01-26 01:49:00,22.86,Hansen Inc,Amex,Mobile,0,EdoMex,Supermercado,0,38
3262,2025-01-31 10:57:00,70.89,"Nguyen, Rojas and Scott",Discover,Desktop,0,Tamaulipas,Turismo,0,29
3263,2025-01-04 05:04:00,54.35,Clark Inc,Discover,Mobile,0,Tamaulipas,Turismo,0,7
3264,2025-01-06 03:37:00,1.83,Valdez-Heath,Amex,Tablet,0,EdoMex,Turismo,0,39
3265,2025-01-28 23:35:00,157.39,"Powell, Nguyen and Avery",Visa,Desktop,0,Tamaulipas,Retail,0,38
3266,2025-01-01 01:38:00,7.15,Johnson PLC,Visa,Tablet,0,Chihuahua,Electrónica,0,23
3267,2025-01-01 12:14:00,64.29,Harris Inc,MasterCard,Mobile,0,Sonora,Retail,0,29
3268,2025-01-23 22:18:00,82.25,Bond Ltd,Visa,Tablet,0,Puebla,Retail,0,47
3269,2025-01-14 14:18:00,99,Riddle-Turner,MasterCard,Desktop,0,Veracruz,Electrónica,0,20
3270,2025-01-29 21:52:00,116.68,Martinez Group,Discover,Desktop,0,Guanajuato,Electrónica,0,36
3271,2025-01-28 19:52:00,29.21,Lynch LLC,Discover,Mobile,0,EdoMex,Turismo,0,27
3272,2025-01-11 18:43:00,1,Beck LLC,Visa,Desktop,0,Nuevo León,Electrónica,0,41
3273,2025-01-22 01:48:00,128.53,Wright-Perez,Discover,Tablet,0,Sonora,Servicios,0,19
3274,2025-01-26 04:58:00,76.71,"Turner, Rodriguez and Bond",Amex,Tablet,0,Chihuahua,Electrónica,0,16
3275,2025-01-20 22:29:00,180.86,Cruz PLC,Amex,Tablet,0,Chihuahua,Restaurante,0,39
3276,2025-01-30 23:36:00,172.25,"Berry, Rodriguez and Bautista",Visa,Tablet,0,EdoMex,Retail,0,26
3277,2025-01-26 10:24:00,185.36,"Huber, Fuller and Gonzalez",Visa,Mobile,0,EdoMex,Electrónica,0,17
3278,2025-01-22 23:07:00,66.38,"Hayes, Carpenter and English",MasterCard,Tablet,0,CDMX,Turismo,0,40
3279,2025-01-28 20:28:00,40.59,"Casey, Mcdonald and Martinez",Discover,Mobile,0,Guanajuato,Restaurante,0,10
3280,2025-01-11 13:36:00,156.81,Branch-Mayo,MasterCard,Tablet,0,Guanajuato,Servicios,0,30
3281,2025-01-30 04:25:00,60.02,Gomez Group,MasterCard,Mobile,0,Jalisco,Entretenimiento,0,21
3282,2025-01-26 05:03:00,20.27,Mccarty-Dean,Amex,Tablet,0,Guanajuato,Retail,0,34
3283,2025-01-06 11:16:00,193.08,Conley-Allen,Amex,Tablet,0,Tamaulipas,Servicios,0,28
3284,2025-01-21 07:21:00,214.18,Brady Inc,Amex,Mobile,0,Sonora,Retail,0,50
3285,2025-01-04 18:57:00,62.79,"Wilson, Andrade and Schmidt",Amex,Desktop,0,Coahuila,Electrónica,0,40
3286,2025-01-23 02:17:00,7.87,Daniels and Sons,MasterCard,Desktop,0,Tamaulipas,Turismo,0,30
3287,2025-01-29 12:06:00,49.07,Brooks PLC,Amex,Desktop,0,Michoacán,Restaurante,0,39
3288,2025-01-29 04:32:00,162.73,Woods PLC,Discover,Mobile,0,Chihuahua,Turismo,0,13
3289,2025-01-09 07:33:00,232.05,Potts and Sons,Amex,Desktop,0,Jalisco,Retail,0,40
3290,2025-01-02 00:22:00,22.75,"Shelton, Mooney and Molina",Amex,Desktop,0,Michoacán,Retail,0,20
3291,2025-01-06 16:44:00,6.93,Weaver-Hardin,Amex,Mobile,0,Tamaulipas,Servicios,0,43
3292,2025-02-01 02:11:00,209.84,Galvan-Mendez,Visa,Desktop,0,Veracruz,Restaurante,0,49
3293,2025-01-03 17:31:00,49.33,"Perkins, Brown and Morton",Discover,Desktop,0,Sonora,Supermercado,0,8
3294,2025-01-26 02:47:00,78.04,Davidson Group,Discover,Desktop,0,EdoMex,Electrónica,0,7
3295,2025-01-09 13:05:00,344.41,Sellers-Campbell,MasterCard,Mobile,0,Tamaulipas,Retail,0,8
3296,2025-01-20 12:43:00,6.89,Atkins-Bell,MasterCard,Mobile,0,Guanajuato,Turismo,0,40
3297,2025-01-27 09:42:00,104.5,Henry LLC,Amex,Desktop,0,CDMX,Servicios,0,40
3298,2025-02-03 17:05:00,7.7,"Patrick, Lee and Johnson",Visa,Desktop,0,Puebla,Restaurante,0,16
3299,2025-02-03 16:23:00,47.08,Thomas-Meadows,MasterCard,Mobile,0,Tamaulipas,Restaurante,0,37
3300,2025-01-16 17:29:00,162.87,Davis-Blankenship,MasterCard,Desktop,0,EdoMex,Entretenimiento,0,19
3301,2025-01-31 05:50:00,56.82,Holland and Sons,Amex,Mobile,0,Jalisco,Electrónica,0,12
3302,2025-01-31 03:54:00,587.19,"Rowland, Smith and Gray",Amex,Desktop,0,Tamaulipas,Servicios,0,23
3303,2025-02-03 03:41:00,81.88,Humphrey Ltd,MasterCard,Mobile,0,Nuevo León,Servicios,0,5
3304,2025-01-14 05:04:00,38.74,Benjamin LLC,MasterCard,Tablet,0,Baja California,Electrónica,0,25
3305,2025-01-01 05:10:00,24.86,"Everett, Hill and Moore",Discover,Tablet,0,Coahuila,Electrónica,0,37
3306,2025-01-21 07:50:00,43.16,Bass-Shepard,Visa,Mobile,0,Tamaulipas,Supermercado,0,49
3307,2025-01-03 13:05:00,46.61,"Buckley, Snyder and Colon",Discover,Tablet,0,Chihuahua,Retail,0,22
3308,2025-01-27 05:45:00,7.12,Cox-Smith,MasterCard,Desktop,0,Guanajuato,Turismo,0,35
3309,2025-01-14 18:10:00,46.14,Hill and Sons,Discover,Mobile,0,CDMX,Servicios,0,17
3310,2025-01-17 12:41:00,62.41,"Lynch, Blair and Rodriguez",Discover,Mobile,1,Nuevo León,Servicios,0,46
3311,2025-01-18 01:27:00,128.28,Mendoza-Love,MasterCard,Desktop,0,Chihuahua,Electrónica,0,50
3312,2025-01-10 00:16:00,106.92,Obrien-Walls,Amex,Desktop,0,Sonora,Retail,0,47
3313,2025-02-02 22:16:00,123.36,"Sanders, Wise and Ellison",MasterCard,Mobile,0,Sonora,Retail,0,3
3314,2025-01-29 09:32:00,0.84,Monroe Ltd,Amex,Desktop,0,Sonora,Supermercado,0,13
3315,2025-01-20 12:58:00,24.55,Case-Bradshaw,MasterCard,Mobile,0,Sonora,Entretenimiento,0,25
3316,2025-01-31 01:37:00,108.38,"Sellers, Navarro and Ballard",MasterCard,Desktop,0,Guanajuato,Supermercado,0,12
3317,2025-01-08 07:59:00,66.16,Holden Ltd,MasterCard,Mobile,0,Michoacán,Restaurante,0,28
3318,2025-01-18 00:00:00,0.53,"Jordan, Frank and Carr",Visa,Desktop,0,Tamaulipas,Restaurante,0,25
3319,2025-02-03 05:35:00,163.22,Sosa Ltd,Amex,Desktop,0,Guanajuato,Electrónica,0,20
3320,2025-01-28 20:39:00,148.2,Johnson-Roberts,Visa,Tablet,0,Nuevo León,Turismo,0,31
3321,2025-01-26 11:45:00,79.5,Gonzalez-Boyd,MasterCard,Tablet,0,CDMX,Servicios,0,34
3322,2025-01-13 04:12:00,6.88,Johnson Group,Discover,Tablet,0,Tamaulipas,Servicios,0,46
3323,2025-01-14 13:12:00,145.46,"Lara, Harper and Ray",Visa,Desktop,0,Sonora,Electrónica,0,26
3324,2025-01-19 08:51:00,87.64,"George, Hale and Patton",Amex,Mobile,0,Veracruz,Turismo,0,36
3325,2025-01-24 09:45:00,152.31,"Smith, Chambers and Underwood",MasterCard,Desktop,0,Baja California,Supermercado,0,48
3326,2025-01-26 03:18:00,139.33,"Ho, Juarez and Harris",Visa,Tablet,0,Baja California,Turismo,0,31
3327,2025-01-07 03:42:00,162.46,"Sutton, Anderson and Olsen",Discover,Desktop,0,CDMX,Retail,0,45
3328,2025-01-22 16:56:00,72.98,"Ferguson, Molina and Dominguez",Visa,Tablet,0,Nuevo León,Restaurante,0,18
3329,2025-02-01 12:14:00,15.12,"Swanson, Henderson and Payne",Amex,Tablet,0,Sonora,Turismo,0,25
3330,2025-01-06 10:57:00,111.22,Lyons-Ho,Visa,Mobile,0,Puebla,Turismo,0,38
3331,2025-01-04 01:20:00,96.88,Carroll-Perez,Discover,Mobile,0,Baja California,Restaurante,0,22
3332,2025-01-19 07:46:00,135.58,Davis and Sons,Discover,Tablet,0,Puebla,Restaurante,0,6
3333,2025-01-04 07:14:00,18.62,Campbell and Sons,Amex,Tablet,0,Puebla,Supermercado,0,45
3334,2025-02-02 15:13:00,21.69,Harper-Chambers,Discover,Desktop,0,Chihuahua,Electrónica,0,38
3335,2025-01-04 10:54:00,221.1,Taylor-White,MasterCard,Tablet,0,Puebla,Electrónica,0,13
3336,2025-01-03 07:12:00,138.62,Martin-Perez,Discover,Desktop,0,Michoacán,Turismo,0,18
3337,2025-01-28 22:09:00,238.85,Harper-Stephens,MasterCard,Tablet,0,Michoacán,Restaurante,0,2
3338,2025-01-23 20:11:00,142.18,"Simpson, Campbell and Molina",Visa,Mobile,0,Jalisco,Servicios,0,14
3339,2025-02-05 03:52:00,90.92,Johnson PLC,MasterCard,Mobile,0,Puebla,Retail,0,25
3340,2025-01-10 12:14:00,106.17,Yu Inc,MasterCard,Tablet,0,Veracruz,Servicios,0,27
3341,2025-01-11 07:58:00,219.94,Anthony-West,Visa,Desktop,0,Baja California,Retail,0,11
3342,2025-02-04 06:01:00,86.47,"Hobbs, Kelley and Bennett",Discover,Desktop,0,Tamaulipas,Retail,0,25
3343,2025-01-11 12:43:00,100.07,Jones-Rios,MasterCard,Desktop,0,EdoMex,Turismo,0,12
3344,2025-01-08 00:05:00,17.02,Gibson PLC,Discover,Tablet,0,Puebla,Supermercado,0,35
3345,2025-01-10 10:26:00,64.23,Alexander-Warren,Visa,Tablet,0,CDMX,Restaurante,0,48
3346,2025-01-07 19:50:00,126.02,"Ford, Hernandez and Lawson",Amex,Mobile,0,Tamaulipas,Restaurante,0,21
3347,2025-01-12 05:40:00,31.6,"Ramirez, Castillo and Becker",Discover,Mobile,0,Puebla,Electrónica,0,27
3348,2025-01-29 15:16:00,22.6,"Carter, Burton and Allen",Discover,Tablet,0,Nuevo León,Retail,0,28
3349,2025-01-17 09:02:00,37.66,"Medina, Curtis and Reese",Amex,Mobile,0,EdoMex,Restaurante,0,41
3350,2025-01-29 02:43:00,27.64,Davis-Sherman,Amex,Desktop,0,Puebla,Servicios,0,22
3351,2025-02-04 09:33:00,24.2,Walker-Mejia,Visa,Desktop,0,Nuevo León,Servicios,0,48
3352,2025-01-02 19:46:00,55.31,"Meyers, Rodriguez and Anderson",Discover,Tablet,0,Michoacán,Electrónica,0,21
3353,2025-01-21 17:20:00,238.42,"Oliver, Becker and Hill",Discover,Desktop,1,Coahuila,Retail,0,15
3354,2025-01-13 16:17:00,70.74,Bryant-Perkins,Visa,Tablet,0,EdoMex,Servicios,0,35
3355,2025-01-26 17:54:00,20.82,Mays Group,Discover,Desktop,0,Chihuahua,Servicios,0,21
3356,2025-01-21 07:59:00,8.01,Hernandez Ltd,MasterCard,Tablet,0,Guanajuato,Supermercado,0,40
3357,2025-01-13 01:46:00,119.12,Price-Roy,MasterCard,Desktop,0,Tamaulipas,Servicios,0,27
3358,2025-02-02 08:24:00,48.26,Gilmore-Calderon,MasterCard,Desktop,0,Sonora,Restaurante,0,50
3359,2025-01-04 21:07:00,172.5,"Smith, Allen and Gray",Discover,Mobile,0,Sonora,Electrónica,0,43
3360,2025-01-09 15:34:00,107.74,"Moore, Freeman and Morales",MasterCard,Mobile,0,Michoacán,Supermercado,0,41
3361,2025-02-04 06:11:00,159.08,Mcpherson Ltd,MasterCard,Mobile,0,EdoMex,Restaurante,0,18
3362,2025-01-13 05:27:00,31.74,"Anderson, Gonzales and Stein",Visa,Mobile,0,Sonora,Restaurante,0,26
3363,2025-01-08 22:52:00,117.88,Waters-Vang,Visa,Mobile,0,Jalisco,Turismo,0,17
3364,2025-01-20 13:49:00,30.66,"Russell, House and Forbes",Amex,Mobile,0,Nuevo León,Servicios,0,32
3365,2025-02-02 07:07:00,279.8,Gray-Cobb,Amex,Tablet,0,CDMX,Servicios,0,8
3366,2025-01-23 20:53:00,101.16,Butler-Black,Amex,Tablet,0,EdoMex,Entretenimiento,0,27
3367,2025-01-13 14:27:00,39.23,Maldonado and Sons,Amex,Mobile,0,CDMX,Restaurante,0,5
3368,2025-01-13 12:57:00,31.4,Knight-Bailey,Visa,Tablet,0,Baja California,Servicios,0,32
3369,2025-01-20 14:25:00,21.19,Owens Inc,Visa,Mobile,0,Nuevo León,Electrónica,0,25
3370,2025-01-17 00:21:00,118.63,Craig LLC,Visa,Tablet,0,Tamaulipas,Entretenimiento,0,39
3371,2025-01-27 10:05:00,24.68,Foley-Crosby,MasterCard,Desktop,0,Puebla,Supermercado,0,4
3372,2025-02-02 14:35:00,90.46,Smith PLC,MasterCard,Tablet,0,EdoMex,Servicios,0,24
3373,2025-01-03 17:55:00,30.74,Fisher-Lester,Amex,Tablet,0,Puebla,Turismo,0,8
3374,2025-01-22 10:07:00,108.46,Ramirez-Jarvis,MasterCard,Tablet,0,Chihuahua,Turismo,0,17
3375,2025-01-17 22:30:00,168.71,Chase and Sons,Discover,Desktop,0,Tamaulipas,Servicios,0,23
3376,2025-01-26 11:07:00,150.52,Burton Group,Visa,Mobile,0,Chihuahua,Turismo,0,9
3377,2025-02-04 04:29:00,143.07,Williams-Dalton,Amex,Tablet,0,Jalisco,Restaurante,0,28
3378,2025-02-04 09:49:00,20.79,Andrade Inc,Amex,Tablet,0,Sonora,Electrónica,0,21
3379,2025-01-28 21:33:00,9.25,Mckinney PLC,Discover,Desktop,0,Michoacán,Supermercado,0,24
3380,2025-01-18 18:43:00,120.05,Robertson PLC,MasterCard,Mobile,0,Puebla,Electrónica,0,48
3381,2025-01-17 11:03:00,45.94,Edwards-Humphrey,Amex,Tablet,0,Coahuila,Retail,0,41
3382,2025-01-16 21:28:00,56.62,Allen-Williams,MasterCard,Desktop,0,Coahuila,Restaurante,0,19
3383,2025-01-29 21:56:00,3.16,Mosley-Kaufman,MasterCard,Mobile,0,Veracruz,Turismo,0,50
3384,2025-01-15 04:04:00,30.05,Odom PLC,Discover,Mobile,0,Michoacán,Restaurante,0,15
3385,2025-01-23 05:44:00,3.43,Anderson-Moore,Amex,Tablet,0,Chihuahua,Servicios,0,17
3386,2025-01-15 02:41:00,211.35,Davis-Fuller,MasterCard,Tablet,0,Chihuahua,Electrónica,0,36
3387,2025-01-28 20:43:00,27.89,Obrien-Miller,MasterCard,Tablet,0,Coahuila,Supermercado,0,22
3388,2025-01-17 08:19:00,81.49,"Thomas, Smith and Guerrero",Discover,Tablet,0,Guanajuato,Entretenimiento,0,22
3389,2025-01-14 20:04:00,3.98,Conrad-Wright,Discover,Desktop,0,Chihuahua,Servicios,0,50
3390,2025-01-07 04:01:00,109.92,"Hines, Davis and Martin",MasterCard,Desktop,0,Veracruz,Entretenimiento,0,40
3391,2025-01-31 22:01:00,39.01,"Jones, White and Perez",Discover,Tablet,0,Nuevo León,Entretenimiento,0,7
3392,2025-01-25 08:06:00,228.2,Carter PLC,MasterCard,Mobile,0,Puebla,Entretenimiento,0,32
3393,2025-01-17 08:00:00,219.03,Wood and Sons,Amex,Tablet,0,Puebla,Entretenimiento,0,45
3394,2025-02-04 17:47:00,39.35,"Ballard, Wagner and Kelly",Visa,Mobile,0,Puebla,Turismo,0,46
3395,2025-01-14 08:23:00,231.22,Brooks LLC,Discover,Mobile,0,Jalisco,Retail,0,4
3396,2025-01-28 19:36:00,556.17,Dickson-Le,Visa,Mobile,0,CDMX,Supermercado,0,15
3397,2025-01-12 17:33:00,174.53,Krause-Reyes,MasterCard,Desktop,0,Baja California,Retail,0,9
3398,2025-01-04 18:19:00,186.35,"Lam, Cruz and Goodman",MasterCard,Mobile,0,Jalisco,Servicios,0,47
3399,2025-02-02 18:01:00,28.64,Mitchell-Stephens,MasterCard,Mobile,0,Baja California,Turismo,0,17
3400,2025-02-01 22:00:00,85.97,Johnson and Sons,Visa,Desktop,0,Nuevo León,Supermercado,0,7
3401,2025-01-14 18:58:00,6.96,Baxter LLC,MasterCard,Mobile,0,EdoMex,Supermercado,0,19
3402,2025-01-22 01:13:00,9.97,Allen and Sons,Discover,Mobile,0,Veracruz,Turismo,0,4
3403,2025-01-23 09:47:00,680.58,Benitez-Bryant,Amex,Tablet,0,Coahuila,Supermercado,0,6
3404,2025-01-07 22:09:00,39.55,Horton-Davis,Amex,Mobile,0,EdoMex,Supermercado,0,3
3405,2025-01-12 07:48:00,137.91,Walker PLC,Discover,Mobile,0,Michoacán,Electrónica,0,43
3406,2025-01-13 12:23:00,164.33,Clark-Scott,Amex,Mobile,0,Sonora,Electrónica,0,12
3407,2025-02-05 17:39:00,195.21,Fowler-Ortega,Visa,Mobile,0,Sonora,Turismo,0,43
3408,2025-01-10 04:53:00,604.41,Mcmillan-Patterson,MasterCard,Mobile,0,Coahuila,Electrónica,0,33
3409,2025-02-02 02:45:00,27.64,"Miller, Alexander and Patton",MasterCard,Desktop,0,Coahuila,Restaurante,0,1
3410,2025-01-08 10:41:00,4.12,"Williams, Williams and Brown",MasterCard,Mobile,0,Chihuahua,Restaurante,0,47
3411,2025-01-03 12:16:00,52.97,Moore and Sons,Visa,Mobile,0,Veracruz,Retail,0,19
3412,2025-01-17 22:26:00,13.94,"Brown, Kemp and Rogers",Visa,Desktop,0,Baja California,Supermercado,0,31
3413,2025-01-06 22:34:00,2.27,Marquez-Medina,Visa,Desktop,0,Coahuila,Restaurante,0,37
3414,2025-01-12 12:16:00,44.7,Pennington PLC,Discover,Mobile,0,Chihuahua,Restaurante,0,27
3415,2025-01-10 18:40:00,153.13,"Lloyd, Harris and Moore",Visa,Mobile,0,EdoMex,Supermercado,0,28
3416,2025-01-31 19:51:00,83.51,"Martinez, Rodriguez and Harris",Amex,Mobile,0,Michoacán,Retail,0,48
3417,2025-01-02 17:38:00,37.51,Bass-Gonzalez,Discover,Tablet,0,Puebla,Turismo,0,50
3418,2025-01-27 15:04:00,106.23,Clark Group,Discover,Tablet,0,Coahuila,Turismo,0,2
3419,2025-01-27 11:25:00,26.4,Jones Group,Discover,Mobile,0,Chihuahua,Electrónica,0,33
3420,2025-01-08 21:50:00,1.45,Morris-Valdez,Visa,Desktop,0,Sonora,Restaurante,0,15
3421,2025-01-01 21:11:00,144.54,"Anderson, Gibson and Gibson",Discover,Mobile,0,Puebla,Electrónica,0,24
3422,2025-01-30 00:47:00,97.75,Harris-Klein,Visa,Desktop,0,EdoMex,Turismo,0,19
3423,2025-01-19 12:55:00,143.68,"Jackson, Brown and Landry",Visa,Desktop,0,Sonora,Electrónica,0,43
3424,2025-01-28 13:30:00,3.97,Osborn Group,Discover,Desktop,0,Baja California,Turismo,0,27
3425,2025-01-24 12:04:00,181.47,"Russell, Saunders and Carey",MasterCard,Mobile,0,Jalisco,Restaurante,0,49
3426,2025-01-06 03:00:00,96.63,"Miller, Rice and Patel",MasterCard,Mobile,0,Puebla,Restaurante,0,27
3427,2025-01-09 22:36:00,82.87,Smith Group,Discover,Desktop,0,Guanajuato,Turismo,0,24
3428,2025-01-15 08:03:00,97.98,Davis-Hawkins,MasterCard,Tablet,0,Guanajuato,Entretenimiento,0,4
3429,2025-01-24 05:45:00,199.83,Baker LLC,Amex,Tablet,0,Tamaulipas,Turismo,0,5
3430,2025-01-02 09:21:00,88.42,Harris and Sons,Amex,Tablet,0,Chihuahua,Supermercado,0,46
3431,2025-01-28 00:46:00,86.98,Hanson Group,Visa,Desktop,0,Tamaulipas,Turismo,0,44
3432,2025-01-08 20:44:00,467.55,Owens-Shaw,MasterCard,Mobile,0,Chihuahua,Retail,0,7
3433,2025-01-11 20:45:00,141.36,Durham-Griffin,Amex,Desktop,0,Nuevo León,Turismo,0,20
3434,2025-01-02 21:56:00,58.39,Johnson-Johnson,Discover,Tablet,0,Chihuahua,Entretenimiento,0,20
3435,2025-01-09 01:41:00,122.89,"Heath, Lowe and Williams",MasterCard,Mobile,0,CDMX,Entretenimiento,0,12
3436,2025-01-07 06:22:00,49.3,Allison Inc,Amex,Desktop,0,Michoacán,Turismo,0,5
3437,2025-02-04 17:03:00,25.99,Fuentes Group,Amex,Desktop,0,EdoMex,Turismo,0,35
3438,2025-01-02 02:12:00,90.85,Gonzalez Inc,Discover,Tablet,0,Chihuahua,Entretenimiento,0,39
3439,2025-02-04 17:15:00,263.36,"Brandt, Davis and Moore",Visa,Desktop,0,Tamaulipas,Supermercado,0,36
3440,2025-01-29 15:50:00,264.7,Harris-Watson,Discover,Mobile,0,Coahuila,Electrónica,0,14
3441,2025-01-29 18:30:00,41.84,Tate Group,Visa,Tablet,0,Nuevo León,Servicios,0,21
3442,2025-01-04 06:52:00,75.01,Rivers Inc,Amex,Tablet,0,Tamaulipas,Electrónica,0,3
3443,2025-01-23 17:54:00,23.78,"Farrell, Benitez and Hunt",Visa,Mobile,0,Sonora,Supermercado,0,27
3444,2025-01-22 21:31:00,543.32,"Norris, Walker and Kelly",Amex,Tablet,0,Tamaulipas,Electrónica,0,25
3445,2025-01-22 10:02:00,396.95,"Miranda, Boyd and Copeland",Amex,Desktop,0,Nuevo León,Turismo,0,6
3446,2025-01-14 23:09:00,104.84,Little Inc,MasterCard,Desktop,0,Michoacán,Servicios,0,5
3447,2025-01-23 09:46:00,163.18,Wilson-Ingram,Visa,Tablet,0,Baja California,Servicios,0,19
3448,2025-01-19 06:59:00,125.56,Underwood-Kennedy,Visa,Mobile,0,Nuevo León,Supermercado,0,45
3449,2025-01-31 03:51:00,89.93,Newman Group,Visa,Desktop,0,Veracruz,Turismo,0,5
3450,2025-01-12 11:39:00,5.48,Hall Group,Discover,Mobile,0,Baja California,Restaurante,0,31
3451,2025-02-04 05:24:00,60.65,"Robertson, Jackson and Rios",MasterCard,Desktop,0,Coahuila,Retail,0,44
3452,2025-02-02 18:57:00,112.33,"Lane, Shaw and Vasquez",MasterCard,Desktop,0,Sonora,Electrónica,0,4
3453,2025-01-04 18:14:00,113.18,"Clark, Harris and Williams",MasterCard,Tablet,0,Sonora,Electrónica,0,2
3454,2025-01-03 21:13:00,46.7,"Marshall, Smith and Reeves",Discover,Tablet,0,Jalisco,Restaurante,0,5
3455,2025-01-03 20:27:00,284.2,"Johnson, Dillon and Hess",Visa,Mobile,0,Michoacán,Entretenimiento,0,20
3456,2025-01-20 07:57:00,18.32,Long-Saunders,Visa,Tablet,0,CDMX,Restaurante,0,5
3457,2025-01-08 06:35:00,69.39,"Vaughn, Boyd and Kirby",Visa,Desktop,0,Coahuila,Servicios,0,47
3458,2025-01-31 01:55:00,117.4,Wheeler Inc,MasterCard,Desktop,0,Jalisco,Turismo,0,3
3459,2025-01-18 16:50:00,119.45,"Powers, Anderson and Rivera",MasterCard,Mobile,0,Nuevo León,Restaurante,0,20
3460,2025-01-21 06:11:00,104.59,"Leonard, Fitzgerald and Green",Amex,Mobile,0,Michoacán,Retail,0,37
3461,2025-01-29 07:56:00,32.2,Powell Inc,Discover,Desktop,0,Nuevo León,Restaurante,0,25
3462,2025-01-20 15:55:00,16.98,"Murphy, Fox and Anderson",Discover,Tablet,0,Baja California,Supermercado,0,44
3463,2025-01-03 00:08:00,101.04,Armstrong-Spencer,MasterCard,Tablet,0,Coahuila,Retail,0,24
3464,2025-02-04 15:32:00,91.45,Cooper Inc,Amex,Mobile,0,Michoacán,Turismo,0,38
3465,2025-01-23 20:03:00,19.77,Green LLC,Visa,Mobile,0,Chihuahua,Supermercado,0,24
3466,2025-01-11 07:24:00,122.13,Bender-Bryant,MasterCard,Desktop,0,Jalisco,Servicios,0,7
3467,2025-01-21 07:21:00,60.73,Newman Group,Discover,Desktop,0,Veracruz,Entretenimiento,0,44
3468,2025-01-13 21:20:00,110.19,Garcia-Miller,Discover,Mobile,0,Guanajuato,Turismo,0,25
3469,2025-01-11 07:57:00,181.63,"Garcia, Wheeler and Campbell",Discover,Desktop,0,Puebla,Restaurante,0,31
3470,2025-01-28 09:52:00,18.6,Eaton and Sons,Visa,Mobile,0,Tamaulipas,Entretenimiento,0,37
3471,2025-01-11 23:04:00,1.93,Peters-Simmons,Discover,Mobile,0,Veracruz,Retail,0,1
3472,2025-01-08 23:15:00,151.01,"Crawford, White and Walker",Visa,Tablet,1,Veracruz,Supermercado,0,25
3473,2025-01-21 14:58:00,94.08,"Cole, Brady and Mack",Visa,Mobile,0,Guanajuato,Supermercado,0,3
3474,2025-01-02 18:47:00,120.28,Robinson Ltd,Visa,Desktop,0,Tamaulipas,Restaurante,0,32
3475,2025-01-20 10:32:00,182.11,"Fisher, Smith and Phillips",MasterCard,Tablet,0,Baja California,Electrónica,0,30
3476,2025-01-07 16:50:00,162.36,Maddox-Beck,Visa,Tablet,0,Tamaulipas,Restaurante,0,10
3477,2025-01-26 03:55:00,324.21,"George, Haney and Garcia",Amex,Desktop,0,Michoacán,Retail,0,32
3478,2025-01-23 11:51:00,76.77,"Garza, Hamilton and Potter",Discover,Desktop,0,Coahuila,Entretenimiento,0,16
3479,2025-01-07 19:47:00,67.04,"Wong, Hogan and Todd",MasterCard,Desktop,0,Puebla,Servicios,0,8
3480,2025-01-13 16:42:00,51.4,Anderson PLC,Discover,Mobile,0,Coahuila,Retail,0,38
3481,2025-01-03 08:17:00,16.69,Kirk-Mcdaniel,Visa,Tablet,0,Baja California,Turismo,0,13
3482,2025-01-10 10:54:00,85.01,Lang Inc,MasterCard,Mobile,0,CDMX,Servicios,0,3
3483,2025-02-04 19:16:00,32.44,"Dunlap, Malone and Vasquez",Amex,Mobile,0,Michoacán,Entretenimiento,0,39
3484,2025-01-06 20:51:00,254.22,Gallegos-Miller,Visa,Mobile,0,Jalisco,Retail,0,18
3485,2025-01-15 21:36:00,87.51,"Smith, Harris and Harmon",Discover,Mobile,0,Baja California,Restaurante,0,14
3486,2025-01-31 23:18:00,89.85,Grimes Ltd,Amex,Tablet,0,Guanajuato,Supermercado,0,35
3487,2025-01-10 10:16:00,43.84,"Butler, Johnson and Cole",Visa,Tablet,0,Guanajuato,Restaurante,0,16
3488,2025-01-20 00:40:00,5.34,Moore Inc,Amex,Mobile,0,Puebla,Electrónica,0,33
3489,2025-01-11 16:59:00,3.23,Chase Inc,Visa,Desktop,0,Michoacán,Supermercado,0,3
3490,2025-01-26 23:51:00,55.05,Lewis-Campbell,MasterCard,Tablet,0,Chihuahua,Electrónica,0,29
3491,2025-01-15 07:47:00,8.84,"Williams, Coleman and Duncan",Visa,Mobile,0,Veracruz,Retail,0,16
3492,2025-02-01 22:28:00,93.36,"Sanchez, Bradley and Walker",MasterCard,Desktop,0,EdoMex,Restaurante,0,37
3493,2025-01-19 01:01:00,212.84,Robinson-Henderson,Visa,Desktop,0,Tamaulipas,Supermercado,0,37
3494,2025-02-01 18:29:00,214.49,"Saunders, Ward and Colon",Visa,Mobile,0,Tamaulipas,Electrónica,0,1
3495,2025-01-04 23:08:00,107.6,Terry and Sons,Discover,Tablet,0,Sonora,Servicios,0,44
3496,2025-01-22 07:42:00,23.73,Moore-Castillo,Amex,Desktop,0,Sonora,Entretenimiento,0,50
3497,2025-01-10 16:34:00,198.78,Austin Group,Amex,Tablet,0,Jalisco,Electrónica,0,26
3498,2025-01-08 07:28:00,217.24,"Russell, Anthony and Clark",Amex,Tablet,0,Tamaulipas,Electrónica,0,29
3499,2025-01-02 02:29:00,21.9,Wiley Group,Visa,Desktop,0,Baja California,Turismo,0,29
3500,2025-01-03 18:36:00,133.72,"Long, Austin and Gomez",Visa,Mobile,0,CDMX,Supermercado,0,2
3501,2025-01-21 06:00:00,33.76,Smith LLC,Visa,Desktop,0,Nuevo León,Entretenimiento,0,43
3502,2025-02-01 17:39:00,162.27,Gardner Group,MasterCard,Desktop,0,Tamaulipas,Servicios,0,29
3503,2025-01-14 14:36:00,589.18,Smith-Mcdonald,MasterCard,Tablet,0,Tamaulipas,Servicios,0,39
3504,2025-01-14 19:03:00,3.05,Gates and Sons,Discover,Mobile,0,EdoMex,Retail,0,29
3505,2025-01-07 10:32:00,227.66,Hubbard and Sons,Visa,Tablet,0,Baja California,Restaurante,0,38
3506,2025-01-05 02:21:00,97.45,Barnett Group,Amex,Desktop,0,Baja California,Turismo,0,29
3507,2025-01-09 07:52:00,362.62,Powell Inc,Amex,Mobile,0,Baja California,Restaurante,0,19
3508,2025-01-27 02:52:00,62.55,Madden Group,Discover,Mobile,0,Coahuila,Restaurante,0,32
3509,2025-01-04 00:51:00,187.99,"Nelson, Weaver and Davidson",Amex,Mobile,0,Puebla,Turismo,0,48
3510,2025-01-26 17:17:00,6.44,Parker-Cooper,Discover,Mobile,0,Puebla,Electrónica,0,40
3511,2025-01-09 15:45:00,40.84,Morris-Long,Visa,Mobile,0,Guanajuato,Electrónica,0,14
3512,2025-02-02 22:49:00,6.94,"Gallagher, James and Becker",Amex,Desktop,0,Baja California,Turismo,0,3
3513,2025-01-14 15:46:00,370.27,Parker LLC,Visa,Desktop,0,CDMX,Retail,0,33
3514,2025-01-09 04:45:00,169.81,Bell-Johnson,MasterCard,Desktop,0,Chihuahua,Turismo,0,45
3515,2025-02-03 04:53:00,191.42,Hill-Romero,Amex,Tablet,0,Baja California,Servicios,0,26
3516,2025-01-26 22:09:00,278.01,Kerr-Ramirez,MasterCard,Mobile,0,Tamaulipas,Restaurante,0,26
3517,2025-01-26 14:31:00,8.89,Bowman-White,Amex,Mobile,0,Baja California,Electrónica,0,24
3518,2025-01-26 13:27:00,48.71,Bryan PLC,Visa,Desktop,0,EdoMex,Restaurante,0,32
3519,2025-01-06 05:15:00,7.37,Walker-Clements,Discover,Mobile,0,Chihuahua,Electrónica,0,45
3520,2025-01-08 11:41:00,23.67,Mcdonald-Burke,Visa,Tablet,0,Chihuahua,Supermercado,0,43
3521,2025-01-23 22:20:00,26.05,Hines-Pruitt,Visa,Mobile,0,Veracruz,Entretenimiento,0,9
3522,2025-01-12 20:23:00,63.32,"Gutierrez, Mason and Cooper",Visa,Mobile,0,Baja California,Entretenimiento,0,14
3523,2025-01-27 22:28:00,31.27,Jackson PLC,Amex,Tablet,0,Coahuila,Restaurante,0,5
3524,2025-01-31 22:13:00,10.64,"Wallace, West and Baird",Discover,Desktop,0,Guanajuato,Entretenimiento,0,12
3525,2025-01-11 04:36:00,18.33,"Davis, Cameron and Gonzalez",MasterCard,Desktop,0,Michoacán,Electrónica,0,10
3526,2025-01-23 23:22:00,15.93,Williams PLC,Visa,Mobile,0,Coahuila,Electrónica,0,37
3527,2025-01-31 17:39:00,361.48,Garcia LLC,Amex,Tablet,0,Jalisco,Supermercado,0,33
3528,2025-01-02 00:54:00,142.42,"Johnson, Anderson and Good",MasterCard,Desktop,1,Coahuila,Servicios,0,5
3529,2025-01-30 00:29:00,343.46,"Nichols, Soto and Holder",Visa,Desktop,0,Jalisco,Entretenimiento,0,46
3530,2025-02-02 17:01:00,57.94,"Sawyer, Dixon and Kelly",MasterCard,Desktop,0,EdoMex,Restaurante,0,14
3531,2025-01-18 13:15:00,32.62,Fry LLC,Visa,Mobile,0,Chihuahua,Electrónica,0,40
3532,2025-01-01 22:52:00,160.09,Brooks-Morales,MasterCard,Tablet,0,Guanajuato,Restaurante,0,28
3533,2025-02-04 00:08:00,39.49,Garcia-Webb,MasterCard,Mobile,0,Puebla,Entretenimiento,0,28
3534,2025-01-08 16:59:00,35.58,Larsen Ltd,Discover,Desktop,0,Baja California,Retail,0,22
3535,2025-01-22 18:18:00,26.46,Nielsen-Johnson,Discover,Tablet,0,Michoacán,Servicios,0,15
3536,2025-02-04 13:41:00,13.89,Carroll-Miller,Visa,Mobile,0,Guanajuato,Restaurante,0,36
3537,2025-01-27 13:48:00,29.63,Flynn Group,Amex,Desktop,0,Coahuila,Restaurante,0,37
3538,2025-01-07 11:33:00,43.9,Wright-Brown,Discover,Desktop,0,Sonora,Restaurante,0,19
3539,2025-01-07 20:44:00,112.08,"Smith, Brown and Salinas",MasterCard,Mobile,0,CDMX,Restaurante,0,41
3540,2025-01-22 12:16:00,6.46,Chapman-Carr,Discover,Desktop,0,Tamaulipas,Supermercado,0,11
3541,2025-01-10 01:55:00,23.64,"Cole, Reed and Weber",Discover,Desktop,0,EdoMex,Entretenimiento,0,3
3542,2025-01-23 21:39:00,165.56,Tyler Group,Visa,Tablet,0,Puebla,Supermercado,0,20
3543,2025-01-01 05:03:00,15.89,Myers-Campbell,Discover,Desktop,0,Veracruz,Electrónica,0,43
3544,2025-01-09 12:57:00,41.95,"Kelley, Foster and Estrada",Discover,Mobile,0,CDMX,Entretenimiento,0,1
3545,2025-01-15 22:36:00,200,Hoffman Inc,MasterCard,Tablet,0,Nuevo León,Restaurante,0,41
3546,2025-02-05 08:15:00,16.83,"Smith, Taylor and Lamb",Discover,Mobile,0,Coahuila,Supermercado,0,49
3547,2025-01-06 20:17:00,8.64,Fields-Melendez,MasterCard,Desktop,0,Chihuahua,Restaurante,0,8
3548,2025-02-03 22:20:00,66.27,"Castillo, Brown and Medina",Discover,Tablet,0,Veracruz,Restaurante,0,46
3549,2025-01-21 09:10:00,36.01,Keith and Sons,Discover,Tablet,0,Chihuahua,Servicios,0,12
3550,2025-01-09 18:30:00,82.88,"Garcia, Huang and Mathews",Amex,Tablet,0,Jalisco,Servicios,0,3
3551,2025-02-03 20:37:00,162.86,"Bailey, Smith and Robertson",Discover,Tablet,0,Jalisco,Electrónica,0,37
3552,2025-01-06 01:49:00,14.75,"Hudson, Tyler and Hale",MasterCard,Mobile,0,Puebla,Retail,0,40
3553,2025-01-18 16:26:00,86.92,"White, Rodriguez and Richard",MasterCard,Desktop,0,Chihuahua,Turismo,0,50
3554,2025-02-01 19:07:00,70.42,Gregory-Glenn,Visa,Desktop,0,Nuevo León,Restaurante,0,19
3555,2025-01-11 09:53:00,15.56,Fisher-Swanson,Visa,Tablet,0,Coahuila,Supermercado,0,32
3556,2025-01-11 04:10:00,97.82,"Anthony, Barnett and Ramos",Amex,Desktop,0,Guanajuato,Retail,0,49
3557,2025-01-20 22:09:00,31.97,Mccarthy Ltd,MasterCard,Mobile,0,Coahuila,Retail,0,4
3558,2025-01-05 11:15:00,66.91,Robinson-Booker,MasterCard,Desktop,0,Nuevo León,Supermercado,0,6
3559,2025-02-02 01:23:00,8.59,"Baker, Shaffer and Osborn",MasterCard,Mobile,0,EdoMex,Entretenimiento,0,8
3560,2025-01-05 06:59:00,61.54,"Alvarez, Johnson and Davis",Amex,Mobile,0,Veracruz,Entretenimiento,0,22
3561,2025-01-29 11:21:00,36.6,"Holt, Lopez and Gonzalez",MasterCard,Desktop,0,Guanajuato,Retail,0,11
3562,2025-01-21 13:12:00,172.81,Brown Ltd,Visa,Mobile,0,Guanajuato,Entretenimiento,0,40
3563,2025-01-18 16:49:00,5.87,"Miller, Reynolds and Gray",Amex,Mobile,0,Veracruz,Restaurante,0,5
3564,2025-01-23 10:03:00,54.23,Young-Ortega,Visa,Mobile,0,Michoacán,Retail,0,36
3565,2025-01-22 05:48:00,61.33,Clark LLC,Visa,Mobile,0,Michoacán,Entretenimiento,0,1
3566,2025-01-04 08:03:00,129.1,Hall LLC,Amex,Tablet,0,Michoacán,Turismo,0,8
3567,2025-01-27 04:46:00,85.4,"Adams, Dickerson and Lee",Discover,Desktop,0,Puebla,Restaurante,0,39
3568,2025-01-17 20:09:00,110.03,Morrow Ltd,Discover,Tablet,0,Veracruz,Entretenimiento,0,43
3569,2025-01-14 08:45:00,150.08,Hunt-Cardenas,Visa,Mobile,0,Michoacán,Retail,0,7
3570,2025-01-14 22:20:00,198.2,"Acosta, Baker and Livingston",Discover,Desktop,0,Veracruz,Restaurante,0,1
3571,2025-01-21 16:52:00,37.67,Riley LLC,MasterCard,Mobile,0,Puebla,Servicios,0,11
3572,2025-01-06 12:50:00,77.22,West LLC,Amex,Desktop,0,Jalisco,Servicios,0,12
3573,2025-01-19 22:10:00,183.33,"Williams, Goodman and Chapman",Visa,Tablet,0,Michoacán,Retail,0,37
3574,2025-01-24 17:40:00,455.17,"Taylor, Moss and Brown",MasterCard,Desktop,0,Guanajuato,Electrónica,0,9
3575,2025-01-20 17:36:00,220.29,Vasquez Ltd,Discover,Mobile,0,Veracruz,Turismo,0,31
3576,2025-01-26 03:12:00,46.44,Garcia-Fisher,MasterCard,Desktop,1,Coahuila,Turismo,0,7
3577,2025-01-08 11:14:00,21.71,Moore Ltd,Discover,Desktop,0,Baja California,Retail,0,47
3578,2025-01-08 07:31:00,67.22,Noble-Moore,Visa,Tablet,1,Chihuahua,Supermercado,0,19
3579,2025-01-23 04:11:00,135.34,"Mcdaniel, Gordon and Cochran",MasterCard,Mobile,0,Coahuila,Turismo,0,22
3580,2025-02-04 09:50:00,67.84,Davis-Nichols,Amex,Desktop,0,CDMX,Restaurante,0,46
3581,2025-01-10 06:15:00,66.01,Singleton-Mckenzie,Visa,Tablet,0,Nuevo León,Retail,0,40
3582,2025-01-28 16:28:00,182.16,Cruz Ltd,MasterCard,Desktop,0,Jalisco,Servicios,0,18
3583,2025-01-19 00:30:00,44.85,"Miller, Ayers and Thompson",MasterCard,Mobile,0,Veracruz,Retail,0,39
3584,2025-02-03 19:58:00,196.46,"Alexander, Elliott and Hopkins",Discover,Desktop,0,Chihuahua,Supermercado,0,22
3585,2025-01-30 07:57:00,52.22,"Robinson, Bauer and Lozano",Visa,Desktop,0,CDMX,Electrónica,0,21
3586,2025-01-07 02:57:00,39.78,Myers Inc,Visa,Desktop,0,Jalisco,Electrónica,0,28
3587,2025-01-15 03:11:00,60.51,Russell-Harrison,Visa,Desktop,0,Sonora,Supermercado,0,20
3588,2025-01-20 02:08:00,143.74,Archer Ltd,Visa,Mobile,0,CDMX,Supermercado,0,37
3589,2025-01-02 17:20:00,13.47,Jones-Rice,Discover,Tablet,0,Guanajuato,Restaurante,0,41
3590,2025-01-26 06:45:00,21.87,Bradford-Reese,Amex,Tablet,1,Baja California,Supermercado,0,1
3591,2025-01-23 16:09:00,302.51,Hughes Group,Visa,Desktop,0,Veracruz,Restaurante,0,49
3592,2025-01-28 22:20:00,19.3,Williams-Thomas,Discover,Mobile,0,Michoacán,Supermercado,0,10
3593,2025-02-03 23:52:00,83.87,Ritter PLC,Amex,Mobile,0,Baja California,Retail,0,11
3594,2025-01-24 20:19:00,86.59,Miller-Conrad,Amex,Mobile,1,EdoMex,Restaurante,0,24
3595,2025-01-20 08:54:00,67.26,Stevenson-Salas,Discover,Mobile,0,Puebla,Servicios,0,43
3596,2025-01-26 16:36:00,103.49,Crawford-Ramirez,Visa,Mobile,0,Jalisco,Servicios,0,29
3597,2025-01-04 02:36:00,26.11,"Williams, Tucker and Lyons",Amex,Mobile,0,Guanajuato,Turismo,0,33
3598,2025-01-18 10:58:00,80.44,Saunders and Sons,Visa,Desktop,0,EdoMex,Servicios,0,25
3599,2025-01-24 14:37:00,46.55,Davis PLC,Visa,Tablet,0,Chihuahua,Servicios,0,34
3600,2025-01-26 03:14:00,108.37,Rogers Inc,MasterCard,Tablet,0,Sonora,Servicios,0,49
3601,2025-01-22 04:55:00,15.22,Ward Group,Visa,Desktop,0,Chihuahua,Electrónica,0,45
3602,2025-01-15 00:39:00,84.6,Lamb-Sullivan,MasterCard,Tablet,0,Nuevo León,Electrónica,0,5
3603,2025-02-04 10:02:00,20.49,Fuentes-Buck,Amex,Mobile,0,Tamaulipas,Entretenimiento,0,17
3604,2025-01-21 01:28:00,32.66,Turner and Sons,Discover,Mobile,0,Coahuila,Turismo,0,14
3605,2025-01-07 02:51:00,24.68,"Greene, Garcia and Sullivan",MasterCard,Tablet,0,CDMX,Entretenimiento,0,8
3606,2025-01-19 07:52:00,20.19,Livingston Ltd,Discover,Mobile,0,Michoacán,Restaurante,0,45
3607,2025-01-04 07:16:00,174.7,Ball-Weaver,Amex,Mobile,0,Puebla,Entretenimiento,0,48
3608,2025-02-01 06:33:00,33.65,Chase-Harrison,Visa,Tablet,0,Veracruz,Turismo,0,10
3609,2025-01-07 21:22:00,261.9,Rogers LLC,Amex,Desktop,0,Puebla,Restaurante,0,43
3610,2025-01-29 17:48:00,350.41,Espinoza-Jennings,Discover,Tablet,0,Sonora,Electrónica,0,8
3611,2025-01-19 13:53:00,84.69,Miller-Page,Amex,Tablet,0,CDMX,Supermercado,0,45
3612,2025-02-02 07:21:00,15.43,Mcmillan Ltd,Visa,Tablet,0,Baja California,Retail,0,21
3613,2025-01-27 13:29:00,46.93,Sweeney Group,Amex,Tablet,0,Michoacán,Turismo,0,23
3614,2025-01-16 04:40:00,159.82,"Scott, Farley and Randolph",Visa,Desktop,0,Tamaulipas,Servicios,0,13
3615,2025-01-22 07:58:00,45.79,Neal-Wright,MasterCard,Desktop,1,Nuevo León,Servicios,0,36
3616,2025-01-27 06:28:00,9.1,Jarvis Ltd,Discover,Mobile,0,Puebla,Turismo,0,35
3617,2025-01-27 04:14:00,81.37,Davis PLC,Visa,Mobile,0,EdoMex,Supermercado,0,29
3618,2025-02-01 15:07:00,186.51,Taylor Group,Visa,Tablet,0,Chihuahua,Turismo,0,39
3619,2025-01-07 01:40:00,158.93,Smith Ltd,Amex,Mobile,0,Jalisco,Restaurante,0,8
3620,2025-01-15 09:56:00,19.25,"Wilson, Bolton and Knight",MasterCard,Desktop,0,Nuevo León,Turismo,0,2
3621,2025-01-31 09:09:00,111.71,"Allen, Roberts and Murray",Visa,Mobile,0,Chihuahua,Turismo,0,16
3622,2025-02-01 07:35:00,24.91,Hull-Preston,MasterCard,Mobile,0,Tamaulipas,Entretenimiento,0,46
3623,2025-01-13 10:28:00,24.62,Navarro-Dougherty,MasterCard,Mobile,0,Nuevo León,Restaurante,0,18
3624,2025-01-18 23:34:00,207.2,"Marsh, Monroe and Rogers",Amex,Tablet,0,Sonora,Restaurante,0,20
3625,2025-01-27 08:21:00,28.72,"Brown, Walsh and Webb",Visa,Mobile,0,EdoMex,Supermercado,0,22
3626,2025-02-04 05:10:00,30.55,Kelly PLC,Amex,Desktop,0,Puebla,Supermercado,0,39
3627,2025-01-08 09:19:00,0.07,"Ortiz, Watkins and Lane",Discover,Desktop,0,Chihuahua,Servicios,0,7
3628,2025-01-15 12:24:00,204.54,"Vaughan, Hall and Patton",Discover,Desktop,0,Nuevo León,Turismo,0,11
3629,2025-02-02 20:03:00,157.31,Garcia-Wagner,Visa,Desktop,0,Michoacán,Servicios,0,3
3630,2025-01-14 15:34:00,98.71,"Mills, Freeman and Riggs",MasterCard,Mobile,0,Nuevo León,Turismo,0,27
3631,2025-01-08 18:51:00,138.74,Gonzalez and Sons,Visa,Tablet,0,CDMX,Electrónica,0,49
3632,2025-01-11 08:54:00,16.49,Sutton PLC,Visa,Desktop,0,Sonora,Retail,0,31
3633,2025-02-03 15:04:00,61.31,Novak-Rowe,Discover,Desktop,0,Chihuahua,Supermercado,0,12
3634,2025-01-03 09:36:00,43.27,Williams LLC,Discover,Tablet,0,Sonora,Servicios,0,37
3635,2025-01-12 02:44:00,9.85,Dawson and Sons,MasterCard,Tablet,0,Baja California,Restaurante,0,43
3636,2025-01-01 03:07:00,66.58,Trevino-Griffin,MasterCard,Desktop,0,Baja California,Restaurante,0,16
3637,2025-01-11 07:45:00,253.5,"Williams, Smith and Wolfe",Visa,Desktop,0,Guanajuato,Turismo,0,2
3638,2025-02-02 21:28:00,4.09,"Jackson, Smith and Pennington",Amex,Tablet,0,Sonora,Electrónica,0,9
3639,2025-01-06 02:51:00,34.46,Edwards and Sons,Visa,Desktop,1,Michoacán,Supermercado,0,3
3640,2025-01-22 21:48:00,23.26,"Petersen, Griffith and Walker",MasterCard,Desktop,0,Jalisco,Turismo,0,46
3641,2025-01-09 15:15:00,27.2,Carrillo and Sons,Amex,Mobile,0,Tamaulipas,Electrónica,0,25
3642,2025-01-10 03:05:00,239.07,Clark Inc,Discover,Tablet,0,Veracruz,Turismo,0,8
3643,2025-01-01 00:34:00,63.12,"Nguyen, Tran and Sanchez",MasterCard,Mobile,0,Puebla,Entretenimiento,0,47
3644,2025-01-16 16:22:00,62.79,York Ltd,MasterCard,Mobile,0,Nuevo León,Supermercado,0,42
3645,2025-01-30 06:33:00,142.95,Jones LLC,Amex,Tablet,0,EdoMex,Retail,0,3
3646,2025-01-04 21:25:00,16.78,Edwards Group,MasterCard,Mobile,0,Baja California,Electrónica,0,40
3647,2025-02-02 02:38:00,66.8,Thompson Ltd,MasterCard,Desktop,0,EdoMex,Retail,0,7
3648,2025-01-02 04:48:00,56.21,"Wong, Warner and Hubbard",MasterCard,Mobile,0,Puebla,Electrónica,0,19
3649,2025-01-11 22:10:00,90.86,"Marsh, Anderson and Herrera",MasterCard,Tablet,0,Baja California,Turismo,0,36
3650,2025-01-16 14:10:00,772.35,"Russell, Perez and Hinton",MasterCard,Desktop,0,EdoMex,Electrónica,0,29
3651,2025-01-17 15:15:00,146.73,Bishop LLC,MasterCard,Desktop,0,Tamaulipas,Retail,0,36
3652,2025-01-01 23:35:00,50.73,Webb and Sons,MasterCard,Desktop,0,Coahuila,Turismo,0,47
3653,2025-01-12 00:43:00,175.77,Oliver PLC,MasterCard,Desktop,0,Baja California,Restaurante,0,14
3654,2025-01-30 21:04:00,18.72,Harris PLC,Discover,Mobile,0,Chihuahua,Entretenimiento,0,20
3655,2025-01-19 03:26:00,3.09,Hudson PLC,MasterCard,Mobile,0,Michoacán,Entretenimiento,0,4
3656,2025-01-29 04:11:00,22.87,"Baker, Henry and Woods",Discover,Desktop,0,Coahuila,Electrónica,0,39
3657,2025-02-03 09:29:00,41.61,Mcfarland-David,Discover,Tablet,0,Michoacán,Entretenimiento,0,24
3658,2025-01-26 18:17:00,71.45,"Stanley, Obrien and Davis",Visa,Desktop,0,Puebla,Retail,0,3
3659,2025-01-18 23:43:00,95.48,"Chaney, Vazquez and Garcia",Visa,Mobile,0,EdoMex,Supermercado,0,47
3660,2025-01-09 09:52:00,241.47,George Ltd,Discover,Desktop,0,Chihuahua,Retail,0,18
3661,2025-01-11 10:11:00,71.31,Morales Inc,Discover,Mobile,0,Nuevo León,Restaurante,0,7
3662,2025-01-31 21:02:00,69.57,Warren Inc,MasterCard,Desktop,0,Guanajuato,Entretenimiento,0,19
3663,2025-01-07 00:57:00,5.15,Byrd-Chavez,Visa,Tablet,0,Puebla,Electrónica,0,22
3664,2025-01-24 02:49:00,3.55,"Mason, Cooper and Weber",Amex,Desktop,0,Sonora,Servicios,0,46
3665,2025-01-05 17:13:00,80.11,"Smith, Patterson and Oliver",Visa,Tablet,0,Puebla,Restaurante,0,28
3666,2025-01-10 03:17:00,57.66,Robinson-Harding,Discover,Tablet,0,Guanajuato,Entretenimiento,0,23
3667,2025-01-10 01:49:00,182.75,Garcia LLC,Discover,Desktop,0,Sonora,Supermercado,0,22
3668,2025-01-22 08:17:00,17.52,"Willis, Robles and Ford",MasterCard,Tablet,0,CDMX,Retail,0,45
3669,2025-01-30 04:25:00,2.53,"Gray, Moore and Cox",MasterCard,Tablet,0,Guanajuato,Entretenimiento,0,25
3670,2025-01-27 08:23:00,59.61,Collier-White,Visa,Mobile,0,Chihuahua,Retail,0,47
3671,2025-01-27 14:35:00,27.11,Spears-Barrera,MasterCard,Mobile,0,CDMX,Restaurante,0,22
3672,2025-01-23 07:05:00,5.09,"Hill, Hopkins and Long",Amex,Tablet,0,Puebla,Restaurante,0,14
3673,2025-01-31 12:53:00,128.95,Watson-Schroeder,Amex,Desktop,0,Jalisco,Retail,0,41
3674,2025-01-04 08:32:00,11.83,"Trujillo, Vincent and Williams",MasterCard,Tablet,0,Jalisco,Servicios,0,31
3675,2025-02-04 22:06:00,93.73,Wilson PLC,Amex,Desktop,0,Jalisco,Supermercado,0,11
3676,2025-01-22 01:36:00,33,Paul-Crane,Amex,Mobile,0,CDMX,Supermercado,0,18
3677,2025-01-22 17:56:00,19.06,"Andersen, Gonzales and English",Visa,Desktop,0,Chihuahua,Turismo,0,43
3678,2025-01-15 11:02:00,47.76,"Dawson, Lane and Johnston",Amex,Tablet,0,Nuevo León,Turismo,0,47
3679,2025-02-02 17:52:00,161.67,Hoffman PLC,Discover,Tablet,0,Coahuila,Restaurante,0,25
3680,2025-01-22 13:54:00,49.77,Shannon Ltd,Discover,Tablet,0,Coahuila,Retail,0,1
3681,2025-01-29 02:43:00,138.94,Warren-Bradford,Visa,Tablet,0,EdoMex,Retail,0,11
3682,2025-01-18 08:28:00,13.41,Gonzalez Inc,MasterCard,Tablet,0,Jalisco,Entretenimiento,0,16
3683,2025-01-21 10:13:00,148.18,Floyd-Miller,Visa,Desktop,0,Coahuila,Restaurante,0,24
3684,2025-01-03 09:42:00,27.04,Smith PLC,MasterCard,Tablet,1,Nuevo León,Restaurante,0,4
3685,2025-01-01 06:51:00,113.13,Smith-Diaz,MasterCard,Mobile,0,Coahuila,Supermercado,0,26
3686,2025-02-02 19:41:00,83.42,"Soto, Faulkner and Friedman",MasterCard,Tablet,0,EdoMex,Supermercado,0,37
3687,2025-01-19 23:47:00,264.71,"Ramirez, Cain and Nelson",MasterCard,Desktop,0,Jalisco,Restaurante,0,6
3688,2025-01-14 16:59:00,48.99,Schwartz-Olson,MasterCard,Tablet,0,EdoMex,Servicios,0,43
3689,2025-01-09 03:05:00,6.85,Curtis-Steele,Visa,Tablet,0,Nuevo León,Restaurante,0,21
3690,2025-01-27 08:53:00,1.93,"Howard, Harrison and Long",MasterCard,Desktop,0,Veracruz,Entretenimiento,0,12
3691,2025-01-18 20:17:00,175.36,Allen LLC,Amex,Tablet,0,Veracruz,Electrónica,0,30
3692,2025-02-01 23:50:00,74.39,Jackson PLC,Amex,Desktop,0,Veracruz,Electrónica,0,15
3693,2025-01-05 11:22:00,149.27,Lambert Inc,MasterCard,Tablet,0,CDMX,Servicios,0,30
3694,2025-01-17 21:50:00,26.71,Powell LLC,Amex,Mobile,0,Sonora,Restaurante,0,27
3695,2025-01-04 07:44:00,42.32,Holt Ltd,Discover,Tablet,0,Jalisco,Entretenimiento,0,3
3696,2025-01-30 11:34:00,3.06,Paul-Jones,Visa,Desktop,0,Nuevo León,Electrónica,0,29
3697,2025-01-02 06:47:00,325.69,"Gregory, Dixon and Wood",Visa,Mobile,0,Tamaulipas,Entretenimiento,0,27
3698,2025-01-28 08:25:00,110.22,Sanchez PLC,MasterCard,Desktop,0,Sonora,Restaurante,0,46
3699,2025-01-17 09:06:00,270.61,Graves-Lawson,MasterCard,Tablet,0,Guanajuato,Entretenimiento,0,16
3700,2025-01-03 10:01:00,30.86,Walker-Hess,Discover,Mobile,0,Chihuahua,Electrónica,0,50
3701,2025-01-05 23:52:00,94.54,"Ward, Flores and West",MasterCard,Desktop,0,CDMX,Entretenimiento,0,27
3702,2025-02-03 07:32:00,113.48,Henderson-Schmidt,Amex,Mobile,0,EdoMex,Servicios,0,43
3703,2025-01-18 03:36:00,38.21,Hoover Inc,Discover,Mobile,0,Veracruz,Turismo,0,29
3704,2025-01-27 10:23:00,188.46,"Rios, Mitchell and Riggs",Amex,Desktop,0,Baja California,Turismo,0,42
3705,2025-01-14 11:15:00,294.05,Gardner LLC,Visa,Mobile,0,Baja California,Retail,0,17
3706,2025-01-12 00:33:00,216.16,Williams-Buchanan,Amex,Desktop,0,Nuevo León,Servicios,0,37
3707,2025-01-03 05:36:00,134.35,"Alexander, Duncan and Hensley",Visa,Mobile,0,Puebla,Retail,0,20
3708,2025-01-20 07:55:00,32.5,Scott and Sons,Amex,Mobile,0,Veracruz,Supermercado,0,43
3709,2025-01-25 11:30:00,33.08,"Johnson, Roberts and Long",Visa,Mobile,0,Veracruz,Retail,0,15
3710,2025-01-29 12:03:00,330.66,Cole-Wiggins,MasterCard,Tablet,0,CDMX,Supermercado,0,7
3711,2025-01-07 16:57:00,1.03,Shaw-Martin,Amex,Tablet,0,Puebla,Electrónica,0,4
3712,2025-02-03 16:21:00,125.9,Pittman Group,Visa,Desktop,0,Jalisco,Entretenimiento,0,37
3713,2025-01-25 14:18:00,122.5,Fox-West,Amex,Mobile,0,Nuevo León,Entretenimiento,0,37
3714,2025-01-07 09:42:00,97.47,"Sanford, Miller and Mills",Discover,Desktop,1,EdoMex,Electrónica,0,10
3715,2025-01-31 17:49:00,461.61,"Coleman, Rodriguez and Rodriguez",MasterCard,Tablet,0,Veracruz,Servicios,0,28
3716,2025-01-02 12:59:00,37.38,Joseph-Carter,Visa,Tablet,0,Sonora,Entretenimiento,0,29
3717,2025-02-05 12:35:00,41.55,"Brown, Hernandez and Mullins",Discover,Tablet,0,Puebla,Restaurante,0,1
3718,2025-01-29 19:16:00,8.22,"Munoz, Robbins and Ferguson",Amex,Tablet,0,Coahuila,Turismo,0,8
3719,2025-01-11 06:39:00,58.48,Lynch-Wong,Discover,Desktop,0,Tamaulipas,Retail,0,2
3720,2025-01-16 12:19:00,30.25,"Clark, Deleon and Chase",Amex,Mobile,0,EdoMex,Servicios,0,10
3721,2025-01-11 16:05:00,42.07,Wallace-Doyle,MasterCard,Desktop,0,Sonora,Turismo,0,38
3722,2025-01-21 02:01:00,179.92,Bell-Jacobson,Discover,Mobile,0,Nuevo León,Turismo,0,48
3723,2025-01-04 09:28:00,274.08,"Olson, Wilkinson and Jackson",MasterCard,Tablet,0,CDMX,Supermercado,0,11
3724,2025-01-13 21:54:00,20.55,Campos PLC,Visa,Mobile,0,Chihuahua,Retail,0,3
3725,2025-02-01 18:52:00,46.6,Payne LLC,Amex,Tablet,0,Tamaulipas,Restaurante,0,25
3726,2025-01-31 15:43:00,263.99,Martin and Sons,Amex,Desktop,0,Jalisco,Servicios,0,44
3727,2025-01-20 15:11:00,6.38,Harrison-Gonzales,MasterCard,Mobile,0,Baja California,Retail,0,42
3728,2025-01-22 12:40:00,9.69,Scott Inc,MasterCard,Desktop,0,Michoacán,Retail,0,25
3729,2025-01-22 05:13:00,17.77,"Davis, Graham and Lam",Visa,Tablet,0,CDMX,Turismo,0,19
3730,2025-01-09 02:43:00,90.44,Gonzales LLC,Discover,Desktop,0,Tamaulipas,Retail,0,8
3731,2025-01-11 22:28:00,16.31,"Matthews, Montgomery and Edwards",Amex,Tablet,0,Puebla,Electrónica,0,6
3732,2025-01-15 03:45:00,344.44,Brown-Reyes,Amex,Tablet,0,Chihuahua,Electrónica,0,20
3733,2025-01-27 19:22:00,59.19,"Glenn, Walsh and Mercado",Visa,Tablet,0,EdoMex,Retail,0,7
3734,2025-01-12 16:27:00,69.62,Clark LLC,Visa,Desktop,0,Veracruz,Retail,0,6
3735,2025-01-30 10:38:00,28.32,"Williams, Hunter and Wagner",MasterCard,Desktop,0,Guanajuato,Restaurante,0,8
3736,2025-01-22 20:19:00,63.67,"Moreno, Mitchell and Miller",MasterCard,Mobile,0,Sonora,Supermercado,0,16
3737,2025-02-02 14:51:00,108.45,Ramsey and Sons,Discover,Mobile,0,Sonora,Servicios,0,17
3738,2025-01-19 04:31:00,139.1,Jones LLC,Visa,Desktop,0,Chihuahua,Restaurante,0,16
3739,2025-01-09 00:48:00,140.19,Shaw LLC,Discover,Desktop,0,Guanajuato,Turismo,0,5
3740,2025-01-20 10:11:00,86.25,Smith-Harper,Visa,Desktop,0,Veracruz,Entretenimiento,0,13
3741,2025-01-21 15:08:00,234.72,Torres-Oliver,Amex,Desktop,0,Nuevo León,Entretenimiento,0,41
3742,2025-01-27 11:38:00,170.05,Douglas PLC,Visa,Tablet,0,Nuevo León,Electrónica,0,13
3743,2025-01-18 23:55:00,141.49,Lucas-Rodriguez,Visa,Tablet,0,Veracruz,Restaurante,0,9
3744,2025-01-30 07:39:00,5.72,"Parker, Valenzuela and Powell",Amex,Tablet,0,Nuevo León,Retail,0,34
3745,2025-01-28 20:44:00,0.69,Bush PLC,Visa,Desktop,0,Guanajuato,Turismo,0,7
3746,2025-01-26 15:03:00,23.88,Gray-Porter,Discover,Tablet,0,Tamaulipas,Entretenimiento,0,32
3747,2025-01-02 00:32:00,108.92,"Castaneda, Martin and Hoffman",MasterCard,Tablet,0,Nuevo León,Electrónica,0,21
3748,2025-01-12 22:48:00,52.97,Cunningham-Lawrence,MasterCard,Mobile,0,Veracruz,Servicios,0,25
3749,2025-01-07 14:37:00,51.48,"Jensen, Tran and Bennett",Discover,Mobile,0,Nuevo León,Retail,0,6
3750,2025-01-17 19:28:00,215.92,"Richards, Byrd and Meyer",Amex,Tablet,0,Veracruz,Servicios,0,42
3751,2025-01-08 17:37:00,225.92,Singh-Taylor,Visa,Tablet,0,Guanajuato,Restaurante,0,32
3752,2025-01-25 20:36:00,239.88,"Adams, Jones and Martinez",Discover,Tablet,0,Sonora,Restaurante,0,32
3753,2025-01-02 07:22:00,37.67,"Moore, Warren and Maldonado",MasterCard,Desktop,0,EdoMex,Entretenimiento,0,10
3754,2025-01-15 07:50:00,117.46,"Vargas, Owens and Castillo",MasterCard,Mobile,0,CDMX,Turismo,0,42
3755,2025-01-19 02:55:00,31.7,Arias-Robinson,Discover,Mobile,0,Coahuila,Entretenimiento,0,37
3756,2025-01-31 05:49:00,21.15,Brown-Lawson,MasterCard,Mobile,0,CDMX,Electrónica,0,41
3757,2025-01-30 05:55:00,20.41,Butler Inc,Discover,Tablet,0,Tamaulipas,Turismo,0,20
3758,2025-01-15 17:30:00,41.87,Baldwin-Lopez,MasterCard,Desktop,0,Coahuila,Servicios,0,4
3759,2025-01-29 08:19:00,56.2,Ellis-Wilson,Discover,Mobile,0,Veracruz,Restaurante,0,29
3760,2025-01-19 00:03:00,177.76,Foster-Salinas,Visa,Mobile,0,Tamaulipas,Electrónica,0,28
3761,2025-01-20 23:01:00,12.77,Roach Inc,Visa,Desktop,0,Michoacán,Supermercado,0,45
3762,2025-01-31 00:29:00,132.77,"Pruitt, Romero and Matthews",Visa,Tablet,0,EdoMex,Supermercado,0,33
3763,2025-01-08 09:44:00,75.81,Henry-Lee,Visa,Tablet,0,EdoMex,Turismo,0,16
3764,2025-01-13 00:58:00,33.96,"Griffith, Murphy and Harrington",MasterCard,Mobile,0,Jalisco,Entretenimiento,0,37
3765,2025-02-01 05:02:00,67.89,Rivera-Greene,Amex,Mobile,0,Nuevo León,Entretenimiento,0,22
3766,2025-01-31 14:17:00,35.66,Watson-Anderson,Discover,Desktop,0,Veracruz,Turismo,0,5
3767,2025-01-21 11:14:00,90.65,Perry and Sons,Amex,Mobile,0,Puebla,Entretenimiento,0,29
3768,2025-01-16 09:01:00,56.89,Carter-Rodgers,MasterCard,Desktop,0,EdoMex,Retail,0,30
3769,2025-01-16 09:58:00,17.96,Miller Group,MasterCard,Mobile,0,Coahuila,Entretenimiento,0,18
3770,2025-01-24 08:31:00,12.4,Nelson-Gibson,Amex,Mobile,0,Coahuila,Retail,0,7
3771,2025-01-16 23:28:00,79.12,"Erickson, Wheeler and Adams",Amex,Mobile,0,EdoMex,Electrónica,0,20
3772,2025-01-27 06:30:00,232.7,"Vargas, Reeves and Smith",MasterCard,Tablet,0,Veracruz,Restaurante,0,21
3773,2025-01-25 15:55:00,42.15,Davis Inc,MasterCard,Desktop,0,Veracruz,Entretenimiento,0,24
3774,2025-01-29 02:57:00,132.05,"Carter, Mccann and Avila",Discover,Desktop,0,Chihuahua,Electrónica,0,24
3775,2025-01-07 13:19:00,107.49,Wilson-Griffin,Visa,Tablet,0,Baja California,Supermercado,0,36
3776,2025-02-02 01:25:00,268.17,Adams Group,Visa,Tablet,0,Veracruz,Electrónica,0,26
3777,2025-01-24 07:30:00,172.03,Thomas-Buchanan,Discover,Tablet,0,CDMX,Turismo,0,31
3778,2025-01-11 01:31:00,83.61,Smith-Rodriguez,Amex,Desktop,0,Guanajuato,Servicios,0,13
3779,2025-01-07 20:42:00,107.01,Ramirez Ltd,MasterCard,Mobile,0,Baja California,Retail,0,23
3780,2025-01-03 22:31:00,228.66,"Cook, Hart and Horn",Amex,Tablet,0,Baja California,Entretenimiento,0,5
3781,2025-01-02 04:44:00,51,"Greene, Rivas and Stevens",Visa,Tablet,0,Veracruz,Turismo,0,19
3782,2025-01-29 01:36:00,39.57,Collins PLC,Visa,Tablet,0,Michoacán,Electrónica,0,4
3783,2025-01-30 02:51:00,1.09,"Bennett, Bryant and Mclaughlin",Amex,Mobile,0,Jalisco,Restaurante,0,25
3784,2025-01-06 08:06:00,175.19,Smith LLC,Visa,Mobile,0,Puebla,Supermercado,0,13
3785,2025-01-18 15:49:00,161.44,Smith Inc,MasterCard,Tablet,0,Baja California,Supermercado,0,4
3786,2025-01-12 00:52:00,11.03,Bowen Inc,Discover,Mobile,0,Tamaulipas,Retail,0,13
3787,2025-01-11 12:56:00,86,"Parrish, Davis and Mullins",Amex,Tablet,0,Guanajuato,Retail,0,18
3788,2025-01-18 10:25:00,62.36,"Hurley, Cantu and Aguilar",MasterCard,Mobile,0,CDMX,Restaurante,0,25
3789,2025-01-27 08:02:00,12.64,Jackson-Ward,MasterCard,Desktop,0,Guanajuato,Servicios,0,43
3790,2025-01-14 08:00:00,394.08,Villegas Inc,Visa,Desktop,0,Baja California,Servicios,0,4
3791,2025-01-29 11:48:00,24.17,"Ford, Figueroa and Schneider",MasterCard,Mobile,0,Michoacán,Turismo,0,22
3792,2025-01-25 09:45:00,6.96,Serrano-Reyes,Amex,Desktop,1,Baja California,Supermercado,0,32
3793,2025-01-08 21:13:00,90.35,Schwartz-Whitney,MasterCard,Desktop,0,Tamaulipas,Restaurante,0,8
3794,2025-02-01 01:51:00,134.27,Gomez Ltd,Discover,Desktop,0,Jalisco,Supermercado,0,47
3795,2025-01-07 08:20:00,3.3,Collins and Sons,MasterCard,Tablet,0,CDMX,Turismo,0,33
3796,2025-01-26 14:15:00,107.5,House-Johnson,MasterCard,Mobile,0,Guanajuato,Servicios,0,9
3797,2025-02-03 16:48:00,75.99,Williams-Washington,Discover,Mobile,0,Chihuahua,Restaurante,0,45
3798,2025-01-18 22:24:00,10.9,Jordan and Sons,MasterCard,Mobile,0,Tamaulipas,Supermercado,0,26
3799,2025-01-31 20:12:00,18.94,Nielsen-Armstrong,MasterCard,Desktop,0,Tamaulipas,Turismo,0,12
3800,2025-01-08 12:32:00,83.93,"Stuart, Gardner and Griffith",Visa,Tablet,0,Jalisco,Electrónica,0,29
3801,2025-01-27 17:41:00,35.15,"Mendez, Jackson and Johnson",Amex,Mobile,0,Coahuila,Turismo,0,16
3802,2025-01-16 18:11:00,278.57,Johnson-Dean,Visa,Desktop,0,Baja California,Turismo,0,40
3803,2025-01-29 00:46:00,170.78,Peterson LLC,Amex,Tablet,0,CDMX,Supermercado,0,42
3804,2025-01-07 16:43:00,410.85,Reed Group,Discover,Tablet,0,EdoMex,Turismo,0,3
3805,2025-01-10 12:49:00,30.07,"Rice, Bennett and Gardner",Discover,Mobile,0,Chihuahua,Servicios,0,15
3806,2025-01-01 12:38:00,349.74,Hernandez PLC,Discover,Mobile,0,Jalisco,Retail,0,26
3807,2025-01-20 11:31:00,56.43,Lee and Sons,Amex,Desktop,0,Guanajuato,Retail,0,49
3808,2025-02-02 00:58:00,42.7,Butler-Wilson,Amex,Mobile,0,Nuevo León,Servicios,0,47
3809,2025-02-05 14:40:00,5.17,"Martin, Johnson and Diaz",Amex,Desktop,0,Sonora,Turismo,0,25
3810,2025-01-03 09:04:00,5.42,Porter-Stewart,Discover,Tablet,0,Nuevo León,Entretenimiento,0,39
3811,2025-01-18 03:36:00,117.77,Powell and Sons,Amex,Tablet,0,Coahuila,Electrónica,0,44
3812,2025-01-08 07:27:00,61.24,Blair Ltd,MasterCard,Tablet,0,Nuevo León,Entretenimiento,0,50
3813,2025-01-12 18:30:00,25.69,Reilly Ltd,Visa,Tablet,0,CDMX,Entretenimiento,0,9
3814,2025-01-24 13:29:00,95.18,"Moore, Bates and Young",Discover,Mobile,0,Michoacán,Servicios,0,13
3815,2025-01-28 14:48:00,29.15,Gordon LLC,Visa,Mobile,0,EdoMex,Electrónica,0,43
3816,2025-01-13 21:32:00,86.19,"Ramos, Nguyen and Perry",MasterCard,Desktop,0,Michoacán,Restaurante,0,22
3817,2025-01-22 07:35:00,44.51,"Coffey, Everett and Romero",Amex,Desktop,0,Guanajuato,Restaurante,0,11
3818,2025-01-05 09:55:00,173.47,"Kent, Simon and Simpson",Visa,Desktop,0,Coahuila,Entretenimiento,0,18
3819,2025-01-20 17:52:00,171.87,Donovan LLC,MasterCard,Desktop,0,Tamaulipas,Turismo,0,31
3820,2025-01-07 00:49:00,64.88,Glass-Watkins,MasterCard,Desktop,0,Guanajuato,Supermercado,0,18
3821,2025-01-06 00:05:00,43.2,Kerr-Allison,Visa,Tablet,0,EdoMex,Retail,0,33
3822,2025-01-26 02:03:00,45.03,Norris Inc,Discover,Tablet,0,EdoMex,Entretenimiento,0,20
3823,2025-01-04 23:06:00,163.84,Sandoval-Clarke,Visa,Tablet,0,Jalisco,Restaurante,0,24
3824,2025-01-13 06:45:00,39.78,"Chambers, Reyes and Sandoval",Discover,Desktop,0,Chihuahua,Restaurante,0,20
3825,2025-02-04 20:11:00,23.45,Reese-Wells,Amex,Tablet,0,Puebla,Restaurante,0,27
3826,2025-01-31 13:33:00,8.85,Smith-Gardner,Discover,Tablet,0,Tamaulipas,Entretenimiento,0,38
3827,2025-01-23 10:42:00,62.87,Baker LLC,Amex,Tablet,0,Tamaulipas,Electrónica,0,19
3828,2025-02-04 00:17:00,65.8,Fernandez-Hernandez,Visa,Tablet,0,Baja California,Retail,0,46
3829,2025-01-30 09:34:00,183.83,"Moore, Marks and Marshall",Amex,Mobile,0,Nuevo León,Turismo,0,31
3830,2025-01-20 07:28:00,25.01,"Smith, Diaz and Beard",MasterCard,Desktop,0,Sonora,Turismo,0,30
3831,2025-01-26 15:23:00,47.96,Maynard-Kennedy,Amex,Desktop,0,Veracruz,Turismo,0,50
3832,2025-01-12 16:19:00,165.24,Randall Ltd,Discover,Mobile,0,Coahuila,Supermercado,0,5
3833,2025-01-13 00:47:00,173.51,Houston-Smith,Discover,Tablet,0,Jalisco,Restaurante,0,12
3834,2025-01-31 20:45:00,48.55,Moran-Hall,Discover,Tablet,0,Puebla,Restaurante,0,1
3835,2025-01-10 01:39:00,61.46,Smith and Sons,Amex,Tablet,0,Veracruz,Turismo,0,28
3836,2025-01-21 15:28:00,36.14,Rosario PLC,Discover,Desktop,0,EdoMex,Electrónica,0,9
3837,2025-01-16 11:54:00,269.64,Moreno-Jones,Discover,Desktop,0,Guanajuato,Servicios,0,6
3838,2025-01-24 07:36:00,12.63,Kaiser Inc,MasterCard,Desktop,0,Baja California,Entretenimiento,0,16
3839,2025-01-03 13:10:00,271.43,Guerrero and Sons,Amex,Desktop,0,Sonora,Entretenimiento,0,16
3840,2025-01-25 01:27:00,115.16,Lopez Inc,MasterCard,Desktop,0,Puebla,Servicios,0,14
3841,2025-01-27 09:05:00,75.84,Martin Inc,Discover,Mobile,0,Michoacán,Supermercado,0,34
3842,2025-01-14 13:34:00,3.32,Cervantes-Farmer,Discover,Desktop,0,Nuevo León,Electrónica,0,5
3843,2025-01-15 07:07:00,64.55,Underwood Ltd,Discover,Tablet,0,Nuevo León,Restaurante,0,9
3844,2025-01-31 12:45:00,52.38,Porter-Mcguire,Amex,Desktop,0,Veracruz,Supermercado,0,20
3845,2025-01-24 18:25:00,17.58,"Moody, Rivera and Jenkins",Visa,Mobile,1,CDMX,Retail,0,27
3846,2025-01-12 21:11:00,106.83,Anderson-Jordan,Discover,Tablet,0,Sonora,Turismo,0,20
3847,2025-01-08 01:07:00,354.57,Tyler PLC,Discover,Mobile,0,CDMX,Entretenimiento,0,13
3848,2025-01-18 09:27:00,82.6,Snyder-Boyd,Discover,Tablet,0,Jalisco,Restaurante,0,33
3849,2025-01-10 15:49:00,125.44,"Martin, Jackson and Gould",Discover,Desktop,0,Coahuila,Retail,0,18
3850,2025-01-27 10:55:00,7.09,Schultz Group,Amex,Mobile,0,Jalisco,Electrónica,0,23
3851,2025-01-22 19:43:00,54.07,Bradley-Bradshaw,Visa,Tablet,1,Coahuila,Retail,0,23
3852,2025-01-29 08:32:00,12.37,"Phillips, Johnson and Williams",Visa,Desktop,0,Jalisco,Servicios,0,34
3853,2025-01-09 10:19:00,94.88,Ramsey LLC,Visa,Tablet,0,Michoacán,Retail,0,1
3854,2025-01-16 12:57:00,278.84,"Rush, Richard and Mccoy",Discover,Mobile,0,Veracruz,Restaurante,0,44
3855,2025-01-05 14:49:00,108.41,"White, Hardin and Pollard",Discover,Mobile,0,Guanajuato,Electrónica,0,23
3856,2025-01-27 08:44:00,7.99,Davis-Mendoza,Visa,Mobile,0,Baja California,Servicios,0,15
3857,2025-01-28 04:53:00,43.8,Wood PLC,Visa,Mobile,0,Nuevo León,Turismo,0,1
3858,2025-01-20 10:01:00,80,Gray-Knox,Discover,Desktop,0,Guanajuato,Entretenimiento,0,33
3859,2025-01-19 05:25:00,51.62,Lewis-Beck,Discover,Tablet,0,Guanajuato,Servicios,0,15
3860,2025-01-17 17:39:00,179.36,Miller Ltd,MasterCard,Desktop,0,Coahuila,Servicios,0,24
3861,2025-01-09 09:26:00,168.56,Lee Ltd,MasterCard,Mobile,0,Sonora,Restaurante,0,20
3862,2025-01-26 22:04:00,94.63,Mcguire LLC,MasterCard,Tablet,0,EdoMex,Retail,0,44
3863,2025-01-24 21:32:00,46.75,"Thomas, Odom and Smith",Visa,Mobile,0,CDMX,Electrónica,0,16
3864,2025-01-03 06:38:00,29.48,"Brown, Harrison and Mercer",Amex,Desktop,0,Chihuahua,Supermercado,0,17
3865,2025-01-02 22:22:00,11.19,Ware Inc,Discover,Desktop,0,Puebla,Supermercado,0,42
3866,2025-01-05 14:23:00,43.83,Long-Thompson,MasterCard,Desktop,0,Guanajuato,Turismo,0,48
3867,2025-01-07 14:19:00,53.3,"Campbell, Campos and Mueller",Amex,Tablet,0,Nuevo León,Supermercado,0,11
3868,2025-01-07 02:14:00,112.65,"Holmes, Alvarado and Douglas",Discover,Tablet,0,Michoacán,Restaurante,0,22
3869,2025-01-31 13:03:00,107.34,"Shelton, Hess and Rojas",Amex,Mobile,0,Puebla,Supermercado,0,44
3870,2025-01-26 16:23:00,7.27,"Hayden, Martin and Johnson",Visa,Tablet,0,Coahuila,Supermercado,0,34
3871,2025-01-22 12:53:00,50.3,Moore Inc,Visa,Tablet,0,Sonora,Supermercado,0,16
3872,2025-01-15 00:14:00,20.06,Garcia-Rivera,Visa,Desktop,0,Coahuila,Retail,0,48
3873,2025-01-14 20:39:00,17.06,Bryant-Jones,MasterCard,Mobile,0,Coahuila,Supermercado,0,31
3874,2025-01-25 00:33:00,175.62,Thomas-Lane,Discover,Desktop,0,CDMX,Turismo,0,48
3875,2025-01-23 03:09:00,4.28,"Doyle, Chaney and White",Visa,Mobile,0,Nuevo León,Electrónica,0,31
3876,2025-01-14 23:20:00,54.33,Mora Group,MasterCard,Mobile,0,Tamaulipas,Retail,0,12
3877,2025-01-01 19:34:00,18.42,Johnson-Lopez,MasterCard,Tablet,0,Guanajuato,Retail,0,18
3878,2025-01-06 20:38:00,211.47,"Kennedy, Dickson and Phillips",MasterCard,Desktop,0,Tamaulipas,Restaurante,0,43
3879,2025-01-18 15:42:00,81.43,Torres-Massey,MasterCard,Tablet,0,Puebla,Retail,0,34
3880,2025-01-25 16:33:00,26.32,Roth Group,Visa,Tablet,0,Michoacán,Entretenimiento,0,47
3881,2025-01-20 12:55:00,69.8,Warren Inc,MasterCard,Tablet,0,Tamaulipas,Entretenimiento,0,38
3882,2025-01-25 07:48:00,131.49,Brock-Jones,Visa,Mobile,0,Coahuila,Servicios,0,27
3883,2025-01-30 02:46:00,317.29,Gilmore Group,Visa,Desktop,0,Coahuila,Restaurante,0,22
3884,2025-01-20 21:27:00,24.9,Heath PLC,MasterCard,Desktop,0,Veracruz,Servicios,0,25
3885,2025-01-11 09:21:00,217.32,"Flowers, Hughes and Weeks",Visa,Tablet,0,Puebla,Entretenimiento,0,49
3886,2025-01-16 03:42:00,272.27,Stone-Powell,Discover,Mobile,0,Sonora,Servicios,0,43
3887,2025-02-02 19:59:00,248.2,"Byrd, Williams and Sandoval",Discover,Desktop,0,CDMX,Entretenimiento,0,2
3888,2025-01-03 21:46:00,100.9,Williams-Harris,Amex,Desktop,0,Sonora,Restaurante,0,9
3889,2025-02-04 02:13:00,99.38,Palmer-Tucker,Discover,Tablet,0,Jalisco,Servicios,0,29
3890,2025-01-25 22:50:00,51.62,Powell-Lee,Visa,Mobile,0,Puebla,Retail,0,13
3891,2025-01-23 13:10:00,139.59,"Suarez, Martinez and Cruz",Visa,Tablet,0,EdoMex,Electrónica,0,9
3892,2025-01-09 13:52:00,75.78,Meyer Ltd,Discover,Desktop,0,Chihuahua,Retail,0,26
3893,2025-02-03 13:24:00,113.15,"Hernandez, Robinson and Bailey",MasterCard,Mobile,0,Tamaulipas,Servicios,0,45
3894,2025-01-11 18:50:00,55.94,Anderson Ltd,MasterCard,Tablet,0,EdoMex,Electrónica,0,21
3895,2025-01-11 10:33:00,131.49,Williamson-Cox,Visa,Desktop,0,Michoacán,Supermercado,0,23
3896,2025-01-04 15:50:00,174,Wilson-Mcdaniel,MasterCard,Tablet,0,Guanajuato,Entretenimiento,0,8
3897,2025-02-03 13:40:00,15.83,Figueroa-Ortiz,Amex,Tablet,0,Jalisco,Servicios,0,11
3898,2025-01-12 19:53:00,178.93,Martin-Melton,Amex,Tablet,0,Chihuahua,Restaurante,0,14
3899,2025-01-07 12:45:00,77.72,Higgins-Gould,Discover,Mobile,0,Sonora,Servicios,0,31
3900,2025-01-28 12:48:00,186.22,"Baker, Singleton and Hernandez",Discover,Desktop,0,CDMX,Electrónica,0,40
3901,2025-01-14 14:20:00,56.44,"Moore, Berg and Bush",MasterCard,Desktop,0,Michoacán,Servicios,0,49
3902,2025-01-18 00:34:00,47.65,"Chavez, Hensley and Ross",Visa,Desktop,0,Veracruz,Restaurante,0,34
3903,2025-02-05 05:41:00,246.58,"Wallace, Lynch and Moreno",Discover,Desktop,0,Coahuila,Supermercado,0,44
3904,2025-01-08 03:38:00,28.92,"Smith, Taylor and Lowe",Amex,Mobile,0,Michoacán,Turismo,0,11
3905,2025-01-18 02:58:00,185.93,Smith Inc,Discover,Tablet,0,Veracruz,Servicios,0,30
3906,2025-01-21 22:15:00,66.17,"Romero, Buchanan and Stokes",Discover,Desktop,0,CDMX,Entretenimiento,0,47
3907,2025-01-31 21:53:00,72.17,"Fuller, Rivera and Huynh",Amex,Mobile,0,EdoMex,Retail,0,34
3908,2025-01-06 15:22:00,36.88,Wood Inc,Visa,Tablet,0,EdoMex,Servicios,0,44
3909,2025-01-23 01:44:00,85.11,Hill-Huang,Discover,Mobile,0,Jalisco,Servicios,0,48
3910,2025-01-15 20:26:00,39.34,Green-Scott,Discover,Mobile,0,Chihuahua,Retail,0,8
3911,2025-02-04 05:43:00,4.01,Larson Ltd,Discover,Desktop,0,Veracruz,Entretenimiento,0,15
3912,2025-01-19 14:28:00,31.75,"Stewart, Silva and Gibbs",MasterCard,Desktop,0,Puebla,Electrónica,0,6
3913,2025-01-25 19:17:00,0.64,Burns PLC,Discover,Tablet,0,Coahuila,Entretenimiento,0,11
3914,2025-01-30 00:54:00,383.3,Woodard LLC,Amex,Tablet,0,Tamaulipas,Retail,0,34
3915,2025-02-03 04:13:00,337.4,"Fry, Patton and Woodard",Visa,Desktop,0,Baja California,Entretenimiento,0,39
3916,2025-01-06 17:39:00,50.28,"Hines, Johnson and Barnes",Visa,Mobile,0,Jalisco,Supermercado,0,26
3917,2025-01-24 01:07:00,130.33,"Reyes, Hicks and Herrera",Amex,Desktop,0,EdoMex,Restaurante,0,19
3918,2025-01-08 12:12:00,42.44,Anderson LLC,MasterCard,Tablet,0,Jalisco,Restaurante,0,4
3919,2025-01-25 17:31:00,111.2,"Mathis, Holder and Martin",Amex,Mobile,0,Michoacán,Entretenimiento,0,47
3920,2025-01-06 01:06:00,163.7,"Shannon, Sanford and Meza",Visa,Mobile,0,EdoMex,Restaurante,0,35
3921,2025-01-27 16:54:00,293.29,Moore-Ruiz,Amex,Mobile,0,Sonora,Retail,0,6
3922,2025-01-06 22:24:00,51.12,Watson and Sons,MasterCard,Desktop,0,Nuevo León,Turismo,0,36
3923,2025-01-01 07:49:00,152.92,Williams-Phillips,Visa,Desktop,0,Chihuahua,Entretenimiento,0,36
3924,2025-01-03 06:23:00,30.91,"Jones, Clark and Walker",MasterCard,Tablet,0,Puebla,Entretenimiento,0,28
3925,2025-01-29 22:00:00,463.9,Clay Ltd,Amex,Mobile,0,Tamaulipas,Turismo,0,36
3926,2025-01-17 05:32:00,2.61,"Hancock, Lane and Norris",Discover,Mobile,0,Puebla,Entretenimiento,0,22
3927,2025-01-08 05:46:00,92.52,Smith LLC,Amex,Desktop,0,Nuevo León,Servicios,0,13
3928,2025-02-05 13:00:00,107.74,"Patel, Moss and Dawson",MasterCard,Tablet,0,Michoacán,Retail,0,4
3929,2025-01-08 21:04:00,116.49,"Bradley, Cole and Ferguson",Amex,Tablet,0,CDMX,Servicios,0,26
3930,2025-01-22 03:18:00,12.83,Frazier-Sanchez,Discover,Mobile,0,Tamaulipas,Entretenimiento,0,12
3931,2025-02-03 14:15:00,278.92,White LLC,MasterCard,Desktop,0,Tamaulipas,Servicios,0,14
3932,2025-01-26 22:54:00,19.99,"Sanchez, Martin and Gilbert",Amex,Mobile,0,Guanajuato,Retail,0,13
3933,2025-01-18 04:13:00,97.49,Cherry Ltd,MasterCard,Desktop,0,Chihuahua,Turismo,0,25
3934,2025-01-13 22:53:00,25.19,"King, Davenport and Shelton",MasterCard,Tablet,0,Coahuila,Restaurante,0,34
3935,2025-01-11 03:12:00,36.7,"Riggs, Arnold and Garrett",Visa,Mobile,0,Sonora,Retail,0,29
3936,2025-01-20 13:52:00,79.07,"Hill, Fletcher and Lamb",Visa,Mobile,0,Sonora,Turismo,0,1
3937,2025-01-21 00:47:00,53.99,Johnson and Sons,MasterCard,Mobile,0,Sonora,Supermercado,0,48
3938,2025-01-01 18:21:00,17.46,Warner-Robinson,Amex,Tablet,0,Coahuila,Turismo,0,16
3939,2025-01-02 01:27:00,18.75,Armstrong Inc,Amex,Mobile,0,Veracruz,Electrónica,0,33
3940,2025-01-09 23:56:00,54.15,Larson-Anderson,Amex,Tablet,0,Tamaulipas,Turismo,0,29
3941,2025-01-28 13:47:00,141.59,Anderson-Carter,Discover,Desktop,0,Tamaulipas,Retail,0,18
3942,2025-01-10 03:27:00,228.24,Patterson-Ross,MasterCard,Tablet,0,Jalisco,Restaurante,0,18
3943,2025-01-25 03:26:00,8.79,Smith-Rodriguez,MasterCard,Desktop,0,Puebla,Turismo,0,47
3944,2025-02-05 14:45:00,49.94,Williams-Allen,Discover,Tablet,1,Guanajuato,Turismo,0,30
3945,2025-02-01 16:01:00,10.56,"Smith, Hill and Huerta",MasterCard,Tablet,0,Coahuila,Supermercado,0,35
3946,2025-01-22 06:27:00,1.67,"Pugh, Cherry and White",MasterCard,Mobile,0,Coahuila,Electrónica,0,28
3947,2025-02-02 08:41:00,108.39,"Gates, Peters and Torres",Discover,Tablet,0,CDMX,Retail,0,37
3948,2025-01-03 19:08:00,92.24,Hoover-Hicks,Visa,Mobile,0,Veracruz,Entretenimiento,0,38
3949,2025-02-02 23:26:00,17.8,"Reeves, Graham and Barnes",MasterCard,Desktop,0,Baja California,Entretenimiento,0,18
3950,2025-01-05 08:44:00,26.63,Myers-Delgado,Discover,Desktop,0,Veracruz,Restaurante,0,11
3951,2025-02-05 19:52:00,2.4,Powell PLC,Amex,Mobile,0,Baja California,Turismo,0,3
3952,2025-01-02 08:48:00,180.15,"Allen, Robertson and Williams",Visa,Desktop,0,Baja California,Restaurante,0,38
3953,2025-01-03 07:40:00,367.66,"Jones, Medina and Castro",Amex,Tablet,0,Veracruz,Restaurante,0,38
3954,2025-02-02 12:46:00,14.56,Richardson PLC,MasterCard,Mobile,0,Veracruz,Servicios,0,45
3955,2025-01-27 14:16:00,26.33,Vargas-Nichols,Visa,Mobile,0,Baja California,Retail,0,12
3956,2025-02-02 17:27:00,202.81,Rosario and Sons,Discover,Mobile,0,Sonora,Electrónica,0,10
3957,2025-01-24 04:34:00,261,"Ingram, Nelson and Smith",MasterCard,Desktop,0,Michoacán,Restaurante,0,30
3958,2025-02-04 15:35:00,54.41,Atkinson Ltd,Discover,Desktop,0,Michoacán,Restaurante,0,31
3959,2025-01-03 09:33:00,5.19,Ford-Jenkins,Visa,Tablet,0,Baja California,Restaurante,0,12
3960,2025-01-23 15:54:00,4.02,Cabrera Ltd,Amex,Tablet,0,Sonora,Turismo,0,32
3961,2025-01-19 18:11:00,85.32,"Hines, Mendez and Hansen",MasterCard,Mobile,0,Sonora,Electrónica,0,38
3962,2025-02-01 16:51:00,49.91,"Wright, Ford and Spencer",MasterCard,Tablet,0,Michoacán,Restaurante,0,7
3963,2025-02-01 03:14:00,2.91,Morales-Sandoval,Discover,Desktop,0,Coahuila,Restaurante,0,29
3964,2025-01-11 19:48:00,87.53,Hardy-Little,Visa,Tablet,0,Baja California,Electrónica,0,49
3965,2025-01-15 08:10:00,1.14,Stevenson LLC,Discover,Desktop,0,Tamaulipas,Retail,0,50
3966,2025-01-04 07:03:00,154.82,Castillo-Trevino,Visa,Tablet,0,Nuevo León,Restaurante,0,23
3967,2025-01-09 19:52:00,36.59,Larson-Mendez,MasterCard,Desktop,0,Puebla,Restaurante,0,8
3968,2025-01-25 14:31:00,4.11,"Stephens, Rosales and Dominguez",Visa,Desktop,0,Baja California,Servicios,0,47
3969,2025-01-06 18:22:00,88.76,Johnson-Sherman,MasterCard,Tablet,0,Chihuahua,Electrónica,0,44
3970,2025-01-28 03:28:00,50.7,Williams-Thomas,Visa,Tablet,0,Coahuila,Turismo,0,45
3971,2025-01-16 08:15:00,364.2,Bennett-Wilson,Amex,Desktop,0,Coahuila,Entretenimiento,0,40
3972,2025-02-01 17:26:00,78.57,Harper Ltd,Visa,Mobile,0,Sonora,Retail,0,9
3973,2025-01-18 13:26:00,32.19,Carpenter-Richards,Amex,Tablet,0,Nuevo León,Entretenimiento,0,35
3974,2025-01-31 04:54:00,123.59,Weber-Kelly,Visa,Desktop,0,Baja California,Restaurante,0,33
3975,2025-01-08 01:29:00,31.68,"Simon, Cooley and Newton",Visa,Tablet,0,Tamaulipas,Restaurante,0,18
3976,2025-02-03 02:51:00,234.59,Nguyen PLC,Discover,Tablet,0,Michoacán,Entretenimiento,0,13
3977,2025-02-03 21:29:00,46.96,"Castro, Chang and Brown",Discover,Tablet,0,Coahuila,Turismo,0,44
3978,2025-01-04 23:48:00,79.82,Martinez Ltd,MasterCard,Tablet,0,Nuevo León,Servicios,0,12
3979,2025-01-10 10:21:00,5.19,Castillo LLC,Discover,Tablet,0,Coahuila,Turismo,0,43
3980,2025-01-04 02:03:00,55.53,Woodward and Sons,Visa,Mobile,0,Guanajuato,Entretenimiento,0,17
3981,2025-02-01 18:49:00,178.6,"Reed, Davis and Young",Discover,Mobile,0,Nuevo León,Restaurante,0,49
3982,2025-01-07 14:11:00,163.81,Delgado Group,Visa,Mobile,0,Sonora,Retail,0,9
3983,2025-01-31 08:29:00,25.4,Anderson-Henry,Amex,Desktop,0,Michoacán,Servicios,0,36
3984,2025-01-02 20:07:00,25.63,Richardson and Sons,Visa,Mobile,0,CDMX,Electrónica,0,48
3985,2025-01-02 03:08:00,169.99,"Vega, Barber and Roberts",MasterCard,Mobile,0,EdoMex,Retail,0,50
3986,2025-01-19 22:57:00,266.5,"Maldonado, Gould and Duncan",Amex,Desktop,0,Jalisco,Turismo,0,31
3987,2025-01-03 21:33:00,10.02,Smith-Casey,MasterCard,Mobile,0,Jalisco,Supermercado,0,3
3988,2025-01-23 12:32:00,59.79,"Cox, Oliver and Nelson",MasterCard,Tablet,0,Tamaulipas,Supermercado,0,40
3989,2025-01-01 03:41:00,41.17,"Phillips, Austin and Steele",MasterCard,Mobile,0,Chihuahua,Supermercado,0,28
3990,2025-01-09 14:47:00,204.55,Williams LLC,Discover,Mobile,0,Coahuila,Entretenimiento,0,46
3991,2025-01-06 07:40:00,8.72,Lopez and Sons,MasterCard,Mobile,0,Jalisco,Retail,0,11
3992,2025-01-05 00:29:00,23.71,Drake LLC,Amex,Tablet,0,Baja California,Servicios,0,27
3993,2025-01-10 10:43:00,139.62,Warren-Sherman,Visa,Tablet,0,Veracruz,Electrónica,0,47
3994,2025-01-18 08:00:00,5.27,Davies PLC,MasterCard,Tablet,0,Chihuahua,Entretenimiento,0,50
3995,2025-01-22 10:21:00,67.83,Warner-Thompson,Amex,Tablet,0,Nuevo León,Electrónica,0,31
3996,2025-01-20 23:34:00,58.36,Murray-Barber,MasterCard,Desktop,0,Michoacán,Electrónica,0,10
3997,2025-01-21 08:50:00,40.71,Nelson and Sons,Visa,Tablet,0,Nuevo León,Entretenimiento,0,5
3998,2025-01-16 21:15:00,50.18,Adams PLC,Amex,Tablet,0,Michoacán,Turismo,0,15
3999,2025-02-02 15:23:00,75.49,Wright-Dominguez,Amex,Tablet,0,Tamaulipas,Entretenimiento,0,36
4000,2025-01-02 12:26:00,17.6,Davis Ltd,Visa,Tablet,0,Michoacán,Restaurante,0,20
4001,2025-02-01 04:42:00,84.86,"Johnson, Drake and Humphrey",Amex,Desktop,0,Baja California,Servicios,0,19
4002,2025-01-05 19:48:00,163.7,Gonzales-Spencer,Visa,Mobile,0,Sonora,Electrónica,0,42
4003,2025-01-20 03:24:00,142.78,"Gay, Gibson and Young",Amex,Mobile,0,Coahuila,Supermercado,0,48
4004,2025-01-08 05:52:00,16.71,Miranda-Gardner,Amex,Tablet,0,Michoacán,Servicios,0,11
4005,2025-01-17 19:03:00,16.16,Dodson-Lewis,Visa,Tablet,0,Nuevo León,Servicios,0,14
4006,2025-01-15 03:51:00,31.22,"English, Mccall and Nguyen",Visa,Tablet,0,CDMX,Turismo,0,41
4007,2025-01-06 12:05:00,44.8,"Brown, Stephens and Morgan",Amex,Mobile,0,Sonora,Electrónica,0,20
4008,2025-01-20 04:45:00,52.5,"Mcintyre, Walker and Coleman",Amex,Mobile,0,Guanajuato,Servicios,0,27
4009,2025-02-05 16:37:00,113.85,Mcgee LLC,Visa,Tablet,0,Chihuahua,Entretenimiento,0,7
4010,2025-01-30 12:52:00,5.84,"Harris, Pennington and Merritt",Discover,Mobile,0,Veracruz,Restaurante,0,11
4011,2025-01-02 19:23:00,3.53,"Small, Stephenson and Schwartz",Visa,Desktop,0,Baja California,Entretenimiento,0,26
4012,2025-01-13 08:06:00,49.74,"Davidson, Richardson and Leon",Amex,Tablet,0,Baja California,Supermercado,0,42
4013,2025-01-29 12:38:00,119.46,Castro LLC,Amex,Tablet,0,Michoacán,Turismo,0,43
4014,2025-01-13 20:14:00,21.5,Flores-Thomas,Amex,Desktop,0,Chihuahua,Turismo,0,4
4015,2025-01-19 01:02:00,102.58,Carlson PLC,Visa,Desktop,0,EdoMex,Restaurante,0,24
4016,2025-01-20 09:31:00,30.09,Wilson LLC,Amex,Mobile,0,Tamaulipas,Turismo,0,38
4017,2025-02-01 19:42:00,217.23,"Becker, Lucero and Rodriguez",Discover,Desktop,0,Nuevo León,Servicios,0,20
4018,2025-01-02 22:27:00,226.04,Morris-Valenzuela,MasterCard,Tablet,0,EdoMex,Entretenimiento,0,23
4019,2025-01-31 08:36:00,35.28,Gonzales-Jacobs,Discover,Mobile,0,Guanajuato,Retail,0,7
4020,2025-01-26 23:56:00,26.14,"Baker, Estrada and Bennett",Visa,Desktop,0,Sonora,Restaurante,0,20
4021,2025-01-17 19:27:00,52.98,Davis-Sanchez,Amex,Mobile,0,Coahuila,Servicios,0,27
4022,2025-02-03 15:43:00,27.51,Brown-Palmer,Visa,Mobile,0,Puebla,Supermercado,0,35
4023,2025-02-04 19:00:00,111.59,Walker LLC,MasterCard,Mobile,0,CDMX,Supermercado,0,24
4024,2025-01-17 15:16:00,174.91,Stewart-Baird,Visa,Mobile,0,Nuevo León,Servicios,0,49
4025,2025-01-20 09:46:00,111.81,Chapman Group,Amex,Desktop,0,EdoMex,Entretenimiento,0,14
4026,2025-01-13 03:07:00,173.93,"Hicks, Bryant and Sanders",MasterCard,Tablet,0,Tamaulipas,Entretenimiento,0,46
4027,2025-01-05 08:09:00,50.58,"Donovan, Mueller and Perez",MasterCard,Tablet,0,Chihuahua,Retail,0,26
4028,2025-01-13 05:22:00,17,Herrera-Mcdaniel,Amex,Desktop,0,Coahuila,Turismo,0,7
4029,2025-02-04 12:40:00,133.92,Harris-Davis,Amex,Tablet,0,Tamaulipas,Turismo,0,42
4030,2025-01-26 11:08:00,44.7,"Wilson, Moore and Todd",Amex,Mobile,0,Puebla,Retail,0,32
4031,2025-01-10 21:32:00,111.25,Smith-Wise,Visa,Mobile,0,CDMX,Restaurante,0,33
4032,2025-01-31 05:01:00,31.56,"Duffy, Ross and Wise",Discover,Mobile,0,EdoMex,Retail,0,41
4033,2025-01-24 04:18:00,8.47,"Strickland, Mcdonald and Shannon",Visa,Desktop,0,Nuevo León,Retail,0,43
4034,2025-01-27 02:42:00,490.38,"Freeman, Davis and King",Visa,Mobile,0,Sonora,Supermercado,0,7
4035,2025-01-13 14:28:00,16.98,"Hoffman, Porter and Cohen",Discover,Mobile,0,Puebla,Restaurante,0,15
4036,2025-01-01 00:52:00,445.86,Bond-Burke,Amex,Desktop,0,Sonora,Supermercado,0,26
4037,2025-01-25 07:19:00,378.45,Foster Group,Amex,Mobile,0,Guanajuato,Electrónica,0,40
4038,2025-01-19 06:50:00,157.9,Hawkins-Hicks,Discover,Mobile,0,Coahuila,Supermercado,0,17
4039,2025-02-01 09:52:00,107.71,Turner PLC,Discover,Tablet,0,Guanajuato,Electrónica,0,45
4040,2025-01-25 05:25:00,86.23,Cordova-Young,Visa,Desktop,0,Tamaulipas,Retail,0,5
4041,2025-01-06 06:43:00,201.07,Moreno PLC,MasterCard,Mobile,0,Jalisco,Entretenimiento,0,5
4042,2025-01-22 20:03:00,34.17,"Randall, Thomas and Sutton",Discover,Mobile,0,Jalisco,Supermercado,0,10
4043,2025-01-06 12:52:00,63.05,Arroyo Ltd,Visa,Mobile,0,Jalisco,Turismo,0,50
4044,2025-01-06 22:09:00,96.6,"Gross, Diaz and Wright",MasterCard,Mobile,0,Coahuila,Electrónica,0,38
4045,2025-02-03 20:55:00,52.97,Molina-Hall,Amex,Tablet,0,Veracruz,Supermercado,0,45
4046,2025-01-15 11:16:00,55.77,"Zhang, Warner and Michael",Amex,Tablet,0,Jalisco,Entretenimiento,0,13
4047,2025-01-16 11:08:00,40.09,Wallace-Martinez,Visa,Tablet,0,Baja California,Servicios,0,47
4048,2025-01-11 10:36:00,83.06,"Hinton, Vasquez and Lopez",Visa,Tablet,0,Coahuila,Servicios,0,44
4049,2025-01-26 00:21:00,190.1,Nunez and Sons,Discover,Desktop,0,EdoMex,Entretenimiento,0,40
4050,2025-01-04 23:28:00,22.51,Wilson Group,Amex,Mobile,0,CDMX,Supermercado,0,7
4051,2025-01-14 06:01:00,272.47,Johnson-Kelley,Visa,Tablet,0,Jalisco,Restaurante,0,28
4052,2025-01-12 17:05:00,116.82,Kelly-Lowe,Amex,Mobile,0,Puebla,Servicios,0,40
4053,2025-01-07 19:54:00,173.32,Castro-Turner,Amex,Desktop,0,Guanajuato,Turismo,0,48
4054,2025-01-05 12:13:00,81.24,Montgomery LLC,Discover,Mobile,0,Nuevo León,Servicios,0,26
4055,2025-01-25 04:44:00,151.19,Jacobs-Woodard,MasterCard,Mobile,0,Coahuila,Turismo,0,29
4056,2025-01-23 16:48:00,1.63,"Lynch, Hudson and Klein",Discover,Tablet,0,CDMX,Turismo,0,1
4057,2025-01-08 02:10:00,170.58,"Sanchez, Page and Parker",Visa,Tablet,0,Coahuila,Restaurante,0,43
4058,2025-01-14 07:01:00,4.1,Wright-Mckay,Discover,Desktop,0,Michoacán,Retail,0,11
4059,2025-01-07 16:24:00,220.65,Kerr-Gonzalez,Discover,Mobile,0,Tamaulipas,Retail,0,11
4060,2025-02-01 04:20:00,482.37,Kelly LLC,Amex,Tablet,0,Michoacán,Electrónica,0,24
4061,2025-01-09 04:51:00,34.82,Payne-Hernandez,Discover,Tablet,0,CDMX,Electrónica,0,49
4062,2025-01-10 02:47:00,23.61,"Williams, Robertson and Wilson",Visa,Tablet,0,Coahuila,Restaurante,0,20
4063,2025-01-26 03:24:00,144.97,Banks-Ruiz,MasterCard,Desktop,0,Nuevo León,Entretenimiento,0,22
4064,2025-01-29 04:37:00,29.17,Simpson-Berg,Discover,Mobile,0,Baja California,Electrónica,0,50
4065,2025-01-29 19:23:00,200.67,"Simmons, Allen and Ward",Discover,Tablet,0,Coahuila,Electrónica,0,17
4066,2025-01-20 06:05:00,10.85,"Smith, Thompson and Wallace",MasterCard,Mobile,0,CDMX,Turismo,0,9
4067,2025-01-12 08:51:00,13.46,Ramirez Group,Visa,Desktop,0,Coahuila,Turismo,0,33
4068,2025-01-25 23:54:00,387.05,Faulkner-Griffin,Visa,Mobile,0,EdoMex,Retail,0,35
4069,2025-01-08 22:26:00,112.04,"Liu, Taylor and Estes",Discover,Tablet,0,Guanajuato,Electrónica,0,39
4070,2025-01-28 05:16:00,187.66,"Ortiz, Patel and Martin",Amex,Mobile,0,Jalisco,Restaurante,0,26
4071,2025-01-04 11:59:00,39.2,Harmon and Sons,Discover,Mobile,0,Puebla,Restaurante,0,48
4072,2025-01-20 00:16:00,112.85,Abbott-Grant,MasterCard,Desktop,0,EdoMex,Restaurante,0,42
4073,2025-02-02 16:54:00,90.2,Reid Ltd,MasterCard,Desktop,0,Chihuahua,Turismo,0,50
4074,2025-01-24 20:30:00,92.42,Cunningham-Vaughn,MasterCard,Mobile,0,CDMX,Electrónica,0,27
4075,2025-01-12 05:47:00,114.74,Rojas Inc,Discover,Mobile,0,Nuevo León,Turismo,0,28
4076,2025-01-29 23:04:00,85.65,Cook-Myers,Discover,Mobile,0,Guanajuato,Entretenimiento,0,9
4077,2025-01-20 03:31:00,56.05,Holden-Williams,Visa,Desktop,0,Coahuila,Supermercado,0,25
4078,2025-02-04 04:07:00,32.29,Wright LLC,Amex,Desktop,0,CDMX,Supermercado,0,7
4079,2025-01-10 06:59:00,146.35,Terry-Dennis,Discover,Mobile,0,Michoacán,Retail,0,37
4080,2025-01-14 21:35:00,25.65,Woodard LLC,Visa,Desktop,0,Puebla,Servicios,0,20
4081,2025-01-03 15:06:00,117.88,Moon-Williams,Discover,Tablet,0,Jalisco,Electrónica,0,27
4082,2025-01-27 04:37:00,26.57,"Hodges, Lucero and Perkins",Visa,Desktop,0,Nuevo León,Entretenimiento,0,48
4083,2025-01-06 03:17:00,98.17,Brown Inc,Visa,Desktop,0,Puebla,Restaurante,0,47
4084,2025-01-08 02:21:00,137.47,Pham-Galloway,Amex,Desktop,0,Coahuila,Supermercado,0,28
4085,2025-01-04 09:07:00,24.68,Horton Inc,Discover,Tablet,0,CDMX,Servicios,0,13
4086,2025-02-04 07:09:00,6.18,Medina-Webb,Visa,Tablet,0,Nuevo León,Supermercado,0,2
4087,2025-02-03 01:31:00,14.04,"Pittman, Smith and Martin",MasterCard,Tablet,0,CDMX,Retail,0,38
4088,2025-01-22 06:25:00,93.14,Sherman Inc,MasterCard,Mobile,0,Nuevo León,Retail,0,18
4089,2025-01-26 14:45:00,189.34,Kerr PLC,MasterCard,Mobile,0,Nuevo León,Electrónica,0,40
4090,2025-01-22 11:29:00,4.6,"Gomez, Frazier and Ferguson",Amex,Tablet,0,Puebla,Retail,0,8
4091,2025-02-02 16:18:00,132.48,Norris LLC,Visa,Mobile,0,Jalisco,Servicios,0,50
4092,2025-02-04 15:52:00,41.75,"Solomon, Berg and Sullivan",Amex,Mobile,0,Nuevo León,Entretenimiento,0,45
4093,2025-01-17 07:34:00,65.11,Parker LLC,Discover,Mobile,0,Michoacán,Turismo,0,50
4094,2025-01-14 00:51:00,264.31,Simmons-Brown,Discover,Tablet,0,Michoacán,Electrónica,0,25
4095,2025-01-18 05:56:00,40.34,"Wilson, Richard and Moreno",Visa,Desktop,0,CDMX,Entretenimiento,0,27
4096,2025-01-19 15:43:00,62.61,Barnett Group,MasterCard,Tablet,0,Sonora,Retail,0,50
4097,2025-01-27 03:44:00,1.38,Williams and Sons,Visa,Tablet,0,Chihuahua,Entretenimiento,0,38
4098,2025-01-28 12:37:00,8.51,"Pierce, Scott and Nelson",Visa,Mobile,0,Sonora,Supermercado,0,4
4099,2025-01-13 21:02:00,29.92,Tate-Holland,Visa,Mobile,0,Sonora,Entretenimiento,0,32
4100,2025-01-11 09:22:00,2.82,Graham and Sons,Amex,Desktop,0,Nuevo León,Retail,0,45
4101,2025-01-07 00:33:00,99.8,"Green, Yang and Alvarez",Discover,Desktop,0,Jalisco,Supermercado,0,33
4102,2025-01-06 13:31:00,55.58,Davis and Sons,Visa,Desktop,0,Nuevo León,Entretenimiento,0,25
4103,2025-01-20 22:35:00,79.44,Cervantes Inc,Visa,Desktop,0,EdoMex,Supermercado,0,38
4104,2025-01-28 00:27:00,19.19,Mccann-Doyle,Visa,Tablet,0,Veracruz,Supermercado,0,49
4105,2025-01-07 15:44:00,35.09,"Caldwell, Le and Barton",Amex,Desktop,0,Nuevo León,Servicios,0,25
4106,2025-02-05 00:35:00,109.01,Jones Ltd,Amex,Tablet,0,Baja California,Entretenimiento,0,28
4107,2025-02-01 13:30:00,336.11,"Lopez, Perez and Taylor",Amex,Mobile,0,Guanajuato,Turismo,0,1
4108,2025-01-06 01:21:00,5.17,Thornton Group,Visa,Desktop,0,Jalisco,Servicios,0,3
4109,2025-01-04 04:56:00,221.08,Velasquez-Smith,MasterCard,Mobile,0,Tamaulipas,Retail,0,10
4110,2025-01-22 23:39:00,86.01,"Smith, Collins and Mercer",MasterCard,Mobile,0,EdoMex,Retail,0,31
4111,2025-01-28 11:50:00,82.99,Allen-Moran,MasterCard,Tablet,0,Nuevo León,Entretenimiento,0,44
4112,2025-01-13 20:58:00,69.37,Martin-Gardner,Discover,Desktop,0,Puebla,Restaurante,0,24
4113,2025-02-04 08:25:00,7.19,Powell Inc,Visa,Tablet,0,Guanajuato,Restaurante,0,8
4114,2025-02-02 04:39:00,9.42,"Brown, Campbell and Morales",MasterCard,Mobile,0,CDMX,Entretenimiento,0,37
4115,2025-01-23 07:53:00,91.86,Hartman-Griffith,MasterCard,Desktop,0,CDMX,Restaurante,0,20
4116,2025-01-31 11:06:00,41.7,Rosales-Cooper,MasterCard,Mobile,0,Baja California,Retail,0,38
4117,2025-01-24 11:38:00,249.21,"Hodge, King and Jackson",Visa,Mobile,0,Nuevo León,Entretenimiento,0,29
4118,2025-01-30 21:38:00,52.19,Rodriguez-Herrera,MasterCard,Desktop,0,Chihuahua,Turismo,0,20
4119,2025-01-25 08:02:00,15.46,Powers-Green,MasterCard,Desktop,0,Sonora,Turismo,0,34
4120,2025-01-23 16:34:00,125.43,Hicks Group,Visa,Desktop,0,Baja California,Servicios,0,49
4121,2025-01-31 14:58:00,34.72,Jenkins and Sons,Discover,Tablet,0,Baja California,Servicios,0,7
4122,2025-01-04 00:58:00,74.54,Smith PLC,Amex,Tablet,0,Guanajuato,Retail,0,6
4123,2025-01-17 18:01:00,119.68,"Mitchell, Gomez and Ochoa",MasterCard,Mobile,0,Veracruz,Restaurante,0,48
4124,2025-01-18 14:50:00,230.52,Wilson-Bentley,Amex,Desktop,0,Michoacán,Servicios,0,19
4125,2025-01-16 01:33:00,157.11,"Smith, Prince and Norton",Discover,Mobile,1,Michoacán,Supermercado,0,2
4126,2025-02-01 00:03:00,112.81,"White, Reid and Fischer",Discover,Mobile,0,Veracruz,Retail,0,46
4127,2025-01-26 02:49:00,113.83,Sanders Group,MasterCard,Mobile,0,Chihuahua,Turismo,0,46
4128,2025-02-02 17:35:00,291.74,Sanchez and Sons,Visa,Mobile,0,Guanajuato,Servicios,0,14
4129,2025-02-05 02:37:00,35.07,Olson Group,Discover,Mobile,0,Tamaulipas,Retail,0,7
4130,2025-01-27 23:36:00,0.11,"Baker, Fisher and Smith",Amex,Desktop,0,Baja California,Electrónica,0,10
4131,2025-01-07 18:59:00,31.74,Goodwin-Thompson,Amex,Tablet,0,Jalisco,Retail,0,40
4132,2025-01-30 02:30:00,24.58,Gardner-Mccoy,Amex,Desktop,0,Tamaulipas,Supermercado,0,46
4133,2025-01-15 16:53:00,108.42,Cameron Ltd,Amex,Desktop,0,Nuevo León,Entretenimiento,0,33
4134,2025-01-27 13:25:00,100.43,Morris-Turner,Discover,Desktop,0,Coahuila,Retail,0,18
4135,2025-01-05 19:16:00,90.01,Brown-Patton,MasterCard,Tablet,0,Chihuahua,Turismo,0,15
4136,2025-01-22 23:59:00,1.64,Young PLC,MasterCard,Tablet,0,Tamaulipas,Retail,0,48
4137,2025-01-30 10:57:00,130.48,Montoya-Kennedy,Amex,Tablet,0,Baja California,Restaurante,0,1
4138,2025-02-05 15:33:00,39.09,Graham Ltd,MasterCard,Desktop,0,Chihuahua,Restaurante,0,24
4139,2025-02-05 14:10:00,109.38,Elliott-Keller,Amex,Tablet,0,Jalisco,Supermercado,0,41
4140,2025-01-30 17:38:00,81.32,"Powers, Lozano and Stout",Amex,Mobile,0,EdoMex,Supermercado,0,34
4141,2025-02-04 18:35:00,41.97,Abbott-Ellison,Visa,Tablet,0,Tamaulipas,Restaurante,0,42
4142,2025-01-01 06:57:00,14.45,Webb and Sons,Discover,Desktop,1,Puebla,Electrónica,0,5
4143,2025-02-05 09:57:00,9.92,"Leach, Li and Fischer",Discover,Desktop,0,EdoMex,Turismo,0,29
4144,2025-01-24 16:00:00,178.09,"Vazquez, Schultz and Davis",Amex,Mobile,0,CDMX,Entretenimiento,0,4
4145,2025-01-19 18:29:00,250.59,Hamilton-Wells,Discover,Tablet,0,Nuevo León,Entretenimiento,0,1
4146,2025-02-01 13:34:00,104.92,Thomas PLC,MasterCard,Tablet,0,Veracruz,Servicios,0,27
4147,2025-01-20 02:03:00,10.92,Campbell-Good,Amex,Mobile,0,Coahuila,Supermercado,0,39
4148,2025-01-31 23:57:00,51.42,Dunn-Huff,Visa,Desktop,0,Tamaulipas,Supermercado,0,50
4149,2025-01-06 14:05:00,130.54,Brown-Conner,MasterCard,Desktop,0,EdoMex,Restaurante,0,40
4150,2025-01-30 00:23:00,151.33,Duncan-Cook,Visa,Tablet,0,Sonora,Turismo,0,42
4151,2025-01-07 06:11:00,12.58,Cole PLC,Visa,Tablet,0,Baja California,Electrónica,0,47
4152,2025-01-03 19:13:00,0,"Hernandez, Salinas and Anderson",Discover,Tablet,0,Puebla,Turismo,0,13
4153,2025-01-15 12:30:00,124.53,Brandt-Berry,Discover,Tablet,0,Chihuahua,Retail,0,15
4154,2025-01-20 08:25:00,44.1,Bridges-Murphy,Amex,Tablet,0,Sonora,Electrónica,0,6
4155,2025-01-04 06:17:00,29.37,Smith Inc,Discover,Desktop,0,Jalisco,Supermercado,0,35
4156,2025-02-05 04:52:00,1.3,"Jimenez, Ross and Contreras",Visa,Desktop,0,CDMX,Retail,0,9
4157,2025-01-06 02:39:00,77.72,Jacobs-Gardner,Visa,Desktop,0,Tamaulipas,Retail,0,3
4158,2025-01-29 21:23:00,190.48,Sanders LLC,MasterCard,Desktop,0,Chihuahua,Restaurante,0,36
4159,2025-01-04 01:59:00,316.14,Mueller Inc,Visa,Mobile,0,Jalisco,Electrónica,0,3
4160,2025-01-23 02:35:00,83.41,"Harding, Harris and Johnson",Amex,Desktop,0,Michoacán,Supermercado,0,10
4161,2025-02-01 03:02:00,72.25,Russo-Gonzalez,Amex,Mobile,0,Tamaulipas,Turismo,0,3
4162,2025-01-24 17:03:00,8.89,Rios-Huffman,Discover,Desktop,0,Veracruz,Restaurante,0,31
4163,2025-01-02 22:53:00,79.6,"Vaughan, Harvey and Cummings",Discover,Tablet,0,Nuevo León,Servicios,0,28
4164,2025-01-25 01:16:00,47.8,Crawford-Flynn,Discover,Tablet,0,Chihuahua,Electrónica,0,34
4165,2025-01-26 17:34:00,93.43,Burke-Neal,Amex,Tablet,0,Tamaulipas,Electrónica,0,38
4166,2025-01-02 14:38:00,49.22,Martin-Fleming,Visa,Mobile,0,Coahuila,Turismo,0,46
4167,2025-01-11 19:48:00,27.48,"Hines, Wright and Chambers",Discover,Desktop,0,Sonora,Restaurante,0,10
4168,2025-01-13 04:18:00,9.98,Hendricks-Acosta,MasterCard,Desktop,0,CDMX,Restaurante,0,47
4169,2025-01-24 21:26:00,37.82,"Green, Bryan and Collins",Discover,Mobile,0,Michoacán,Restaurante,0,14
4170,2025-01-31 02:11:00,10.16,Prince-Crosby,Amex,Mobile,0,Michoacán,Entretenimiento,0,18
4171,2025-01-27 02:10:00,19.47,"Stevenson, Barton and Owen",Discover,Mobile,0,Chihuahua,Entretenimiento,0,19
4172,2025-01-14 04:15:00,436.9,Lynn-Anderson,Visa,Mobile,0,Chihuahua,Electrónica,0,1
4173,2025-01-02 15:13:00,58.72,Chase-Smith,Discover,Mobile,0,Baja California,Servicios,0,20
4174,2025-01-11 14:37:00,75.9,Baker-Price,Amex,Tablet,0,CDMX,Supermercado,0,9
4175,2025-01-14 07:18:00,206.85,Spencer Inc,Amex,Desktop,0,Baja California,Electrónica,0,5
4176,2025-01-03 21:44:00,541.91,Mason PLC,MasterCard,Mobile,0,Guanajuato,Electrónica,0,6
4177,2025-02-04 21:02:00,87.4,"Roy, Bishop and Jackson",Amex,Tablet,0,Coahuila,Electrónica,0,40
4178,2025-01-02 19:27:00,167.38,Davis PLC,MasterCard,Mobile,0,Sonora,Retail,0,4
4179,2025-01-06 10:48:00,39.59,Walsh-Ortiz,Visa,Tablet,0,Sonora,Retail,0,36
4180,2025-01-12 19:14:00,36.49,Sanchez Inc,Amex,Mobile,0,Puebla,Entretenimiento,0,8
4181,2025-01-30 05:04:00,51.53,"Carrillo, Velasquez and Perez",Discover,Desktop,0,Nuevo León,Electrónica,0,22
4182,2025-01-26 13:16:00,111.63,"Dixon, Mitchell and Green",Visa,Mobile,0,Veracruz,Servicios,0,14
4183,2025-01-29 04:25:00,114.63,"Stevens, Arias and Castro",Discover,Mobile,0,Sonora,Electrónica,0,26
4184,2025-01-31 06:51:00,37.87,"Goodman, Green and Bradley",Discover,Desktop,0,Chihuahua,Supermercado,0,32
4185,2025-01-24 20:02:00,14.3,Butler PLC,Discover,Desktop,0,Chihuahua,Servicios,0,13
4186,2025-01-08 19:38:00,100.07,"Levy, Charles and Gillespie",Visa,Mobile,0,Tamaulipas,Electrónica,0,15
4187,2025-01-13 19:45:00,13.73,Maxwell LLC,Visa,Desktop,0,Baja California,Servicios,0,35
4188,2025-01-16 20:57:00,86.39,Charles Inc,Amex,Desktop,0,Baja California,Turismo,0,10
4189,2025-01-06 04:12:00,118.23,"Thornton, Moreno and Perry",Discover,Tablet,0,Tamaulipas,Electrónica,0,45
4190,2025-01-24 12:13:00,120.6,Reed Inc,MasterCard,Desktop,0,EdoMex,Turismo,0,14
4191,2025-01-05 17:20:00,140.03,Fields-Berry,Amex,Desktop,0,Sonora,Electrónica,0,31
4192,2025-01-05 23:45:00,206.25,Gregory-Butler,Visa,Mobile,0,Guanajuato,Electrónica,0,44
4193,2025-01-14 04:39:00,69.31,"Kelly, Hunt and Smith",MasterCard,Mobile,0,Coahuila,Retail,0,5
4194,2025-01-11 05:58:00,131.03,"Richardson, Christensen and Martinez",Visa,Tablet,0,Sonora,Turismo,0,40
4195,2025-01-12 22:24:00,96.54,"Mcmillan, Hanson and Lynn",MasterCard,Mobile,0,Veracruz,Retail,0,34
4196,2025-01-05 04:20:00,20.66,"Cobb, Morales and Brooks",Amex,Desktop,0,Sonora,Electrónica,0,25
4197,2025-01-14 06:42:00,2.6,Schroeder PLC,MasterCard,Desktop,0,Michoacán,Retail,0,31
4198,2025-01-21 10:26:00,33.48,Potter-Webster,Amex,Desktop,0,Chihuahua,Retail,0,15
4199,2025-01-28 09:31:00,58.53,Coleman Inc,Visa,Mobile,0,Coahuila,Supermercado,0,7
4200,2025-01-31 08:30:00,96,"Knight, Grant and Rowe",MasterCard,Desktop,0,Chihuahua,Restaurante,0,32
4201,2025-02-01 20:15:00,189.68,Henry and Sons,Discover,Desktop,0,Jalisco,Restaurante,0,5
4202,2025-01-02 17:38:00,21.85,Lee-Hahn,Discover,Tablet,0,Tamaulipas,Servicios,0,28
4203,2025-01-11 10:56:00,13.42,"Klein, Watson and Mason",Visa,Tablet,0,Baja California,Servicios,0,38
4204,2025-02-02 00:03:00,330.99,Smith LLC,MasterCard,Tablet,0,EdoMex,Supermercado,0,45
4205,2025-01-23 01:05:00,11.43,Cruz-Moss,Discover,Mobile,0,Veracruz,Retail,0,31
4206,2025-02-03 11:02:00,65.1,Garcia PLC,Amex,Desktop,0,Michoacán,Restaurante,0,4
4207,2025-01-10 15:04:00,88.08,Glass PLC,MasterCard,Desktop,0,Puebla,Retail,0,23
4208,2025-01-04 23:47:00,77.95,Evans and Sons,MasterCard,Desktop,0,Sonora,Restaurante,0,47
4209,2025-01-25 02:01:00,9,"Smith, Pierce and Johnson",Discover,Tablet,0,Puebla,Retail,0,3
4210,2025-01-12 01:28:00,5.87,Blankenship-Vincent,Amex,Desktop,0,Tamaulipas,Turismo,0,25
4211,2025-01-02 00:20:00,11.15,"Thomas, Fry and Allen",Amex,Desktop,0,Nuevo León,Retail,0,6
4212,2025-01-31 15:59:00,88.09,"Keller, Williams and Dyer",Amex,Desktop,0,Guanajuato,Supermercado,0,36
4213,2025-01-15 19:01:00,78.6,Washington-Bradley,MasterCard,Desktop,0,Guanajuato,Restaurante,0,48
4214,2025-01-04 21:55:00,26.62,Bauer and Sons,Visa,Desktop,0,Chihuahua,Retail,0,27
4215,2025-01-23 16:39:00,101.55,"Ashley, Burgess and Drake",MasterCard,Mobile,0,Baja California,Restaurante,0,7
4216,2025-01-26 12:52:00,171.52,Malone-Young,MasterCard,Desktop,0,Baja California,Supermercado,0,33
4217,2025-01-10 18:48:00,4.25,Lyons Inc,Discover,Mobile,0,Veracruz,Servicios,0,4
4218,2025-01-08 13:10:00,68.94,"Mcmillan, Floyd and Garner",Visa,Desktop,0,Michoacán,Turismo,0,49
4219,2025-01-01 10:43:00,116.9,"Martin, Brown and Ramos",Amex,Mobile,0,Puebla,Restaurante,0,40
4220,2025-01-17 22:00:00,29.08,"Harrison, Meyer and Coffey",Discover,Desktop,0,Chihuahua,Supermercado,0,26
4221,2025-01-28 18:54:00,36.78,Johnston-Woodward,MasterCard,Desktop,0,Veracruz,Servicios,0,12
4222,2025-01-21 17:44:00,95.1,"Howard, Huffman and Garcia",Visa,Desktop,0,Chihuahua,Entretenimiento,0,23
4223,2025-01-15 19:17:00,228.21,Martin Group,Amex,Desktop,0,Michoacán,Supermercado,0,2
4224,2025-01-30 14:36:00,166.03,Nichols Group,Amex,Tablet,0,Veracruz,Servicios,0,7
4225,2025-01-24 20:20:00,87.5,Oliver-Porter,MasterCard,Desktop,0,Baja California,Entretenimiento,0,40
4226,2025-01-18 17:51:00,131.02,"Gardner, Brock and Stafford",Amex,Mobile,0,Puebla,Electrónica,0,22
4227,2025-01-12 15:05:00,45.39,"Wallace, Douglas and Porter",Amex,Tablet,0,Chihuahua,Entretenimiento,0,50
4228,2025-01-08 00:58:00,102.43,Martin Group,Visa,Tablet,0,Nuevo León,Servicios,0,16
4229,2025-01-07 21:16:00,62.77,Larsen-Blackburn,Discover,Desktop,0,Veracruz,Turismo,0,50
4230,2025-01-06 10:37:00,21.06,"Glover, Swanson and Caldwell",Visa,Mobile,0,Michoacán,Electrónica,0,8
4231,2025-01-16 14:44:00,120.98,Brown-Reyes,Discover,Mobile,1,Tamaulipas,Entretenimiento,0,3
4232,2025-02-05 08:05:00,81.3,"Jenkins, Johnson and Hughes",Discover,Tablet,0,Guanajuato,Electrónica,0,49
4233,2025-01-25 19:34:00,44.41,"Harrison, Powell and Stephenson",Discover,Mobile,0,Baja California,Servicios,0,26
4234,2025-01-07 09:32:00,242.29,"Miller, Johnson and Wagner",Amex,Desktop,0,Veracruz,Electrónica,0,21
4235,2025-01-02 19:52:00,2.12,Woodward and Sons,Visa,Desktop,0,Jalisco,Electrónica,0,39
4236,2025-02-01 04:49:00,37.95,"Martinez, Santos and Hahn",Amex,Desktop,0,Coahuila,Supermercado,0,23
4237,2025-02-05 11:07:00,5.86,"Parker, Clark and Williams",MasterCard,Desktop,0,CDMX,Turismo,0,48
4238,2025-01-23 23:45:00,145.47,Myers PLC,Visa,Desktop,0,Jalisco,Supermercado,0,28
4239,2025-01-03 15:47:00,121.1,Meyer Inc,Discover,Tablet,0,Baja California,Entretenimiento,0,14
4240,2025-02-01 18:22:00,40.25,Phillips LLC,Amex,Desktop,0,Tamaulipas,Supermercado,0,47
4241,2025-01-25 10:47:00,112.6,Moore-Jordan,Amex,Desktop,0,EdoMex,Turismo,0,26
4242,2025-01-15 05:33:00,50.41,Day Ltd,Visa,Tablet,0,Puebla,Entretenimiento,0,10
4243,2025-01-09 22:05:00,141.16,"Martin, Jones and Harrell",Visa,Tablet,0,Veracruz,Turismo,0,11
4244,2025-01-03 19:34:00,60.55,Mercer Ltd,Discover,Tablet,0,Chihuahua,Electrónica,0,44
4245,2025-01-06 19:55:00,53.15,Mendez Group,Discover,Mobile,0,Chihuahua,Entretenimiento,0,1
4246,2025-02-05 09:29:00,272.92,Johnson-Flores,MasterCard,Mobile,0,Nuevo León,Retail,0,34
4247,2025-01-31 13:19:00,28.89,Pena Group,Discover,Desktop,0,Coahuila,Supermercado,0,29
4248,2025-01-12 22:46:00,12.83,Holt Inc,Amex,Desktop,0,Michoacán,Electrónica,0,45
4249,2025-02-04 10:49:00,87.84,"Bowman, Simmons and Sanchez",MasterCard,Desktop,0,Baja California,Turismo,0,50
4250,2025-02-01 03:56:00,348.42,Carter-Bass,MasterCard,Mobile,0,Guanajuato,Servicios,0,25
4251,2025-01-21 18:08:00,47.46,"Gardner, Leonard and Anderson",MasterCard,Desktop,0,Tamaulipas,Turismo,0,31
4252,2025-02-01 22:39:00,6.4,Warren-Mora,Visa,Desktop,0,Guanajuato,Turismo,0,40
4253,2025-01-06 07:14:00,41.45,Aguilar Inc,Discover,Mobile,0,Jalisco,Entretenimiento,0,48
4254,2025-01-10 15:31:00,70.51,"Rodriguez, Martinez and Mckee",MasterCard,Tablet,0,Michoacán,Retail,0,28
4255,2025-01-04 14:14:00,17.66,Hernandez Inc,Visa,Mobile,0,Puebla,Electrónica,0,31
4256,2025-01-24 18:05:00,107.32,Brooks-French,Visa,Desktop,0,CDMX,Turismo,0,37
4257,2025-01-01 05:21:00,609.66,Ryan LLC,MasterCard,Mobile,0,Veracruz,Restaurante,0,19
4258,2025-01-04 11:47:00,60.1,Fuller LLC,MasterCard,Tablet,0,Coahuila,Supermercado,0,35
4259,2025-01-30 17:14:00,43.81,Lambert and Sons,Amex,Tablet,0,Jalisco,Turismo,0,15
4260,2025-01-18 06:20:00,51.2,"Wheeler, King and Anderson",MasterCard,Tablet,0,Tamaulipas,Supermercado,0,18
4261,2025-01-27 13:06:00,12.23,Barnes-Burns,Amex,Tablet,0,CDMX,Retail,0,26
4262,2025-01-17 11:06:00,214.79,Rivas Ltd,MasterCard,Tablet,0,Sonora,Turismo,0,5
4263,2025-01-05 23:38:00,53.58,Martinez Ltd,MasterCard,Tablet,0,Guanajuato,Retail,0,37
4264,2025-02-03 07:38:00,48.98,"Eaton, Adams and Hudson",Discover,Desktop,0,Puebla,Servicios,0,4
4265,2025-01-19 13:12:00,107.79,"Nunez, Ayers and Rodriguez",MasterCard,Desktop,0,Nuevo León,Servicios,0,20
4266,2025-01-05 05:07:00,58.35,Abbott-Morgan,MasterCard,Mobile,0,Tamaulipas,Restaurante,0,34
4267,2025-01-08 18:00:00,104.48,"Simpson, Rose and Hickman",Amex,Desktop,0,EdoMex,Restaurante,0,50
4268,2025-01-08 15:04:00,6.34,Robbins PLC,Amex,Tablet,0,Chihuahua,Retail,0,25
4269,2025-01-02 07:59:00,168.05,Meyer-Wilson,Discover,Desktop,0,Baja California,Electrónica,0,12
4270,2025-01-04 07:25:00,282.18,Dunn LLC,MasterCard,Mobile,0,Coahuila,Supermercado,0,44
4271,2025-01-22 14:48:00,104.63,Palmer LLC,MasterCard,Tablet,0,Jalisco,Servicios,0,35
4272,2025-01-17 07:34:00,309.15,Reed and Sons,Amex,Desktop,0,CDMX,Restaurante,0,3
4273,2025-02-03 12:16:00,16.42,Powell Ltd,Visa,Desktop,0,Sonora,Turismo,0,22
4274,2025-01-15 16:25:00,64.9,Tran-Martinez,Visa,Mobile,0,Tamaulipas,Electrónica,0,7
4275,2025-01-17 04:32:00,92.08,"Hardin, Savage and Williams",Visa,Tablet,0,Chihuahua,Entretenimiento,0,11
4276,2025-01-11 18:15:00,87.16,Wiggins-Gutierrez,Amex,Mobile,0,Veracruz,Restaurante,0,9
4277,2025-02-01 12:51:00,51.33,Short Ltd,Amex,Tablet,0,Guanajuato,Electrónica,0,10
4278,2025-01-24 10:07:00,41.26,Ferguson and Sons,Visa,Tablet,0,EdoMex,Supermercado,0,42
4279,2025-01-26 16:42:00,13.56,Long and Sons,Visa,Desktop,0,Nuevo León,Retail,0,4
4280,2025-01-29 17:41:00,49.72,"Wilson, Figueroa and Guzman",MasterCard,Mobile,0,CDMX,Supermercado,0,32
4281,2025-01-17 15:03:00,17.75,Chandler-Stanton,Amex,Mobile,0,Veracruz,Retail,0,41
4282,2025-01-08 15:30:00,132.56,"Vazquez, Brown and Ramirez",Amex,Mobile,0,CDMX,Retail,0,13
4283,2025-02-04 23:42:00,23.42,Bailey Inc,Visa,Tablet,0,Sonora,Turismo,0,23
4284,2025-02-02 07:30:00,6.04,Patton-Clark,Visa,Mobile,0,Puebla,Entretenimiento,0,21
4285,2025-01-04 09:59:00,80.38,Webster-James,Discover,Tablet,0,Michoacán,Entretenimiento,0,40
4286,2025-01-28 01:25:00,90.44,"Faulkner, Taylor and Hutchinson",Amex,Mobile,0,Sonora,Entretenimiento,0,31
4287,2025-01-04 17:11:00,205.5,"Murray, Everett and Rodgers",Discover,Mobile,0,Chihuahua,Retail,0,10
4288,2025-01-24 08:53:00,86.03,Miller-Rogers,MasterCard,Desktop,0,CDMX,Electrónica,0,15
4289,2025-01-10 19:28:00,42.39,"Bishop, Adams and Guerrero",Discover,Mobile,0,EdoMex,Retail,0,48
4290,2025-01-20 21:32:00,162.46,"Williams, Butler and Garcia",Visa,Desktop,0,EdoMex,Servicios,0,2
4291,2025-01-31 17:59:00,77.71,Bradshaw PLC,Amex,Desktop,0,CDMX,Supermercado,0,49
4292,2025-01-10 08:03:00,8.26,Gilbert-Gillespie,Amex,Tablet,0,Puebla,Supermercado,0,31
4293,2025-01-21 01:06:00,83.44,Williams-Collins,Discover,Mobile,0,CDMX,Turismo,0,30
4294,2025-01-20 10:45:00,238.62,Townsend Inc,Discover,Mobile,0,Tamaulipas,Restaurante,0,44
4295,2025-02-02 21:45:00,50.47,Frye and Sons,MasterCard,Mobile,0,Nuevo León,Restaurante,0,26
4296,2025-01-04 19:02:00,35.14,Mccall-Brown,MasterCard,Desktop,0,Guanajuato,Electrónica,0,33
4297,2025-02-02 03:01:00,15.49,Guzman Inc,Visa,Mobile,0,Veracruz,Electrónica,0,25
4298,2025-01-09 09:26:00,16.42,Shelton-Munoz,Visa,Tablet,0,Chihuahua,Supermercado,0,40
4299,2025-01-07 08:50:00,56.7,"Young, Good and Jackson",Visa,Tablet,0,Veracruz,Servicios,0,47
4300,2025-01-05 09:47:00,90.55,Bishop-Perry,Discover,Mobile,0,Jalisco,Restaurante,0,17
4301,2025-01-25 17:37:00,8.41,Perry and Sons,Discover,Desktop,1,Puebla,Electrónica,0,11
4302,2025-01-25 08:38:00,280.62,James-Cummings,Amex,Tablet,0,Veracruz,Servicios,0,47
4303,2025-01-09 21:43:00,140.7,"Schultz, Hernandez and Gallagher",Visa,Tablet,0,Tamaulipas,Servicios,0,19
4304,2025-01-09 17:54:00,88.34,"Davis, Lopez and Griffin",Discover,Desktop,0,Puebla,Supermercado,0,33
4305,2025-01-15 04:24:00,176.28,Simmons Group,Amex,Tablet,0,EdoMex,Electrónica,0,12
4306,2025-01-22 06:35:00,8.36,"Gilmore, Foley and Smith",Visa,Desktop,0,Guanajuato,Electrónica,0,22
4307,2025-01-10 07:06:00,64.79,Brooks LLC,MasterCard,Tablet,0,Puebla,Turismo,0,35
4308,2025-01-12 07:02:00,99.45,"Andrews, Chase and Pearson",MasterCard,Desktop,0,Sonora,Servicios,0,20
4309,2025-02-04 01:07:00,176.41,Woodard-Hughes,Discover,Tablet,0,Puebla,Electrónica,0,28
4310,2025-01-17 12:25:00,153,Martinez-Johnson,Amex,Mobile,0,CDMX,Retail,0,22
4311,2025-01-11 14:21:00,32.44,Mccarthy LLC,MasterCard,Tablet,0,Sonora,Entretenimiento,0,8
4312,2025-01-01 17:33:00,282.82,Miller Inc,Amex,Tablet,0,Veracruz,Supermercado,0,41
4313,2025-01-20 08:09:00,13.28,Montgomery PLC,Amex,Mobile,0,EdoMex,Restaurante,0,36
4314,2025-01-14 02:05:00,208.05,"Perry, King and Fisher",MasterCard,Mobile,0,CDMX,Supermercado,0,24
4315,2025-01-06 23:11:00,353.84,Hardin-Allen,Amex,Mobile,0,Baja California,Retail,0,29
4316,2025-02-01 08:36:00,19.5,"Villa, Olson and Lee",MasterCard,Mobile,0,EdoMex,Retail,0,10
4317,2025-01-12 06:16:00,128.04,"Weber, Werner and Long",Discover,Desktop,0,Sonora,Retail,0,26
4318,2025-01-07 07:38:00,4.11,"Douglas, Russo and Chandler",Visa,Desktop,0,Baja California,Servicios,0,47
4319,2025-01-02 21:32:00,51.99,"Bishop, Lee and Smith",Visa,Tablet,0,CDMX,Supermercado,0,17
4320,2025-01-27 20:09:00,72.63,Melton-Martinez,Discover,Tablet,0,Nuevo León,Retail,0,20
4321,2025-01-04 12:14:00,86.9,Lyons-Jackson,MasterCard,Tablet,0,Chihuahua,Electrónica,0,44
4322,2025-01-04 14:36:00,274.79,"Parsons, Pitts and Griffin",MasterCard,Desktop,0,Tamaulipas,Retail,0,2
4323,2025-01-02 13:21:00,111.55,Fry Inc,MasterCard,Tablet,0,Sonora,Electrónica,0,34
4324,2025-01-28 05:46:00,65.64,"Stone, Mahoney and Zhang",MasterCard,Tablet,0,Puebla,Restaurante,0,43
4325,2025-02-04 20:34:00,165.9,Jones-Velasquez,Discover,Desktop,0,EdoMex,Entretenimiento,0,46
4326,2025-01-06 23:53:00,300.64,"Burns, Baldwin and Andersen",Visa,Tablet,0,Veracruz,Turismo,0,12
4327,2025-01-27 02:24:00,2.23,Snyder-Medina,Amex,Desktop,0,Jalisco,Entretenimiento,0,50
4328,2025-01-24 02:22:00,404.68,"Chase, Williams and Hamilton",Amex,Desktop,0,Guanajuato,Retail,0,14
4329,2025-01-03 15:35:00,9.01,"Brown, Cowan and Murray",Visa,Mobile,0,Baja California,Supermercado,0,15
4330,2025-01-09 01:41:00,168.41,"Johnson, Wheeler and Perkins",Discover,Mobile,0,Sonora,Turismo,0,33
4331,2025-01-29 18:28:00,32.9,"Bailey, Griffith and Morales",Amex,Desktop,0,Coahuila,Restaurante,0,16
4332,2025-01-26 07:25:00,14.18,Stewart-Smith,Visa,Desktop,0,Nuevo León,Entretenimiento,0,11
4333,2025-01-14 20:38:00,57.96,Lowe-Alexander,Discover,Mobile,0,Coahuila,Electrónica,0,22
4334,2025-01-19 15:37:00,103.27,Proctor and Sons,Amex,Tablet,0,Chihuahua,Entretenimiento,0,7
4335,2025-01-05 02:18:00,47.96,"Jones, Gonzales and Collier",MasterCard,Tablet,0,CDMX,Entretenimiento,0,26
4336,2025-01-19 00:19:00,5.61,"White, Cummings and Gross",MasterCard,Tablet,0,Sonora,Electrónica,0,38
4337,2025-01-31 02:33:00,91.49,"Foster, Wagner and Dunn",Discover,Desktop,1,Veracruz,Supermercado,0,33
4338,2025-02-01 11:25:00,232.69,Harrell LLC,MasterCard,Mobile,0,Sonora,Restaurante,0,48
4339,2025-01-30 07:08:00,48.32,Collins-Johns,Discover,Tablet,0,Tamaulipas,Entretenimiento,0,15
4340,2025-01-19 15:31:00,24.38,Mendoza Group,Visa,Mobile,0,Sonora,Entretenimiento,0,43
4341,2025-01-06 06:00:00,58.44,Schneider-Torres,Visa,Mobile,0,Jalisco,Turismo,0,27
4342,2025-01-02 02:41:00,4.96,"Ellison, Carter and York",Amex,Desktop,0,Michoacán,Supermercado,0,37
4343,2025-01-04 21:48:00,171.75,Rivera Ltd,Discover,Tablet,0,Coahuila,Retail,0,22
4344,2025-01-12 13:51:00,175.07,Graves-Skinner,Amex,Mobile,0,Baja California,Turismo,0,22
4345,2025-01-26 18:36:00,88.67,Boyd LLC,Amex,Desktop,0,Chihuahua,Supermercado,0,8
4346,2025-02-05 19:30:00,43.56,Pope-Miller,Visa,Desktop,0,Jalisco,Supermercado,0,44
4347,2025-01-21 02:20:00,160.84,Morris LLC,Amex,Desktop,0,EdoMex,Turismo,0,37
4348,2025-01-28 17:02:00,80.9,Peters-Herrera,MasterCard,Tablet,0,EdoMex,Turismo,0,46
4349,2025-01-24 23:19:00,174.83,Butler-Oconnor,Amex,Tablet,0,Tamaulipas,Turismo,0,28
4350,2025-02-01 06:04:00,99.82,"Hayes, Willis and Bell",Discover,Desktop,0,Tamaulipas,Entretenimiento,0,30
4351,2025-01-26 22:30:00,153.44,Jensen Group,MasterCard,Tablet,0,Coahuila,Electrónica,0,30
4352,2025-01-28 06:44:00,91.27,"Davis, Rose and Foster",Visa,Tablet,0,Chihuahua,Retail,0,22
4353,2025-01-24 14:30:00,53.47,Acosta and Sons,Discover,Mobile,0,Puebla,Electrónica,0,4
4354,2025-01-12 09:13:00,316.88,Williams Ltd,MasterCard,Desktop,0,EdoMex,Retail,0,23
4355,2025-01-10 07:12:00,77.9,White-Shannon,Discover,Desktop,0,CDMX,Restaurante,0,44
4356,2025-01-31 02:47:00,92.91,Nicholson-Johnson,MasterCard,Tablet,0,Guanajuato,Servicios,0,30
4357,2025-01-06 23:58:00,24.91,Mcclure PLC,Discover,Desktop,0,Veracruz,Servicios,0,25
4358,2025-01-24 10:08:00,98.26,"Rivera, Adams and Davis",Discover,Desktop,0,Veracruz,Retail,0,33
4359,2025-01-11 09:08:00,84.77,Vazquez PLC,MasterCard,Desktop,0,Sonora,Electrónica,0,19
4360,2025-02-05 01:57:00,20.44,Matthews LLC,Visa,Tablet,0,CDMX,Supermercado,0,38
4361,2025-01-29 20:07:00,6.14,Velez-Sullivan,Visa,Tablet,0,EdoMex,Supermercado,0,49
4362,2025-02-05 02:45:00,92.72,"Martinez, Powell and Gray",Discover,Tablet,0,Michoacán,Turismo,0,26
4363,2025-01-17 09:14:00,144.26,Jackson Ltd,Discover,Mobile,0,Jalisco,Supermercado,0,4
4364,2025-01-05 00:14:00,74.11,Long-Chambers,Visa,Desktop,1,Sonora,Retail,0,27
4365,2025-01-13 00:59:00,25.72,"Bradley, Bradley and Lewis",Visa,Mobile,0,Nuevo León,Servicios,0,10
4366,2025-01-02 06:14:00,109.82,Hall Group,Amex,Tablet,0,Baja California,Retail,0,9
4367,2025-01-14 01:55:00,8.35,Buck PLC,Visa,Mobile,0,CDMX,Entretenimiento,0,1
4368,2025-01-13 20:08:00,58.31,Castro-Nicholson,Discover,Desktop,0,CDMX,Supermercado,0,25
4369,2025-01-24 22:20:00,17.84,"Lynch, Matthews and Hopkins",MasterCard,Desktop,1,Veracruz,Entretenimiento,0,19
4370,2025-01-17 16:38:00,20.39,Greene-Hayden,Visa,Tablet,0,Guanajuato,Entretenimiento,0,31
4371,2025-01-14 17:30:00,22.6,"Ball, Buchanan and Austin",Amex,Tablet,0,EdoMex,Entretenimiento,0,3
4372,2025-01-06 07:22:00,48.89,Johnson PLC,Amex,Mobile,0,Nuevo León,Restaurante,0,44
4373,2025-02-01 16:54:00,5.25,Fernandez LLC,Amex,Tablet,0,Veracruz,Restaurante,0,14
4374,2025-01-08 13:45:00,50.72,"Martinez, Alexander and Curry",MasterCard,Mobile,0,CDMX,Supermercado,0,1
4375,2025-01-29 00:35:00,71.68,"Hernandez, Cobb and Henderson",Visa,Desktop,0,CDMX,Restaurante,0,12
4376,2025-01-01 02:24:00,66.03,Allen-Carson,Visa,Desktop,0,Tamaulipas,Entretenimiento,0,32
4377,2025-01-14 01:15:00,48.25,"Cooper, Hansen and Wilcox",Visa,Desktop,0,Sonora,Restaurante,0,25
4378,2025-01-01 13:09:00,182.73,Hernandez Inc,MasterCard,Desktop,0,Jalisco,Electrónica,0,10
4379,2025-02-01 20:02:00,15.7,Spencer-Cruz,MasterCard,Desktop,0,Jalisco,Supermercado,0,38
4380,2025-01-06 07:17:00,70.46,Lopez-Stephens,Discover,Mobile,0,CDMX,Turismo,0,10
4381,2025-01-05 05:28:00,6.4,Adams-Klein,Amex,Desktop,0,Coahuila,Entretenimiento,0,16
4382,2025-01-24 04:53:00,7.38,Callahan-Jones,Amex,Mobile,0,Jalisco,Electrónica,0,10
4383,2025-02-04 01:29:00,85.3,Chen and Sons,Visa,Desktop,0,Michoacán,Restaurante,0,44
4384,2025-01-31 08:43:00,83.48,Rivers PLC,MasterCard,Mobile,0,CDMX,Turismo,0,13
4385,2025-01-04 07:35:00,210.4,"Marshall, Marshall and Torres",MasterCard,Mobile,0,EdoMex,Entretenimiento,0,29
4386,2025-02-03 01:44:00,81.62,Tucker-Moore,Visa,Mobile,0,Veracruz,Retail,0,36
4387,2025-01-11 23:59:00,321.37,Goodman-Bradley,Visa,Tablet,0,Nuevo León,Entretenimiento,0,22
4388,2025-01-12 14:05:00,4.99,Frazier-Hendricks,Discover,Mobile,0,Tamaulipas,Turismo,0,36
4389,2025-01-11 23:03:00,10.31,"Coleman, Rodriguez and Fowler",Amex,Mobile,0,Nuevo León,Restaurante,0,9
4390,2025-01-16 19:06:00,4.51,"Ramirez, Martin and Harris",Amex,Desktop,0,Jalisco,Supermercado,0,3
4391,2025-01-30 13:03:00,20.49,Jones PLC,Amex,Mobile,0,Baja California,Electrónica,0,8
4392,2025-01-27 23:41:00,77.93,"Kennedy, Garcia and Anderson",Discover,Mobile,0,CDMX,Turismo,0,10
4393,2025-02-04 14:50:00,103.73,Johnson-Lopez,Visa,Tablet,0,Coahuila,Electrónica,0,32
4394,2025-01-23 17:40:00,4.67,"Wolfe, Lee and Coleman",Visa,Desktop,0,Michoacán,Servicios,0,18
4395,2025-01-18 19:48:00,291.82,Lee and Sons,Amex,Tablet,0,Michoacán,Electrónica,0,40
4396,2025-01-01 12:49:00,184.62,"Arroyo, Myers and Stein",Amex,Tablet,0,Jalisco,Supermercado,0,21
4397,2025-02-03 01:00:00,35.18,"Gray, Wyatt and Thomas",Discover,Tablet,0,Chihuahua,Entretenimiento,0,8
4398,2025-01-19 21:30:00,8.03,Rhodes-Torres,MasterCard,Mobile,0,Baja California,Restaurante,0,24
4399,2025-01-17 18:53:00,18.62,Duncan-Miller,MasterCard,Tablet,0,Guanajuato,Retail,0,45
4400,2025-01-16 10:21:00,13.58,Smith-Graham,Amex,Tablet,0,Chihuahua,Supermercado,0,27
4401,2025-02-03 15:18:00,13.16,Frey PLC,Discover,Desktop,0,Guanajuato,Turismo,0,23
4402,2025-02-03 22:52:00,73.1,"Burke, Atkins and Smith",Amex,Desktop,0,EdoMex,Retail,0,48
4403,2025-01-20 17:25:00,28.22,Johnson-Melton,MasterCard,Desktop,0,EdoMex,Electrónica,0,8
4404,2025-01-07 10:35:00,44.34,Hoffman-Stevens,Amex,Desktop,0,EdoMex,Electrónica,0,31
4405,2025-02-04 02:28:00,455.69,"Hood, Hamilton and Allen",MasterCard,Tablet,0,EdoMex,Entretenimiento,0,15
4406,2025-01-31 14:03:00,115.3,"Jones, Lane and Martin",MasterCard,Desktop,0,Chihuahua,Retail,0,45
4407,2025-01-05 10:05:00,297.56,"Knight, Schroeder and Thompson",MasterCard,Mobile,0,Veracruz,Turismo,0,46
4408,2025-01-27 11:17:00,15.38,Carroll-Alvarado,Visa,Tablet,0,Veracruz,Entretenimiento,0,29
4409,2025-02-04 17:57:00,48.15,Mcgrath-Mitchell,Visa,Desktop,0,EdoMex,Turismo,0,10
4410,2025-01-17 06:29:00,80.91,Oliver Group,Amex,Tablet,0,Chihuahua,Restaurante,0,27
4411,2025-01-24 21:04:00,7.99,Roman Ltd,MasterCard,Desktop,0,Michoacán,Turismo,0,32
4412,2025-01-25 16:59:00,0.42,Price-Foster,Visa,Tablet,0,Chihuahua,Electrónica,0,3
4413,2025-01-15 12:11:00,111,Jensen-Walton,Amex,Desktop,0,Puebla,Servicios,0,15
4414,2025-01-14 18:58:00,102.67,"Lawrence, Page and Porter",Amex,Mobile,0,Michoacán,Turismo,0,39
4415,2025-01-21 21:47:00,52.9,Mitchell PLC,Amex,Desktop,0,Tamaulipas,Turismo,0,11
4416,2025-02-02 22:22:00,67.26,Turner-Wong,Amex,Tablet,0,Guanajuato,Servicios,0,44
4417,2025-01-08 12:11:00,53.69,Davis-Sparks,Amex,Tablet,0,Veracruz,Supermercado,0,47
4418,2025-01-12 16:22:00,2.43,Soto-Terry,Discover,Mobile,0,Guanajuato,Entretenimiento,0,32
4419,2025-01-20 16:54:00,40.85,Miller and Sons,MasterCard,Tablet,0,Baja California,Restaurante,0,12
4420,2025-01-28 17:10:00,19.49,"Garcia, Hunter and Charles",Amex,Mobile,0,Guanajuato,Restaurante,0,2
4421,2025-01-31 09:52:00,10.36,"Hampton, White and Parker",Discover,Tablet,0,Tamaulipas,Supermercado,0,37
4422,2025-01-26 07:39:00,314.01,Dominguez-Mendez,MasterCard,Tablet,0,Jalisco,Retail,0,18
4423,2025-01-09 11:55:00,91.47,Rodriguez-Brown,Visa,Mobile,0,EdoMex,Entretenimiento,0,43
4424,2025-02-03 14:59:00,130.44,"Stone, Jones and Nelson",Amex,Tablet,0,Baja California,Electrónica,0,45
4425,2025-01-28 09:15:00,37.89,"Moore, Garcia and Miller",Discover,Tablet,0,Coahuila,Restaurante,0,39
4426,2025-01-11 04:38:00,49.95,"Aguirre, Holden and Thomas",Visa,Mobile,0,Coahuila,Electrónica,0,10
4427,2025-01-07 14:12:00,27.04,Kennedy PLC,Discover,Desktop,0,Nuevo León,Servicios,0,30
4428,2025-01-20 07:56:00,10.2,Dennis-Mclaughlin,MasterCard,Mobile,0,EdoMex,Electrónica,0,50
4429,2025-02-02 03:26:00,19.73,Burch Ltd,MasterCard,Tablet,0,Tamaulipas,Electrónica,0,18
4430,2025-02-03 18:01:00,159.71,"Richardson, Barton and Nguyen",Visa,Desktop,0,Coahuila,Entretenimiento,0,47
4431,2025-01-29 07:19:00,113.18,"Ramsey, Herring and Campbell",Discover,Desktop,0,Michoacán,Entretenimiento,0,35
4432,2025-01-27 09:15:00,79.17,Downs-Ramos,Amex,Desktop,0,Sonora,Supermercado,0,42
4433,2025-01-07 06:53:00,64.45,Sanchez Inc,Amex,Mobile,1,Baja California,Supermercado,0,46
4434,2025-01-06 23:37:00,255.66,"Hughes, Klein and Johnson",Visa,Desktop,0,Sonora,Turismo,0,12
4435,2025-01-09 05:30:00,7.55,"Hess, Harris and Owens",Visa,Desktop,0,Sonora,Electrónica,0,28
4436,2025-01-18 15:11:00,32.93,Brewer-Cooper,Visa,Desktop,0,Tamaulipas,Turismo,0,37
4437,2025-01-06 04:50:00,43.07,"Foster, Johnson and Garcia",Discover,Tablet,0,Puebla,Restaurante,0,40
4438,2025-01-09 21:36:00,152.52,Murphy-Murillo,Amex,Mobile,0,Tamaulipas,Restaurante,0,39
4439,2025-01-28 13:46:00,489.48,Kramer-Reyes,Amex,Mobile,0,EdoMex,Servicios,0,7
4440,2025-01-18 20:00:00,27.53,Woods Ltd,Amex,Tablet,0,Nuevo León,Entretenimiento,0,39
4441,2025-01-02 06:11:00,207.39,Miller-Yoder,Visa,Desktop,0,Chihuahua,Restaurante,0,37
4442,2025-01-14 19:23:00,177.56,"Wright, Schmidt and Ortiz",Amex,Tablet,0,CDMX,Retail,0,50
4443,2025-01-07 03:23:00,25.45,Garcia-George,MasterCard,Tablet,0,Michoacán,Servicios,0,41
4444,2025-02-01 05:33:00,50.97,"Banks, Vaughn and Beltran",Visa,Desktop,0,EdoMex,Retail,0,7
4445,2025-01-11 18:53:00,52.71,"Fowler, Johns and Smith",Amex,Desktop,0,Nuevo León,Supermercado,0,9
4446,2025-01-02 12:03:00,382.68,Morris-Barnes,Discover,Mobile,0,Tamaulipas,Restaurante,0,3
4447,2025-01-19 14:08:00,19.95,Flores and Sons,Visa,Desktop,0,Coahuila,Retail,0,17
4448,2025-01-20 04:22:00,160.52,"Morrison, Brown and Davis",MasterCard,Tablet,0,Guanajuato,Electrónica,0,38
4449,2025-01-25 10:19:00,40.68,Greer and Sons,MasterCard,Tablet,0,Baja California,Entretenimiento,0,12
4450,2025-01-10 08:00:00,131.26,Erickson Ltd,Discover,Desktop,0,CDMX,Supermercado,0,11
4451,2025-01-07 00:10:00,54.47,Cross-Gutierrez,Discover,Mobile,0,Coahuila,Servicios,0,17
4452,2025-01-11 11:40:00,86.36,Payne Group,Visa,Tablet,0,Guanajuato,Servicios,0,5
4453,2025-02-02 04:33:00,178.74,Patel Ltd,Visa,Desktop,0,Puebla,Electrónica,0,21
4454,2025-01-21 04:26:00,163.05,"Barrett, Dominguez and Anderson",MasterCard,Mobile,0,EdoMex,Restaurante,0,2
4455,2025-01-01 21:44:00,201.31,Rodriguez LLC,Discover,Mobile,1,Baja California,Retail,0,2
4456,2025-01-20 12:49:00,6.15,"Armstrong, Ramsey and Smith",Visa,Tablet,0,EdoMex,Electrónica,0,18
4457,2025-02-04 09:49:00,117.78,Jordan-Herrera,MasterCard,Tablet,0,CDMX,Retail,0,18
4458,2025-01-19 00:10:00,15.08,Green-Simmons,Discover,Mobile,0,EdoMex,Entretenimiento,0,34
4459,2025-01-22 17:46:00,53.75,Beck PLC,MasterCard,Mobile,0,Chihuahua,Restaurante,0,32
4460,2025-01-30 05:39:00,79.54,"Matthews, Vasquez and Hart",Amex,Mobile,0,Nuevo León,Entretenimiento,0,2
4461,2025-02-04 14:11:00,51.54,"Anderson, Williams and Fox",Discover,Desktop,0,Puebla,Retail,0,45
4462,2025-01-18 14:04:00,73.32,Parker-Casey,Visa,Tablet,0,Tamaulipas,Retail,0,25
4463,2025-01-25 02:57:00,566.25,Tanner PLC,Visa,Mobile,0,EdoMex,Turismo,0,29
4464,2025-02-03 15:33:00,14.53,"Thomas, Parker and Williamson",Amex,Tablet,0,Guanajuato,Supermercado,0,16
4465,2025-01-21 11:02:00,112.53,Gutierrez-Bailey,Discover,Tablet,0,Jalisco,Supermercado,0,13
4466,2025-01-06 22:43:00,50.42,Ross Inc,MasterCard,Tablet,0,CDMX,Supermercado,0,11
4467,2025-01-21 01:59:00,14.27,"Johnson, Anderson and Dyer",Visa,Mobile,0,EdoMex,Turismo,0,9
4468,2025-01-04 02:08:00,17.29,Fuller and Sons,Amex,Desktop,0,Veracruz,Turismo,0,42
4469,2025-01-10 08:19:00,298.13,"Donaldson, Forbes and Ward",Amex,Mobile,0,Veracruz,Entretenimiento,0,15
4470,2025-01-18 19:45:00,211.69,Wise-Ruiz,Discover,Tablet,0,Puebla,Retail,0,45
4471,2025-01-19 10:00:00,237.56,"Sanders, Wheeler and Conrad",Discover,Mobile,0,Coahuila,Entretenimiento,0,30
4472,2025-01-19 01:14:00,477.16,Hamilton PLC,Visa,Mobile,0,Coahuila,Retail,0,42
4473,2025-01-23 15:50:00,23.36,Cochran Ltd,Amex,Tablet,0,Puebla,Turismo,0,2
4474,2025-01-21 18:47:00,43.92,Campos-Chavez,MasterCard,Tablet,0,Sonora,Restaurante,0,22
4475,2025-01-20 02:59:00,110.63,Garcia-Harper,Amex,Mobile,1,Chihuahua,Turismo,0,5
4476,2025-01-24 22:50:00,66.13,"Carlson, Wilson and Smith",MasterCard,Mobile,0,Sonora,Electrónica,0,25
4477,2025-01-08 12:13:00,54.2,Campbell-Wilkins,MasterCard,Mobile,0,Jalisco,Turismo,0,10
4478,2025-01-24 06:23:00,44.29,"Henderson, Wagner and Watson",Visa,Mobile,0,Veracruz,Retail,0,7
4479,2025-01-21 17:58:00,90.09,Mcdaniel Group,Amex,Desktop,0,Puebla,Entretenimiento,0,2
4480,2025-01-25 13:09:00,85.71,"Russell, Bailey and Little",MasterCard,Mobile,0,Tamaulipas,Supermercado,0,34
4481,2025-01-04 02:44:00,17.61,Thomas-Gonzalez,Discover,Desktop,0,Puebla,Electrónica,0,42
4482,2025-01-25 18:31:00,63.82,Jones-Daniels,MasterCard,Tablet,0,Sonora,Turismo,0,5
4483,2025-01-04 00:35:00,80.63,Yates-Gibson,Discover,Desktop,0,Guanajuato,Turismo,0,2
4484,2025-01-28 02:56:00,84.46,Olson and Sons,Discover,Tablet,0,Michoacán,Restaurante,0,15
4485,2025-02-03 11:18:00,23.59,Christensen Ltd,Amex,Desktop,0,Chihuahua,Entretenimiento,0,10
4486,2025-01-09 12:15:00,135.58,Dawson-Kent,Discover,Tablet,0,Sonora,Supermercado,0,12
4487,2025-01-06 07:30:00,2.55,Church-Mayer,MasterCard,Mobile,0,Sonora,Supermercado,0,37
4488,2025-01-16 19:22:00,43.82,Bryant-Miller,Discover,Desktop,0,EdoMex,Supermercado,0,42
4489,2025-02-02 14:57:00,151.51,Cook Group,Amex,Desktop,0,Nuevo León,Entretenimiento,0,18
4490,2025-02-05 02:18:00,82.99,Miller-Mccarthy,Visa,Tablet,0,Michoacán,Retail,0,14
4491,2025-01-20 21:59:00,30.27,Thomas Inc,MasterCard,Tablet,0,Baja California,Electrónica,0,37
4492,2025-01-09 20:14:00,118.73,"Mcguire, Sellers and Beck",MasterCard,Desktop,0,Sonora,Turismo,0,8
4493,2025-01-14 15:32:00,83.79,Rodriguez-Lee,Amex,Tablet,0,Baja California,Servicios,0,41
4494,2025-01-26 21:33:00,159.08,Wallace and Sons,Amex,Mobile,1,CDMX,Turismo,0,31
4495,2025-01-15 13:50:00,132.81,"Pena, Woods and Cook",Amex,Desktop,0,Puebla,Entretenimiento,0,33
4496,2025-01-20 21:19:00,94.19,Hahn Group,Amex,Mobile,0,Baja California,Electrónica,0,35
4497,2025-01-30 13:12:00,66.98,Wagner-Chaney,MasterCard,Desktop,0,Coahuila,Servicios,0,37
4498,2025-01-12 04:21:00,14.29,"Sullivan, Williams and Ramos",Visa,Mobile,0,Chihuahua,Entretenimiento,0,9
4499,2025-01-11 13:11:00,30.29,Wright Inc,Discover,Desktop,0,Coahuila,Retail,0,50
4500,2025-01-30 00:27:00,54.32,Bates-Hamilton,Discover,Tablet,0,Michoacán,Servicios,0,28
4501,2025-01-15 22:35:00,91.45,"Reyes, Sanders and Sanchez",Visa,Desktop,0,Jalisco,Entretenimiento,0,26
4502,2025-01-27 01:26:00,72.09,"Stafford, Campbell and Sherman",Visa,Mobile,0,Baja California,Turismo,0,25
4503,2025-01-05 16:56:00,33.99,Gibson Ltd,Visa,Desktop,0,Guanajuato,Supermercado,0,13
4504,2025-01-25 14:52:00,0.65,"Roberts, Blake and Pope",Amex,Mobile,0,Veracruz,Retail,0,34
4505,2025-01-04 15:03:00,68.57,Hernandez Ltd,MasterCard,Mobile,0,Chihuahua,Turismo,0,14
4506,2025-01-08 12:58:00,33.63,Saunders-York,MasterCard,Mobile,0,Coahuila,Restaurante,0,15
4507,2025-01-19 12:23:00,132.65,Lawson-Fuller,MasterCard,Tablet,0,Nuevo León,Retail,0,8
4508,2025-01-23 09:21:00,2.42,Vega-Gilbert,Amex,Desktop,0,Sonora,Entretenimiento,0,22
4509,2025-01-16 16:31:00,87.91,Weiss-Russell,MasterCard,Mobile,0,Coahuila,Retail,0,33
4510,2025-01-06 13:11:00,283.83,"Smith, Simpson and Roth",Amex,Tablet,0,Michoacán,Restaurante,0,16
4511,2025-01-21 20:42:00,19.17,"Jordan, Davis and Rangel",MasterCard,Mobile,0,Sonora,Servicios,0,34
4512,2025-01-06 05:37:00,63.8,Stephenson and Sons,Visa,Desktop,0,Puebla,Restaurante,0,35
4513,2025-01-20 23:05:00,9.59,Harding Inc,Discover,Tablet,0,Puebla,Servicios,0,7
4514,2025-01-10 14:48:00,98.26,Murray PLC,Discover,Mobile,0,CDMX,Supermercado,0,12
4515,2025-01-12 15:31:00,79.97,Patterson and Sons,Amex,Mobile,0,Coahuila,Supermercado,0,18
4516,2025-02-05 01:04:00,52.32,Collins and Sons,MasterCard,Mobile,0,Baja California,Turismo,0,45
4517,2025-01-20 21:00:00,73.68,Myers-Brown,Discover,Desktop,0,Michoacán,Turismo,0,7
4518,2025-01-12 04:58:00,226.89,Wilson-Trujillo,Visa,Tablet,0,Michoacán,Restaurante,0,31
4519,2025-01-23 16:08:00,21.85,"Best, Mcmahon and Bryan",Visa,Tablet,0,Nuevo León,Turismo,0,50
4520,2025-01-22 06:40:00,2.28,"Smith, Meyer and Stevenson",Visa,Tablet,0,Jalisco,Servicios,0,3
4521,2025-01-18 15:15:00,197.81,Baldwin-Moyer,Amex,Mobile,0,Chihuahua,Entretenimiento,0,5
4522,2025-01-27 05:43:00,86.07,"Wagner, Hall and Lane",Amex,Tablet,0,Baja California,Retail,0,10
4523,2025-01-03 15:02:00,221.33,Ortiz Inc,MasterCard,Mobile,0,CDMX,Servicios,0,24
4524,2025-01-29 10:37:00,90.87,"Ferguson, Smith and Lara",Visa,Desktop,0,Baja California,Supermercado,0,35
4525,2025-01-09 15:42:00,166.16,Sanders and Sons,MasterCard,Tablet,0,Nuevo León,Entretenimiento,0,23
4526,2025-01-10 20:25:00,56.15,Ritter and Sons,MasterCard,Mobile,0,Puebla,Electrónica,0,45
4527,2025-02-03 10:32:00,138.57,"Osborne, Wilkinson and Barnett",Visa,Tablet,0,Guanajuato,Entretenimiento,0,23
4528,2025-01-26 13:36:00,244.23,Browning-Guerra,MasterCard,Tablet,0,Veracruz,Turismo,0,12
4529,2025-01-09 03:28:00,84.89,"Atkinson, Chen and Hughes",Discover,Desktop,0,Nuevo León,Turismo,0,16
4530,2025-01-27 12:39:00,19.94,Johnson and Sons,Amex,Tablet,0,Chihuahua,Supermercado,0,7
4531,2025-01-03 10:30:00,31.31,Lucero PLC,MasterCard,Desktop,0,Jalisco,Retail,0,49
4532,2025-01-01 03:06:00,22.15,"Sexton, Griffin and Schwartz",Visa,Tablet,0,Nuevo León,Electrónica,0,31
4533,2025-01-04 09:42:00,28.35,"Shaffer, Castro and Peterson",Amex,Tablet,0,CDMX,Restaurante,0,43
4534,2025-02-04 05:40:00,36.59,Proctor Inc,Amex,Tablet,0,Guanajuato,Supermercado,0,30
4535,2025-02-01 12:10:00,81,Mosley LLC,MasterCard,Tablet,0,Tamaulipas,Retail,0,16
4536,2025-02-05 00:19:00,88.67,Smith Group,Discover,Tablet,0,Sonora,Turismo,0,45
4537,2025-01-12 08:41:00,55.6,"Carey, Pierce and Pierce",MasterCard,Tablet,0,Tamaulipas,Turismo,0,20
4538,2025-01-22 06:11:00,95.56,Camacho-Oliver,Discover,Desktop,0,Sonora,Servicios,0,25
4539,2025-01-09 18:11:00,8.51,Lynch-Espinoza,Amex,Desktop,0,Jalisco,Entretenimiento,0,14
4540,2025-01-27 19:22:00,9.19,Scott-Robinson,MasterCard,Mobile,0,Nuevo León,Turismo,0,32
4541,2025-01-22 14:39:00,18.85,Montgomery PLC,Visa,Tablet,0,Nuevo León,Supermercado,0,50
4542,2025-01-05 07:34:00,73,"Orr, Terrell and Maynard",MasterCard,Desktop,0,Veracruz,Electrónica,0,27
4543,2025-01-10 12:03:00,24.08,Flores-Robbins,Discover,Tablet,0,EdoMex,Turismo,0,20
4544,2025-02-01 05:01:00,33.31,"Matthews, Miller and Schwartz",Discover,Tablet,0,EdoMex,Retail,0,38
4545,2025-01-21 15:39:00,51.13,Cole-Johnson,MasterCard,Desktop,0,CDMX,Turismo,0,38
4546,2025-01-20 00:16:00,167.06,"Carr, Hamilton and Miller",Discover,Tablet,0,Michoacán,Entretenimiento,0,21
4547,2025-01-16 18:18:00,1.4,Fischer Inc,Amex,Desktop,0,Jalisco,Turismo,0,30
4548,2025-01-01 17:38:00,104.8,Weaver-Wright,MasterCard,Desktop,0,Guanajuato,Retail,0,34
4549,2025-01-16 13:14:00,110.53,Flores Group,Discover,Mobile,0,Veracruz,Servicios,0,26
4550,2025-01-30 07:46:00,160.27,Berry-Scott,MasterCard,Mobile,0,Veracruz,Entretenimiento,0,30
4551,2025-01-14 01:40:00,269.94,Gonzalez Ltd,MasterCard,Mobile,0,Guanajuato,Restaurante,0,37
4552,2025-01-26 08:07:00,2.03,Kelly-Monroe,Visa,Mobile,0,Michoacán,Servicios,0,1
4553,2025-02-04 02:47:00,16.7,"Barr, Smith and Brown",MasterCard,Tablet,0,Puebla,Turismo,0,48
4554,2025-01-07 23:04:00,217.31,Fuller-Ford,Visa,Tablet,0,Nuevo León,Turismo,0,40
4555,2025-01-24 20:15:00,61.34,Carter Ltd,Discover,Mobile,0,Nuevo León,Turismo,0,44
4556,2025-01-05 09:39:00,83.15,Cruz-Williams,Visa,Desktop,0,Veracruz,Servicios,0,35
4557,2025-01-04 12:27:00,108.78,"Martinez, Mack and Cantu",Visa,Desktop,0,Sonora,Servicios,0,35
4558,2025-01-30 11:04:00,113.65,Woods Inc,Visa,Desktop,0,Tamaulipas,Supermercado,0,26
4559,2025-01-28 17:38:00,268.44,Edwards Ltd,Amex,Desktop,0,Jalisco,Retail,0,22
4560,2025-01-09 15:02:00,579.24,Rose-Jones,Visa,Tablet,0,Nuevo León,Turismo,0,45
4561,2025-01-27 02:23:00,127.35,"Hall, Newton and Park",MasterCard,Desktop,0,Tamaulipas,Retail,0,16
4562,2025-01-16 00:35:00,33.86,May-Collins,Visa,Desktop,0,Michoacán,Restaurante,0,29
4563,2025-01-29 19:39:00,211.82,Dunlap-Perez,MasterCard,Mobile,0,Michoacán,Restaurante,0,47
4564,2025-01-01 12:20:00,5.05,Michael-Foster,Visa,Desktop,0,Puebla,Electrónica,0,21
4565,2025-01-16 05:34:00,26.28,Powell PLC,Amex,Tablet,0,Tamaulipas,Turismo,0,45
4566,2025-01-23 17:10:00,227.68,Flowers Inc,Discover,Desktop,0,Jalisco,Restaurante,0,20
4567,2025-01-07 17:07:00,29.6,"Allen, White and Joyce",Visa,Desktop,0,Coahuila,Restaurante,0,13
4568,2025-01-03 17:31:00,24.93,Lewis-Carter,Visa,Tablet,0,Coahuila,Electrónica,0,19
4569,2025-02-05 00:16:00,14.86,Rich LLC,Amex,Mobile,0,Puebla,Servicios,0,12
4570,2025-02-04 15:03:00,195.98,Gardner Group,Visa,Tablet,0,CDMX,Retail,0,34
4571,2025-01-26 03:12:00,69.33,Johnson-White,MasterCard,Mobile,0,Veracruz,Supermercado,0,30
4572,2025-01-11 17:51:00,112.36,Braun Group,Visa,Desktop,0,Sonora,Turismo,0,6
4573,2025-01-27 17:46:00,27.32,Swanson Ltd,Visa,Mobile,0,Sonora,Servicios,0,35
4574,2025-01-24 00:51:00,141.9,"Barnes, Bautista and Stephens",Discover,Mobile,0,Nuevo León,Retail,0,40
4575,2025-01-31 05:45:00,142.71,Shaw-Davis,Discover,Mobile,0,Coahuila,Supermercado,0,38
4576,2025-01-09 06:23:00,37.48,Cummings-Spencer,Visa,Desktop,0,EdoMex,Servicios,0,14
4577,2025-01-17 08:36:00,52.88,Martin and Sons,Amex,Mobile,0,Veracruz,Servicios,0,31
4578,2025-01-28 06:51:00,23.53,Leon-Nichols,Discover,Mobile,0,Coahuila,Restaurante,0,46
4579,2025-01-31 04:25:00,375.34,Johnson-Hill,Visa,Desktop,0,Baja California,Servicios,0,28
4580,2025-01-15 18:27:00,103.73,"Richardson, Anderson and Anderson",Discover,Tablet,0,Baja California,Entretenimiento,0,31
4581,2025-01-21 04:20:00,272.64,Moore Ltd,Visa,Tablet,1,Sonora,Supermercado,0,19
4582,2025-02-02 04:08:00,36.15,"Sutton, White and Brown",Discover,Tablet,0,Nuevo León,Restaurante,0,41
4583,2025-01-29 17:45:00,152.28,"Williams, Neal and Garrett",Discover,Desktop,0,Veracruz,Servicios,0,14
4584,2025-01-17 18:42:00,145.18,Smith Group,MasterCard,Desktop,0,Veracruz,Retail,0,44
4585,2025-01-19 10:01:00,117.65,Martin PLC,Visa,Tablet,0,Chihuahua,Supermercado,0,2
4586,2025-01-10 16:26:00,337.08,Monroe-Singh,Visa,Mobile,0,Coahuila,Turismo,0,14
4587,2025-01-05 02:56:00,50.01,Watson and Sons,Visa,Tablet,0,Puebla,Electrónica,0,31
4588,2025-01-05 22:46:00,14.01,Rose LLC,Visa,Desktop,0,Nuevo León,Turismo,0,28
4589,2025-01-16 23:48:00,111.39,Cruz-Evans,Discover,Mobile,0,Nuevo León,Entretenimiento,0,19
4590,2025-01-26 15:04:00,130.68,Michael Inc,MasterCard,Mobile,0,Veracruz,Restaurante,0,33
4591,2025-01-27 12:00:00,85.58,"Olson, Burns and Charles",MasterCard,Desktop,0,CDMX,Servicios,0,21
4592,2025-01-11 06:02:00,23.17,Cook-Mccarthy,Amex,Mobile,0,Sonora,Restaurante,0,34
4593,2025-01-17 18:53:00,70.21,Reyes-Holland,Visa,Tablet,0,Baja California,Entretenimiento,0,44
4594,2025-01-09 21:55:00,37.42,"Williams, Morales and Macdonald",Amex,Desktop,0,EdoMex,Entretenimiento,0,44
4595,2025-01-09 06:39:00,55.77,"Mendez, Garcia and King",Discover,Desktop,0,Sonora,Electrónica,0,15
4596,2025-01-30 18:11:00,103.63,"Maxwell, Jensen and Hoover",Amex,Desktop,0,Chihuahua,Retail,0,17
4597,2025-01-31 05:10:00,136.73,Armstrong and Sons,Visa,Desktop,0,Puebla,Servicios,0,9
4598,2025-02-02 12:22:00,26.43,Bell-Lee,MasterCard,Mobile,0,Nuevo León,Restaurante,0,23
4599,2025-01-17 23:20:00,51.97,Williamson-Hamilton,MasterCard,Desktop,0,Michoacán,Turismo,0,28
4600,2025-01-13 11:10:00,31.36,"Miles, Clark and Quinn",Visa,Desktop,0,Baja California,Electrónica,0,26
4601,2025-01-31 18:45:00,22.14,"Clark, Riggs and Bryant",Discover,Mobile,0,Michoacán,Turismo,0,17
4602,2025-01-15 13:51:00,152.96,"Murphy, Robertson and Berry",Visa,Desktop,0,Chihuahua,Turismo,0,46
4603,2025-01-10 11:12:00,239.97,Harris PLC,Discover,Mobile,0,Tamaulipas,Restaurante,0,36
4604,2025-02-01 13:13:00,46.24,"Neal, Sullivan and Roach",MasterCard,Mobile,0,Puebla,Servicios,0,11
4605,2025-01-11 09:05:00,139.14,Baldwin-Thompson,Discover,Desktop,0,Puebla,Electrónica,0,35
4606,2025-01-09 10:57:00,227.3,Fuller LLC,Visa,Tablet,0,Nuevo León,Servicios,0,27
4607,2025-01-27 00:10:00,187.16,Parker-Davis,Visa,Desktop,0,Michoacán,Supermercado,0,48
4608,2025-02-05 01:51:00,20.19,Rogers Inc,Visa,Tablet,0,Puebla,Electrónica,0,32
4609,2025-01-16 01:02:00,313.02,Smith-Rodriguez,Discover,Mobile,0,Veracruz,Entretenimiento,0,28
4610,2025-01-21 01:18:00,47.27,Howard PLC,Discover,Tablet,0,EdoMex,Servicios,0,9
4611,2025-01-09 23:25:00,41.44,Webb-Lee,Discover,Desktop,0,CDMX,Electrónica,0,2
4612,2025-01-09 18:16:00,6.45,Taylor-Martinez,MasterCard,Desktop,0,Coahuila,Supermercado,0,34
4613,2025-01-01 00:10:00,66.59,Ellis Ltd,Amex,Tablet,0,Guanajuato,Entretenimiento,0,13
4614,2025-02-03 03:44:00,11.54,Schneider LLC,Amex,Desktop,0,Tamaulipas,Entretenimiento,0,40
4615,2025-01-08 09:45:00,28.57,Stone-Fernandez,Visa,Tablet,0,CDMX,Servicios,0,24
4616,2025-01-28 05:07:00,38.12,Parker-Smith,MasterCard,Mobile,0,Nuevo León,Turismo,0,42
4617,2025-01-06 01:06:00,165.46,Ruiz-Cox,Discover,Tablet,0,Guanajuato,Supermercado,0,48
4618,2025-01-14 09:10:00,208.34,Cameron LLC,Visa,Tablet,0,Baja California,Servicios,0,42
4619,2025-01-17 12:22:00,36.02,"Smith, Lamb and Reid",MasterCard,Tablet,0,EdoMex,Supermercado,0,24
4620,2025-01-28 19:55:00,195.69,Jones Group,Visa,Tablet,0,Sonora,Supermercado,0,31
4621,2025-01-30 06:10:00,194.65,"Cortez, Khan and Mckinney",MasterCard,Mobile,0,Baja California,Turismo,0,31
4622,2025-01-22 01:36:00,144.67,"Hogan, Peterson and Martin",MasterCard,Mobile,0,Tamaulipas,Servicios,0,34
4623,2025-01-30 08:15:00,15.86,"Allen, Davis and Mclaughlin",Amex,Mobile,0,Veracruz,Restaurante,0,13
4624,2025-01-17 17:15:00,117.22,Anderson LLC,Visa,Tablet,0,Tamaulipas,Servicios,0,36
4625,2025-01-13 15:01:00,290.09,Hamilton Group,Discover,Mobile,0,Michoacán,Entretenimiento,0,5
4626,2025-02-02 17:08:00,114.74,"Clarke, White and Harper",Amex,Desktop,0,Coahuila,Supermercado,0,17
4627,2025-01-20 13:03:00,40.29,Chase PLC,Amex,Mobile,0,Baja California,Electrónica,0,39
4628,2025-01-01 18:00:00,69.43,"Davis, Sherman and Jackson",Discover,Tablet,0,Guanajuato,Servicios,0,23
4629,2025-01-02 10:33:00,103.77,"Cole, Mckinney and Miller",MasterCard,Desktop,0,Sonora,Supermercado,0,30
4630,2025-01-05 06:13:00,71.45,Owens and Sons,Discover,Tablet,0,Michoacán,Supermercado,0,10
4631,2025-01-18 02:33:00,12.78,"Nelson, Bailey and Hansen",Visa,Desktop,0,EdoMex,Turismo,0,16
4632,2025-01-20 04:12:00,37.41,Nelson-Walton,Discover,Tablet,0,Jalisco,Retail,0,35
4633,2025-01-28 10:05:00,162.15,Frazier-Skinner,MasterCard,Tablet,0,Tamaulipas,Electrónica,0,32
4634,2025-01-31 06:19:00,197.63,"Decker, Hughes and House",Discover,Desktop,0,Michoacán,Electrónica,0,5
4635,2025-01-05 13:49:00,14.77,Jackson-Ibarra,MasterCard,Mobile,0,Michoacán,Electrónica,0,22
4636,2025-01-16 23:01:00,304.46,Mason PLC,MasterCard,Desktop,0,Guanajuato,Servicios,0,17
4637,2025-01-06 19:45:00,39.87,"Flores, Greene and Simon",Visa,Desktop,0,Tamaulipas,Servicios,0,12
4638,2025-01-05 21:29:00,108.56,Stout-Williams,Discover,Desktop,0,Baja California,Entretenimiento,0,44
4639,2025-01-31 02:03:00,139.36,Padilla-Mills,Discover,Desktop,0,EdoMex,Restaurante,0,35
4640,2025-01-13 06:25:00,167.1,Allen Group,Visa,Desktop,0,Puebla,Retail,0,39
4641,2025-01-19 01:27:00,291.41,Osborne-Smith,MasterCard,Tablet,0,Sonora,Electrónica,0,41
4642,2025-01-13 15:57:00,37.53,Booth-Pace,Discover,Tablet,0,EdoMex,Retail,0,4
4643,2025-01-30 09:28:00,195.55,Jordan PLC,Visa,Mobile,0,Nuevo León,Servicios,0,32
4644,2025-01-29 12:12:00,14.12,Jenkins-Garcia,MasterCard,Mobile,0,Baja California,Electrónica,0,25
4645,2025-01-29 07:53:00,122.09,"Gonzales, Ryan and Craig",Visa,Desktop,0,Chihuahua,Supermercado,0,10
4646,2025-01-24 04:35:00,135.47,Newton-Hill,Discover,Mobile,0,EdoMex,Servicios,0,23
4647,2025-01-02 20:58:00,113.23,"Edwards, Johnson and Crosby",Visa,Mobile,0,Guanajuato,Restaurante,0,41
4648,2025-01-18 23:25:00,29.08,"Gutierrez, Curtis and Edwards",Amex,Desktop,0,Jalisco,Electrónica,0,26
4649,2025-01-12 10:33:00,206.39,"Campbell, Larson and Sims",MasterCard,Tablet,0,Coahuila,Servicios,0,39
4650,2025-01-16 11:44:00,18.5,Rangel Group,Amex,Tablet,1,Guanajuato,Restaurante,0,19
4651,2025-01-18 20:06:00,5.51,Davis PLC,Amex,Mobile,0,Puebla,Electrónica,0,6
4652,2025-02-03 03:44:00,126.4,Waller Ltd,MasterCard,Tablet,0,Puebla,Supermercado,0,10
4653,2025-01-26 16:50:00,64.53,Novak Ltd,MasterCard,Tablet,0,EdoMex,Entretenimiento,0,7
4654,2025-02-04 14:32:00,189.11,"Murray, Jennings and Juarez",Visa,Mobile,0,Veracruz,Supermercado,0,15
4655,2025-01-11 21:58:00,48.35,Ramos LLC,MasterCard,Desktop,0,Guanajuato,Servicios,0,28
4656,2025-01-27 14:58:00,18.43,"Alvarado, Stephens and Brown",Amex,Mobile,0,Veracruz,Electrónica,0,48
4657,2025-01-24 09:31:00,181.06,Clark Inc,Amex,Mobile,0,Nuevo León,Restaurante,0,16
4658,2025-02-05 04:02:00,79.61,Hughes PLC,Discover,Mobile,0,CDMX,Retail,0,26
4659,2025-01-04 09:48:00,20.97,"Harris, Vazquez and Hughes",MasterCard,Desktop,1,Michoacán,Retail,0,16
4660,2025-01-12 14:46:00,127.43,Hunter-Gomez,Amex,Desktop,0,Michoacán,Electrónica,0,34
4661,2025-01-02 17:53:00,71.56,Stein-West,Discover,Desktop,0,Nuevo León,Restaurante,0,40
4662,2025-01-29 09:12:00,92.71,"Smith, Hernandez and Graham",Discover,Desktop,0,Chihuahua,Electrónica,0,38
4663,2025-01-09 03:03:00,61.79,Myers-Mitchell,Visa,Mobile,0,Coahuila,Supermercado,0,16
4664,2025-02-01 21:10:00,176.44,Eaton Group,Amex,Tablet,0,Chihuahua,Turismo,0,48
4665,2025-01-28 12:35:00,176.94,Brown Ltd,Visa,Mobile,0,Guanajuato,Entretenimiento,0,47
4666,2025-02-05 12:38:00,123.58,Reid PLC,Amex,Desktop,0,Sonora,Restaurante,0,46
4667,2025-01-18 09:44:00,11.14,"Williams, Benton and Day",Visa,Tablet,0,Puebla,Entretenimiento,0,40
4668,2025-01-25 06:46:00,182.54,"Sullivan, Hernandez and Schmitt",Visa,Mobile,0,Veracruz,Retail,0,46
4669,2025-01-12 01:04:00,111.17,Sims and Sons,MasterCard,Tablet,1,Coahuila,Supermercado,0,22
4670,2025-01-10 14:22:00,119.41,Owens-Huffman,Visa,Desktop,0,Puebla,Servicios,0,43
4671,2025-01-09 00:44:00,45.1,Bentley Ltd,MasterCard,Tablet,0,CDMX,Entretenimiento,0,11
4672,2025-02-02 21:46:00,211.43,"Page, Mccoy and Black",Discover,Tablet,0,Coahuila,Entretenimiento,0,39
4673,2025-01-13 12:54:00,129.23,"Williams, Clark and Rosales",Amex,Desktop,0,Guanajuato,Electrónica,0,6
4674,2025-01-09 17:13:00,11.94,"Williams, Jones and Navarro",Discover,Tablet,0,Chihuahua,Turismo,0,27
4675,2025-01-08 17:03:00,52.39,Hunter Group,Amex,Mobile,0,Chihuahua,Turismo,0,21
4676,2025-01-02 19:00:00,217.49,"Gomez, Pierce and Bell",Discover,Tablet,0,Nuevo León,Turismo,0,3
4677,2025-02-04 15:32:00,4.83,Zhang-Smith,Amex,Mobile,0,Chihuahua,Supermercado,0,36
4678,2025-01-02 02:26:00,325.49,Burns LLC,Visa,Tablet,0,Nuevo León,Turismo,0,35
4679,2025-01-04 02:55:00,113.68,Lambert and Sons,Amex,Tablet,0,Baja California,Supermercado,0,31
4680,2025-01-19 12:09:00,99.8,Rose Group,Amex,Desktop,0,Guanajuato,Supermercado,0,46
4681,2025-02-05 00:25:00,31.55,Martin-Beard,Discover,Desktop,0,Guanajuato,Electrónica,0,17
4682,2025-01-11 16:17:00,28.61,"Owens, Fisher and Dunn",Discover,Mobile,0,CDMX,Retail,0,39
4683,2025-01-07 16:45:00,284.83,Graham Ltd,Discover,Desktop,0,Guanajuato,Retail,0,27
4684,2025-01-07 17:08:00,35.42,Rios Ltd,MasterCard,Desktop,0,Nuevo León,Servicios,0,38
4685,2025-01-11 11:16:00,149.39,"Burnett, Stevens and Mason",MasterCard,Desktop,0,Guanajuato,Servicios,0,27
4686,2025-01-24 12:19:00,49.94,"Douglas, Morrison and Ramirez",Amex,Desktop,0,EdoMex,Servicios,0,4
4687,2025-01-04 16:58:00,15,"Rhodes, Schmidt and Horn",Amex,Desktop,0,EdoMex,Servicios,0,50
4688,2025-01-01 10:01:00,1.08,"Davis, Glover and Fischer",Visa,Mobile,0,EdoMex,Retail,0,50
4689,2025-01-31 16:11:00,78.58,"Prince, Perkins and Velez",Visa,Mobile,0,Chihuahua,Retail,0,38
4690,2025-01-04 03:58:00,372.05,"Murray, Wiggins and Boone",Amex,Desktop,0,Jalisco,Turismo,0,39
4691,2025-01-29 21:36:00,46.07,Craig-Austin,MasterCard,Desktop,0,Tamaulipas,Entretenimiento,0,21
4692,2025-01-11 18:57:00,44.19,Morris-Evans,Amex,Mobile,0,Coahuila,Servicios,0,8
4693,2025-01-07 01:46:00,42.17,Hernandez Inc,Visa,Tablet,0,Baja California,Entretenimiento,0,4
4694,2025-02-05 10:02:00,73.51,Duncan-Barron,MasterCard,Mobile,0,Coahuila,Supermercado,0,14
4695,2025-01-16 10:03:00,58.1,"Watson, Johnson and Jacobs",MasterCard,Tablet,0,Veracruz,Entretenimiento,0,12
4696,2025-02-02 12:44:00,211.96,Clayton Group,Visa,Desktop,0,Tamaulipas,Retail,0,26
4697,2025-01-02 15:50:00,70.43,"Ritter, Valentine and Carr",Amex,Desktop,0,Puebla,Entretenimiento,0,33
4698,2025-01-21 21:07:00,70.88,Collins and Sons,Discover,Mobile,0,Michoacán,Turismo,0,15
4699,2025-01-15 18:16:00,14.89,Macias-Jones,Amex,Desktop,0,Nuevo León,Restaurante,0,14
4700,2025-01-08 19:54:00,405.93,Cooley-Rasmussen,Amex,Tablet,0,Nuevo León,Electrónica,0,34
4701,2025-01-17 18:45:00,28.76,"Lucero, Walker and Sampson",Visa,Tablet,0,Baja California,Restaurante,0,29
4702,2025-01-26 05:31:00,7.62,"Steele, Huffman and Alvarez",MasterCard,Mobile,0,CDMX,Turismo,0,23
4703,2025-01-20 20:04:00,108.81,Fisher Group,Visa,Tablet,0,Veracruz,Retail,0,46
4704,2025-01-13 13:03:00,90.48,Campbell-Barrett,Amex,Mobile,0,Chihuahua,Servicios,0,4
4705,2025-01-14 08:45:00,53.64,"Anderson, Wilcox and Warner",Discover,Mobile,0,Veracruz,Turismo,0,22
4706,2025-01-19 09:25:00,54.85,"Watts, Miller and Reyes",Discover,Tablet,0,Tamaulipas,Entretenimiento,0,6
4707,2025-01-15 08:33:00,153.74,Decker Group,Discover,Tablet,0,Chihuahua,Electrónica,0,7
4708,2025-01-28 18:57:00,21.78,"Gross, Hopkins and Nelson",Visa,Tablet,0,Jalisco,Restaurante,0,20
4709,2025-02-01 16:35:00,171.62,"Brock, Price and Baker",MasterCard,Tablet,0,Tamaulipas,Electrónica,0,48
4710,2025-01-12 05:37:00,104.62,Caldwell and Sons,Visa,Tablet,0,Baja California,Electrónica,0,2
4711,2025-01-09 21:38:00,54.3,"Mendoza, Richards and Harris",Discover,Tablet,0,Puebla,Entretenimiento,0,15
4712,2025-01-26 18:35:00,61.25,Wilson-Buchanan,Amex,Tablet,0,Veracruz,Supermercado,0,14
4713,2025-01-11 00:26:00,29.66,"Vasquez, Meyer and Hayes",MasterCard,Desktop,0,Veracruz,Entretenimiento,0,49
4714,2025-01-24 01:25:00,139.48,"Olson, Martinez and Wilson",Visa,Mobile,0,Coahuila,Electrónica,0,5
4715,2025-02-03 07:47:00,71.92,Williams-Moore,Visa,Mobile,1,Jalisco,Electrónica,0,3
4716,2025-01-31 03:14:00,38.69,"Garza, Strickland and Hardy",MasterCard,Tablet,0,Guanajuato,Entretenimiento,0,32
4717,2025-01-28 10:51:00,90.65,Sullivan PLC,MasterCard,Mobile,0,Michoacán,Entretenimiento,0,47
4718,2025-01-06 11:09:00,545.72,Wise-Anthony,Amex,Tablet,0,Veracruz,Restaurante,0,8
4719,2025-01-03 11:56:00,57.14,"Jones, Harvey and Hayes",MasterCard,Desktop,0,Veracruz,Servicios,0,29
4720,2025-01-21 15:13:00,253.44,Webb-Lee,Amex,Mobile,0,Coahuila,Servicios,0,6
4721,2025-02-03 10:00:00,42.31,Nicholson Group,Discover,Mobile,0,EdoMex,Retail,0,24
4722,2025-01-23 02:52:00,5.63,"Dillon, Ramirez and Webb",Discover,Desktop,0,Nuevo León,Entretenimiento,0,27
4723,2025-02-02 10:19:00,22.85,"Jones, Clements and Jones",Visa,Desktop,0,Coahuila,Supermercado,0,24
4724,2025-02-04 18:24:00,54.25,Mckee-Faulkner,Discover,Desktop,0,Sonora,Turismo,0,31
4725,2025-01-26 20:40:00,24.8,Gutierrez and Sons,Discover,Mobile,0,Puebla,Entretenimiento,0,42
4726,2025-01-08 03:38:00,0.02,Miller-Campos,Amex,Mobile,0,Chihuahua,Electrónica,0,42
4727,2025-02-02 20:52:00,246.51,Moore-Woodard,Visa,Desktop,0,CDMX,Retail,0,19
4728,2025-01-19 09:51:00,185.71,Jones PLC,MasterCard,Desktop,0,Tamaulipas,Supermercado,0,45
4729,2025-01-27 10:00:00,135.59,"Giles, Scott and Wilkerson",Visa,Desktop,0,EdoMex,Entretenimiento,0,14
4730,2025-01-26 06:30:00,18.37,Rodriguez LLC,Discover,Desktop,0,Tamaulipas,Turismo,0,42
4731,2025-01-01 05:13:00,12.82,Martinez Inc,MasterCard,Desktop,0,Veracruz,Supermercado,0,38
4732,2025-02-03 10:37:00,7,"Bell, Miller and Kennedy",Visa,Tablet,0,Jalisco,Entretenimiento,0,30
4733,2025-01-22 21:26:00,128.75,"Anderson, Mahoney and Grant",Visa,Desktop,0,Veracruz,Electrónica,0,43
4734,2025-01-21 01:25:00,264.24,Green Ltd,Visa,Tablet,0,Michoacán,Entretenimiento,0,2
4735,2025-01-07 19:12:00,56.31,"Meadows, Thompson and Perkins",Visa,Mobile,0,Coahuila,Entretenimiento,0,31
4736,2025-01-31 00:57:00,12.69,"Reyes, Adams and Barber",Amex,Mobile,0,EdoMex,Retail,0,17
4737,2025-02-04 03:21:00,71.82,"Hicks, Knapp and Mcdaniel",Visa,Tablet,0,Baja California,Turismo,0,6
4738,2025-01-24 00:08:00,42.9,"Archer, Gibson and Davis",Discover,Desktop,0,Tamaulipas,Supermercado,0,14
4739,2025-01-15 14:50:00,46.97,Roach Ltd,Discover,Mobile,0,Baja California,Restaurante,0,30
4740,2025-01-16 18:49:00,97.11,Larsen and Sons,Amex,Desktop,1,Chihuahua,Supermercado,0,12
4741,2025-01-30 19:54:00,126.84,Silva-Lewis,MasterCard,Desktop,0,Baja California,Supermercado,0,12
4742,2025-01-15 13:39:00,11.72,"Larson, Hughes and Morris",MasterCard,Tablet,0,Jalisco,Supermercado,0,50
4743,2025-01-21 23:20:00,3.62,Mercado-Miller,Discover,Mobile,0,Jalisco,Electrónica,0,30
4744,2025-01-10 05:20:00,517.26,Fox-Wade,Discover,Mobile,1,Baja California,Entretenimiento,0,40
4745,2025-01-11 22:03:00,26.49,Thompson-Arroyo,Amex,Tablet,1,Coahuila,Restaurante,0,35
4746,2025-02-02 15:14:00,5.53,Harris-Martinez,MasterCard,Desktop,0,Jalisco,Turismo,0,49
4747,2025-01-16 13:32:00,21.06,Crawford-Thomas,MasterCard,Desktop,0,Guanajuato,Entretenimiento,0,27
4748,2025-01-21 22:04:00,3.97,Lane-Hernandez,Visa,Mobile,0,EdoMex,Restaurante,0,20
4749,2025-01-14 06:54:00,49.73,Dawson-Henderson,Visa,Tablet,0,Chihuahua,Servicios,0,39
4750,2025-02-05 13:42:00,162.15,Chavez-Burton,Visa,Tablet,0,Sonora,Retail,0,12
4751,2025-02-03 14:42:00,41.74,Alvarez-Wilson,Amex,Desktop,0,Baja California,Entretenimiento,0,9
4752,2025-01-01 03:35:00,58.73,"Moss, Watson and Soto",Discover,Desktop,0,Nuevo León,Servicios,0,12
4753,2025-01-11 05:44:00,112.57,"Hall, Sellers and Bowman",Amex,Tablet,0,Puebla,Electrónica,0,8
4754,2025-01-22 15:02:00,71.11,Rogers-Thomas,MasterCard,Mobile,0,Guanajuato,Retail,0,12
4755,2025-01-03 17:01:00,197.65,Rivers-Waller,Discover,Desktop,0,Nuevo León,Electrónica,0,37
4756,2025-01-18 19:54:00,201.02,Alvarado Ltd,Visa,Tablet,0,Puebla,Turismo,0,50
4757,2025-01-11 01:27:00,1,Meyer-Ball,Amex,Tablet,0,Chihuahua,Entretenimiento,0,20
4758,2025-01-19 14:12:00,150.53,Graham PLC,Amex,Tablet,0,Chihuahua,Electrónica,0,22
4759,2025-01-24 11:09:00,61.75,Mullins-Hughes,Visa,Mobile,0,Sonora,Electrónica,0,36
4760,2025-01-24 05:16:00,449.55,"Stanton, Brown and Garrett",Amex,Desktop,0,Chihuahua,Retail,0,45
4761,2025-01-27 10:59:00,66.02,Mosley-Diaz,Visa,Desktop,0,Chihuahua,Electrónica,0,41
4762,2025-01-15 07:04:00,433.48,"Rhodes, Parker and Patel",MasterCard,Desktop,0,Michoacán,Servicios,0,21
4763,2025-01-12 02:57:00,140.47,Martinez-Mitchell,Discover,Mobile,0,Sonora,Servicios,0,31
4764,2025-01-08 00:33:00,28.58,"Macdonald, Harris and Collins",MasterCard,Desktop,0,Puebla,Turismo,0,1
4765,2025-01-05 09:36:00,77.3,Moreno-Novak,MasterCard,Desktop,0,Tamaulipas,Turismo,0,31
4766,2025-01-14 22:12:00,484.54,"Barry, Craig and Parks",Visa,Desktop,0,Chihuahua,Turismo,0,4
4767,2025-01-21 12:21:00,194.86,Harris Ltd,Amex,Desktop,0,Coahuila,Servicios,0,33
4768,2025-01-29 02:36:00,10.24,"Beasley, Carr and Davidson",MasterCard,Mobile,0,EdoMex,Entretenimiento,0,13
4769,2025-01-10 01:22:00,122.54,Joseph PLC,MasterCard,Tablet,0,CDMX,Retail,0,5
4770,2025-01-13 14:03:00,42.4,Reeves-Bradley,MasterCard,Tablet,0,Veracruz,Servicios,0,9
4771,2025-01-07 16:41:00,0.7,"Duncan, Moran and Sullivan",Amex,Desktop,0,Tamaulipas,Servicios,0,42
4772,2025-01-14 22:58:00,51.66,Green PLC,Amex,Desktop,0,Tamaulipas,Retail,0,43
4773,2025-01-08 09:25:00,26.76,Johnson Group,Visa,Desktop,0,Chihuahua,Entretenimiento,0,40
4774,2025-01-12 03:43:00,170.85,"Brown, Roberts and Jordan",MasterCard,Mobile,0,CDMX,Restaurante,0,4
4775,2025-01-17 09:45:00,41.15,Espinoza-Simon,Discover,Desktop,0,Michoacán,Electrónica,0,47
4776,2025-01-17 07:23:00,175.75,"Hess, Sanchez and Harrison",Amex,Mobile,0,Chihuahua,Restaurante,0,9
4777,2025-01-22 11:02:00,0.06,Ryan Ltd,Visa,Desktop,0,Guanajuato,Entretenimiento,0,39
4778,2025-01-10 07:59:00,36.79,"Cameron, Adkins and Yu",MasterCard,Desktop,0,Nuevo León,Servicios,0,12
4779,2025-01-19 13:34:00,27.6,Fletcher Inc,Discover,Tablet,0,Chihuahua,Restaurante,0,13
4780,2025-01-15 06:29:00,26.6,Meadows-Miller,Amex,Desktop,0,Chihuahua,Restaurante,0,1
4781,2025-01-11 11:51:00,7.06,Thompson LLC,Discover,Mobile,0,Puebla,Servicios,0,45
4782,2025-01-21 01:33:00,20.72,Schwartz-Cline,Amex,Tablet,0,Guanajuato,Servicios,0,6
4783,2025-01-27 05:17:00,81.09,Herman Inc,Visa,Mobile,0,Baja California,Supermercado,0,25
4784,2025-01-08 03:03:00,34.44,Cole-Sandoval,Discover,Tablet,0,Chihuahua,Servicios,0,24
4785,2025-01-01 15:53:00,54.02,Gilmore Ltd,MasterCard,Mobile,0,Jalisco,Electrónica,0,39
4786,2025-01-31 01:19:00,47.3,Jackson-Malone,MasterCard,Tablet,0,Coahuila,Servicios,0,4
4787,2025-01-18 15:25:00,208.67,"Hawkins, Blair and Mcintyre",Amex,Mobile,0,Sonora,Supermercado,0,32
4788,2025-01-30 13:38:00,235.7,Smith-Garcia,MasterCard,Mobile,0,CDMX,Retail,0,12
4789,2025-01-02 15:53:00,67.92,"Curtis, Le and Gentry",Discover,Desktop,0,Baja California,Electrónica,0,49
4790,2025-01-25 02:51:00,40.07,Cooke-Collins,Visa,Tablet,0,Michoacán,Supermercado,0,40
4791,2025-01-13 19:50:00,11.29,Li-Gilbert,Amex,Tablet,0,Nuevo León,Supermercado,0,13
4792,2025-01-10 13:24:00,306.62,Perry-Miller,Discover,Desktop,0,Coahuila,Supermercado,0,18
4793,2025-01-18 16:21:00,6.21,Taylor and Sons,Amex,Mobile,0,Coahuila,Restaurante,0,15
4794,2025-01-27 07:06:00,35.33,Perez-Barnes,Visa,Mobile,0,Jalisco,Servicios,0,11
4795,2025-01-20 23:51:00,35.39,Rowland-Patterson,Amex,Tablet,0,EdoMex,Entretenimiento,0,45
4796,2025-01-27 17:52:00,38.63,Carr-Gutierrez,MasterCard,Mobile,0,Nuevo León,Servicios,0,9
4797,2025-01-15 03:44:00,17.95,Chandler and Sons,MasterCard,Tablet,0,Sonora,Turismo,0,33
4798,2025-01-11 03:41:00,152.86,"Silva, Cherry and Roberts",Amex,Tablet,0,Coahuila,Servicios,0,15
4799,2025-01-04 07:55:00,13.07,Allen Ltd,Visa,Mobile,0,Jalisco,Servicios,0,16
4800,2025-02-04 08:53:00,100.76,"Wells, Green and Nguyen",Visa,Mobile,0,EdoMex,Electrónica,0,14
4801,2025-01-14 11:39:00,13.22,"Smith, Garcia and Anthony",MasterCard,Mobile,0,Coahuila,Retail,0,24
4802,2025-01-12 14:18:00,7.31,"Hernandez, Griffin and Alexander",Visa,Desktop,0,EdoMex,Servicios,0,30
4803,2025-01-03 21:16:00,240.16,Powell LLC,Amex,Tablet,0,CDMX,Electrónica,0,11
4804,2025-01-31 15:45:00,21.09,Jackson Group,Discover,Mobile,0,Coahuila,Electrónica,0,14
4805,2025-01-27 19:53:00,172.18,Leonard and Sons,Amex,Desktop,0,Sonora,Retail,0,48
4806,2025-01-07 10:50:00,78.66,Bennett Ltd,MasterCard,Mobile,1,Guanajuato,Electrónica,0,7
4807,2025-01-19 11:26:00,8.11,Wells Inc,MasterCard,Tablet,0,Tamaulipas,Servicios,0,21
4808,2025-01-12 16:32:00,311.11,"Boyd, Tanner and Martin",MasterCard,Desktop,0,Baja California,Restaurante,0,41
4809,2025-01-13 16:52:00,28.36,"Williams, Rosales and Marshall",Visa,Tablet,0,Baja California,Turismo,0,26
4810,2025-01-04 11:41:00,196.36,"Cline, Meza and Mccoy",Amex,Mobile,0,Nuevo León,Retail,0,29
4811,2025-01-06 13:27:00,18.49,Bray and Sons,Discover,Mobile,0,EdoMex,Electrónica,0,35
4812,2025-01-23 08:44:00,192.38,"Bell, Ibarra and Hunt",Amex,Mobile,0,Chihuahua,Servicios,0,29
4813,2025-02-04 11:34:00,1.33,Ross-Nguyen,Discover,Desktop,0,Puebla,Entretenimiento,0,18
4814,2025-01-01 23:11:00,71.7,"Powell, Jones and Strickland",Amex,Desktop,1,Puebla,Entretenimiento,0,13
4815,2025-01-08 12:14:00,146.73,Baker PLC,MasterCard,Desktop,0,Sonora,Turismo,0,8
4816,2025-01-17 13:41:00,273.02,Lynch-Patterson,Discover,Desktop,0,Nuevo León,Retail,0,9
4817,2025-02-02 23:19:00,239.91,"Fields, Collins and Deleon",Amex,Mobile,0,Baja California,Servicios,0,35
4818,2025-02-04 02:22:00,171.27,"Willis, Warner and Wright",Visa,Mobile,0,CDMX,Entretenimiento,0,36
4819,2025-01-13 17:54:00,219.1,"Bailey, Hall and Smith",Visa,Mobile,0,Puebla,Servicios,0,42
4820,2025-02-01 22:55:00,22.22,"Hernandez, Frank and Wise",Amex,Desktop,0,Michoacán,Electrónica,0,26
4821,2025-01-29 16:25:00,33.43,Colon Inc,MasterCard,Desktop,0,Chihuahua,Servicios,0,45
4822,2025-01-29 01:55:00,34.1,Boyd Ltd,Discover,Mobile,0,CDMX,Turismo,0,27
4823,2025-01-19 05:53:00,47.33,Miller-Fernandez,Amex,Mobile,0,Veracruz,Restaurante,0,48
4824,2025-01-01 22:54:00,49.98,Moses Group,Visa,Desktop,0,Sonora,Electrónica,0,18
4825,2025-01-10 18:23:00,78.65,Waller and Sons,Discover,Tablet,0,Guanajuato,Turismo,0,33
4826,2025-01-01 10:03:00,17.42,Burns-Ibarra,Visa,Mobile,0,Michoacán,Entretenimiento,0,13
4827,2025-01-22 20:27:00,117.52,Lewis and Sons,Visa,Mobile,0,Michoacán,Supermercado,0,6
4828,2025-01-13 07:30:00,18.34,"Berger, Lewis and Phillips",Amex,Mobile,0,Veracruz,Restaurante,0,34
4829,2025-01-10 13:30:00,37.15,Adkins PLC,Visa,Desktop,0,Veracruz,Servicios,0,23
4830,2025-01-16 04:48:00,69.99,Schroeder Inc,Discover,Mobile,0,Veracruz,Turismo,0,33
4831,2025-01-16 18:07:00,159.18,"Briggs, Clarke and Bentley",MasterCard,Mobile,0,Guanajuato,Turismo,0,18
4832,2025-02-03 10:03:00,134.5,Craig PLC,Amex,Mobile,0,Michoacán,Turismo,0,14
4833,2025-01-04 01:39:00,103.71,"Woods, Roberts and Reeves",Discover,Mobile,0,Puebla,Restaurante,0,11
4834,2025-01-03 11:09:00,16.93,Reed Group,Amex,Mobile,0,Jalisco,Servicios,0,43
4835,2025-01-12 20:20:00,79.2,Martin-Miller,Visa,Tablet,0,Tamaulipas,Electrónica,0,46
4836,2025-01-05 08:41:00,9.15,Dunn-Smith,Visa,Tablet,0,Chihuahua,Electrónica,0,26
4837,2025-01-16 23:07:00,47.38,"Garcia, Lee and Kelley",Discover,Mobile,0,Veracruz,Retail,0,25
4838,2025-01-25 03:58:00,53.36,Berg LLC,Discover,Mobile,0,Baja California,Supermercado,0,35
4839,2025-02-03 10:24:00,4.06,Smith Inc,MasterCard,Mobile,0,Michoacán,Servicios,0,30
4840,2025-01-14 16:33:00,32.02,"Stewart, Barnett and Moore",Discover,Mobile,0,Chihuahua,Electrónica,0,9
4841,2025-01-23 01:33:00,311.56,"Maddox, Carter and Lopez",Discover,Desktop,0,Jalisco,Electrónica,0,8
4842,2025-01-18 05:56:00,307.12,Kennedy-Young,Amex,Desktop,0,Nuevo León,Turismo,0,49
4843,2025-01-13 17:07:00,43.44,Krueger-White,Visa,Desktop,0,Puebla,Servicios,0,27
4844,2025-01-15 08:05:00,4.41,Jones Inc,Discover,Tablet,0,Baja California,Entretenimiento,0,40
4845,2025-01-09 07:24:00,19.73,Kent-Soto,MasterCard,Mobile,0,CDMX,Restaurante,0,49
4846,2025-01-31 05:32:00,49.79,"Watson, Jones and Frost",Discover,Desktop,0,Michoacán,Retail,0,43
4847,2025-01-18 18:34:00,295.23,Dean-Young,Visa,Mobile,0,Chihuahua,Electrónica,0,31
4848,2025-01-04 19:46:00,15.22,Day-Bright,Discover,Mobile,0,Baja California,Entretenimiento,0,14
4849,2025-01-10 12:07:00,144.19,"Edwards, Evans and Long",Amex,Tablet,0,Nuevo León,Restaurante,0,38
4850,2025-01-04 20:21:00,11.51,Hernandez Ltd,Visa,Tablet,0,Nuevo León,Servicios,0,14
4851,2025-01-22 19:34:00,397.7,"Stone, Mcdonald and Williams",Discover,Desktop,0,Guanajuato,Electrónica,0,12
4852,2025-01-24 18:28:00,48.06,Allen and Sons,Amex,Desktop,0,Chihuahua,Entretenimiento,0,33
4853,2025-01-02 15:37:00,149.27,Johnson LLC,Visa,Tablet,0,Baja California,Electrónica,0,2
4854,2025-01-07 12:26:00,41.94,Davis and Sons,Discover,Tablet,0,Coahuila,Supermercado,0,17
4855,2025-01-10 07:21:00,98.8,Bolton Group,Amex,Mobile,0,Puebla,Supermercado,0,29
4856,2025-01-18 13:09:00,21.32,Dominguez Inc,MasterCard,Mobile,0,Michoacán,Retail,0,20
4857,2025-01-06 00:36:00,15.78,Tran Group,Amex,Desktop,0,Baja California,Electrónica,0,42
4858,2025-01-02 05:01:00,278.17,"Cooke, Torres and Mcclure",MasterCard,Desktop,0,CDMX,Supermercado,0,17
4859,2025-01-05 18:05:00,249.67,Carter-Cunningham,Discover,Tablet,0,Sonora,Restaurante,0,17
4860,2025-01-24 13:27:00,218.45,Knapp-Martin,Amex,Desktop,0,CDMX,Entretenimiento,0,30
4861,2025-01-27 19:07:00,98.2,Washington-Dunn,MasterCard,Mobile,0,Sonora,Retail,0,14
4862,2025-01-10 19:14:00,165.17,"Hutchinson, Stewart and Olson",Visa,Tablet,0,Jalisco,Retail,0,41
4863,2025-01-26 04:36:00,7.15,"Lee, Klein and Harper",Amex,Mobile,0,Chihuahua,Entretenimiento,0,25
4864,2025-01-16 20:26:00,40.77,Donaldson and Sons,Discover,Tablet,0,Baja California,Retail,0,8
4865,2025-01-27 15:25:00,37.64,"Phillips, Carson and Wood",Visa,Tablet,0,Nuevo León,Turismo,0,33
4866,2025-01-31 07:38:00,100.96,"Simmons, Leon and Garcia",MasterCard,Mobile,0,Coahuila,Retail,0,13
4867,2025-01-24 22:42:00,44,Knight-Williams,Amex,Desktop,0,Chihuahua,Turismo,0,35
4868,2025-02-05 08:39:00,16.08,"Rose, Salazar and David",Amex,Desktop,0,CDMX,Entretenimiento,0,28
4869,2025-01-19 19:48:00,90.75,"Carroll, Rivera and Rhodes",Discover,Desktop,0,Chihuahua,Electrónica,0,2
4870,2025-01-30 07:12:00,168.41,Lopez-Nelson,Visa,Desktop,0,Nuevo León,Servicios,0,50
4871,2025-01-20 11:26:00,48.15,"Fowler, Delgado and Serrano",Amex,Mobile,0,Veracruz,Servicios,0,49
4872,2025-01-14 01:35:00,14.19,Johnston Ltd,Amex,Tablet,0,Coahuila,Retail,0,28
4873,2025-02-02 04:00:00,21.9,"Dickerson, Wright and Mathis",Visa,Mobile,0,Puebla,Retail,0,14
4874,2025-02-05 08:21:00,27.11,Burgess-Little,Amex,Desktop,0,Michoacán,Electrónica,0,34
4875,2025-01-21 07:29:00,35.65,Turner and Sons,Visa,Desktop,0,CDMX,Supermercado,0,37
4876,2025-01-04 11:04:00,102.94,Hill-Cooper,Visa,Mobile,0,Nuevo León,Entretenimiento,0,4
4877,2025-01-07 17:12:00,91.87,Graham Ltd,Visa,Tablet,0,Chihuahua,Servicios,0,40
4878,2025-01-06 00:42:00,119.1,Lewis Inc,Discover,Mobile,0,EdoMex,Supermercado,0,33
4879,2025-01-01 04:38:00,45.02,Williams-Humphrey,Visa,Mobile,0,Jalisco,Retail,0,11
4880,2025-01-29 13:12:00,173.73,Thompson and Sons,Visa,Mobile,0,EdoMex,Entretenimiento,0,8
4881,2025-01-11 13:22:00,22.83,Smith-Daniel,MasterCard,Tablet,0,Sonora,Supermercado,0,32
4882,2025-01-18 17:28:00,63.31,"Zhang, Martin and Fox",MasterCard,Mobile,0,Sonora,Entretenimiento,0,21
4883,2025-01-12 02:39:00,161.41,Bailey-Bailey,Discover,Mobile,0,Jalisco,Restaurante,0,35
4884,2025-02-02 15:31:00,19.86,"Contreras, Hall and Smith",Visa,Desktop,0,Puebla,Turismo,0,18
4885,2025-01-12 15:29:00,11.64,Martinez-Ibarra,MasterCard,Mobile,0,CDMX,Servicios,0,36
4886,2025-01-10 04:25:00,215.14,Thomas-Jacobs,MasterCard,Desktop,1,Nuevo León,Restaurante,0,11
4887,2025-01-13 20:02:00,42,"Stevens, Walton and Sanchez",Amex,Desktop,0,Nuevo León,Servicios,0,24
4888,2025-01-28 15:36:00,115.16,Bailey-Bradley,Visa,Desktop,0,Tamaulipas,Electrónica,0,14
4889,2025-02-02 03:13:00,2.57,Marshall LLC,MasterCard,Tablet,0,Nuevo León,Servicios,0,17
4890,2025-01-19 19:41:00,117.13,Houston Group,Discover,Desktop,0,Puebla,Retail,0,45
4891,2025-02-03 23:54:00,37.99,Doyle-Mcguire,Amex,Mobile,0,Michoacán,Turismo,0,3
4892,2025-01-21 06:52:00,5.74,Williams-Coffey,Amex,Mobile,0,Tamaulipas,Retail,0,40
4893,2025-02-02 21:14:00,94.11,Chavez Inc,Visa,Desktop,0,Chihuahua,Electrónica,0,13
4894,2025-01-24 01:35:00,27.55,Lara Group,Visa,Desktop,0,Guanajuato,Supermercado,0,46
4895,2025-01-27 18:35:00,48.91,Smith-Brown,Amex,Mobile,0,Veracruz,Supermercado,0,11
4896,2025-01-29 19:47:00,8.4,Chan Group,Discover,Desktop,0,Jalisco,Supermercado,0,27
4897,2025-01-25 23:35:00,15.92,"Shelton, Smith and Roberts",Visa,Tablet,0,Baja California,Turismo,0,13
4898,2025-01-25 19:15:00,35.38,Moore-Brown,Visa,Desktop,0,Nuevo León,Retail,0,27
4899,2025-01-04 21:19:00,9.4,Simmons-Payne,Amex,Tablet,0,Tamaulipas,Servicios,0,23
4900,2025-01-26 07:15:00,241.72,"Gregory, Jennings and Russell",Amex,Tablet,0,Michoacán,Retail,0,15
4901,2025-01-20 02:13:00,0.61,Fischer-Brown,Visa,Tablet,0,Sonora,Restaurante,0,39
4902,2025-02-04 06:34:00,66.14,"Manning, Jimenez and Wagner",MasterCard,Desktop,0,Coahuila,Entretenimiento,0,4
4903,2025-01-26 18:56:00,13.15,"Bowen, Powell and Cummings",Visa,Tablet,0,Veracruz,Restaurante,0,40
4904,2025-01-11 11:41:00,36.77,Alexander-Mendez,MasterCard,Tablet,0,Guanajuato,Turismo,0,8
4905,2025-01-22 19:55:00,260.45,Baker and Sons,Amex,Desktop,0,Chihuahua,Entretenimiento,0,28
4906,2025-01-04 09:58:00,17.64,Christian LLC,MasterCard,Tablet,0,Guanajuato,Retail,0,11
4907,2025-01-28 23:47:00,337.65,Bishop Ltd,Discover,Desktop,0,EdoMex,Supermercado,0,25
4908,2025-01-09 12:15:00,23.04,Wagner Ltd,Amex,Mobile,0,Guanajuato,Restaurante,0,43
4909,2025-01-30 20:21:00,135.31,Walker-Braun,Visa,Tablet,0,Baja California,Electrónica,0,45
4910,2025-01-01 21:00:00,79.12,Durham PLC,Visa,Desktop,0,Baja California,Entretenimiento,0,10
4911,2025-01-23 20:54:00,215.83,Young-Barr,Amex,Mobile,0,Jalisco,Supermercado,0,45
4912,2025-01-23 00:46:00,80.74,Mcintosh-Everett,Amex,Tablet,0,Jalisco,Servicios,0,26
4913,2025-01-13 22:00:00,76.48,Buchanan-Potts,Discover,Tablet,0,Jalisco,Supermercado,0,29
4914,2025-01-25 10:52:00,21.75,Boyd and Sons,Amex,Desktop,0,Michoacán,Restaurante,0,42
4915,2025-02-02 16:05:00,18.18,Chavez Inc,Visa,Mobile,0,Tamaulipas,Electrónica,0,46
4916,2025-01-24 05:23:00,248.28,"Foster, Riggs and Castillo",Discover,Desktop,0,Chihuahua,Retail,0,38
4917,2025-02-04 17:10:00,39.73,Rios Inc,Visa,Tablet,0,Guanajuato,Servicios,0,17
4918,2025-01-31 13:38:00,46.53,"Scott, Casey and Knight",MasterCard,Tablet,0,Guanajuato,Supermercado,0,25
4919,2025-01-17 20:06:00,142.64,"Lewis, Moore and Walker",Amex,Tablet,0,EdoMex,Retail,0,50
4920,2025-01-21 20:07:00,41.37,Gilmore PLC,MasterCard,Tablet,0,Veracruz,Electrónica,0,8
4921,2025-01-05 18:02:00,303.79,Simmons-Gross,Visa,Mobile,0,Guanajuato,Supermercado,0,44
4922,2025-01-07 17:10:00,133.91,Reed LLC,MasterCard,Mobile,0,CDMX,Restaurante,0,38
4923,2025-01-11 22:21:00,90.99,Gentry-Fernandez,MasterCard,Desktop,0,Coahuila,Supermercado,0,22
4924,2025-01-30 18:35:00,212.78,"Rogers, Smith and Sanders",Visa,Desktop,0,Tamaulipas,Retail,0,16
4925,2025-01-27 16:22:00,5.09,Sutton-Diaz,Visa,Desktop,0,CDMX,Servicios,0,50
4926,2025-02-02 11:11:00,29.71,Smith Group,Amex,Tablet,0,Chihuahua,Servicios,0,28
4927,2025-01-01 18:01:00,62.56,Marsh-Hill,MasterCard,Desktop,0,CDMX,Retail,0,40
4928,2025-01-14 06:52:00,25.74,Gallegos PLC,Discover,Mobile,0,CDMX,Restaurante,0,17
4929,2025-01-23 13:43:00,136.22,Lee and Sons,Discover,Desktop,0,Jalisco,Retail,0,47
4930,2025-02-04 09:29:00,251.59,"Brown, Hess and Taylor",Visa,Desktop,0,Guanajuato,Electrónica,0,38
4931,2025-01-11 00:03:00,55.12,Martinez PLC,Visa,Mobile,0,Tamaulipas,Restaurante,0,7
4932,2025-01-30 18:40:00,41.88,"Flynn, Knight and White",MasterCard,Mobile,0,EdoMex,Servicios,0,3
4933,2025-01-20 09:49:00,325.84,"Mann, Kaiser and Perez",Visa,Tablet,0,Jalisco,Entretenimiento,0,26
4934,2025-01-23 15:39:00,58.85,Obrien-Black,Discover,Mobile,0,Coahuila,Servicios,0,49
4935,2025-01-17 19:55:00,67.15,Campos Inc,Amex,Mobile,0,Baja California,Supermercado,0,36
4936,2025-01-11 18:26:00,43.33,Gonzales Ltd,Amex,Desktop,0,Baja California,Servicios,0,40
4937,2025-01-24 01:42:00,240.29,"Vaughan, Barnes and Cuevas",MasterCard,Mobile,0,Chihuahua,Retail,0,3
4938,2025-01-03 20:55:00,84.15,"Aguilar, Morris and Harper",Amex,Tablet,0,Guanajuato,Electrónica,0,44
4939,2025-01-27 14:13:00,143.62,Carlson LLC,Visa,Desktop,0,CDMX,Restaurante,0,42
4940,2025-02-04 02:19:00,167.03,Braun-Bartlett,Visa,Tablet,0,Tamaulipas,Retail,0,3
4941,2025-01-25 09:20:00,41.83,Glass-Stevens,Visa,Mobile,0,Guanajuato,Servicios,0,40
4942,2025-01-17 13:14:00,56.86,Lewis-Mcclain,Visa,Tablet,0,Guanajuato,Retail,0,12
4943,2025-01-30 02:47:00,188.7,Fernandez Ltd,MasterCard,Tablet,0,Chihuahua,Entretenimiento,0,8
4944,2025-01-17 12:43:00,45.14,"Watts, Johnson and Duarte",Amex,Mobile,0,Michoacán,Servicios,0,46
4945,2025-01-28 05:07:00,157.96,Owen-Moore,Discover,Mobile,0,Guanajuato,Retail,0,4
4946,2025-02-04 08:37:00,283.01,Small-Hurst,Amex,Desktop,0,Chihuahua,Entretenimiento,0,7
4947,2025-01-27 21:23:00,97.61,West-Mason,Visa,Desktop,0,Coahuila,Retail,0,9
4948,2025-01-12 16:42:00,135.34,Barber Inc,Discover,Desktop,0,Baja California,Turismo,0,12
4949,2025-01-08 01:12:00,163.53,Hall-Anderson,MasterCard,Mobile,0,Puebla,Restaurante,0,20
4950,2025-01-15 10:29:00,186.46,"Williams, Bates and Cordova",Visa,Tablet,0,Puebla,Restaurante,0,24
4951,2025-02-04 17:33:00,50.26,Decker Ltd,Visa,Tablet,0,CDMX,Entretenimiento,0,9
4952,2025-01-26 06:05:00,5.26,Morris Group,Discover,Desktop,0,Nuevo León,Electrónica,0,20
4953,2025-01-18 08:14:00,51.4,Wells and Sons,MasterCard,Desktop,0,EdoMex,Entretenimiento,0,21
4954,2025-01-14 13:00:00,112.01,"Hamilton, Johnson and Hernandez",Discover,Mobile,0,Baja California,Turismo,0,2
4955,2025-01-29 00:24:00,59.85,Clay LLC,MasterCard,Tablet,0,Coahuila,Servicios,0,34
4956,2025-01-12 18:02:00,138.22,Graham-Gomez,Visa,Desktop,0,Jalisco,Servicios,0,50
4957,2025-01-21 14:58:00,44.16,Cook Inc,Amex,Mobile,0,Sonora,Electrónica,0,15
4958,2025-01-24 17:16:00,100.72,"Rice, Jones and Lee",Visa,Desktop,0,Coahuila,Servicios,0,6
4959,2025-01-10 02:45:00,20.63,Cameron Ltd,Amex,Mobile,0,Michoacán,Turismo,0,9
4960,2025-01-07 13:49:00,138.38,Francis-Morrow,Amex,Tablet,0,Tamaulipas,Entretenimiento,0,49
4961,2025-02-03 00:17:00,78.9,Garcia-Baldwin,MasterCard,Mobile,0,Michoacán,Entretenimiento,0,10
4962,2025-01-10 22:20:00,22.82,Jackson-Hamilton,Discover,Desktop,0,Sonora,Servicios,0,44
4963,2025-01-21 02:26:00,34.52,Howard-Brooks,MasterCard,Desktop,0,Tamaulipas,Turismo,0,24
4964,2025-01-22 15:38:00,138.07,Elliott Inc,Visa,Tablet,0,CDMX,Entretenimiento,0,49
4965,2025-01-29 18:21:00,65.89,Delgado-Wang,Discover,Tablet,0,Baja California,Restaurante,0,47
4966,2025-02-04 06:00:00,24.34,Vargas-Green,Amex,Desktop,0,Guanajuato,Entretenimiento,0,41
4967,2025-02-03 14:09:00,341.95,Rogers Group,Amex,Desktop,0,Nuevo León,Turismo,0,20
4968,2025-01-04 09:34:00,125.57,"Smith, Lopez and Vaughn",Visa,Desktop,0,Tamaulipas,Electrónica,0,2
4969,2025-01-25 03:38:00,314.97,"Steele, Hudson and Yu",Discover,Tablet,0,Puebla,Electrónica,0,5
4970,2025-01-31 15:21:00,55.71,"Smith, Russell and White",Visa,Desktop,0,Nuevo León,Supermercado,0,18
4971,2025-01-25 14:44:00,64.45,Brown LLC,Visa,Tablet,0,Tamaulipas,Retail,0,3
4972,2025-01-19 13:00:00,228.23,Wise-Diaz,MasterCard,Desktop,0,CDMX,Supermercado,0,26
4973,2025-01-07 04:44:00,74.45,Kelley-Hernandez,Visa,Mobile,0,Michoacán,Electrónica,0,14
4974,2025-01-10 20:19:00,122.85,Mcintosh-Lutz,Discover,Mobile,0,EdoMex,Electrónica,0,3
4975,2025-01-20 09:18:00,29.06,"Wiley, Carter and Jones",Visa,Desktop,0,Nuevo León,Electrónica,0,31
4976,2025-01-28 10:41:00,59.19,Nelson-Davis,Discover,Mobile,0,EdoMex,Turismo,0,11
4977,2025-02-02 00:26:00,13.18,"Norman, Green and White",Amex,Tablet,0,Coahuila,Turismo,0,20
4978,2025-02-04 10:56:00,23.06,Finley-Mendez,Visa,Mobile,0,Nuevo León,Supermercado,0,38
4979,2025-02-03 15:25:00,0.09,Smith PLC,Discover,Mobile,0,Nuevo León,Electrónica,0,49
4980,2025-01-22 00:06:00,4.01,Garcia-Scott,Amex,Tablet,0,Coahuila,Restaurante,0,48
4981,2025-02-01 07:31:00,378.47,"Foster, Christian and Thomas",Discover,Mobile,0,Sonora,Supermercado,0,48
4982,2025-02-05 10:58:00,27.75,Braun-Nicholson,Amex,Mobile,0,Baja California,Retail,0,20
4983,2025-01-10 22:48:00,108.86,Foster Ltd,MasterCard,Desktop,0,Sonora,Turismo,0,23
4984,2025-01-20 22:36:00,182.7,Davis-Nielsen,Visa,Tablet,0,EdoMex,Retail,0,30
4985,2025-01-22 10:34:00,80,Craig-Clark,Visa,Tablet,0,Tamaulipas,Retail,0,41
4986,2025-01-11 22:58:00,16.62,Cook Ltd,Amex,Desktop,0,Michoacán,Retail,0,22
4987,2025-01-18 21:11:00,130.24,Gates-Preston,MasterCard,Desktop,0,Tamaulipas,Retail,0,44
4988,2025-01-05 14:14:00,91.69,Benson-Cunningham,Discover,Mobile,1,Veracruz,Turismo,0,11
4989,2025-01-15 07:20:00,131.4,Green-Young,MasterCard,Mobile,0,Chihuahua,Servicios,0,14
4990,2025-01-24 19:13:00,146.86,"Lloyd, Daugherty and Rose",Discover,Mobile,0,EdoMex,Supermercado,0,47
4991,2025-01-30 18:50:00,370.54,"Brown, Clark and Moore",Discover,Desktop,0,CDMX,Servicios,0,32
4992,2025-01-01 09:24:00,85.23,Castillo Group,Visa,Tablet,0,Baja California,Entretenimiento,0,10
4993,2025-01-02 03:09:00,41.8,Henry Inc,Amex,Mobile,0,Veracruz,Retail,0,34
4994,2025-01-14 00:26:00,104.54,Miller-Turner,Visa,Desktop,0,Baja California,Servicios,0,24
4995,2025-01-09 00:54:00,7.09,Roberts-Campbell,Visa,Tablet,0,Tamaulipas,Restaurante,0,22
4996,2025-01-17 22:22:00,227.69,Smith Inc,Visa,Desktop,0,Tamaulipas,Restaurante,0,4
4997,2025-01-03 20:25:00,12.71,Lewis Inc,Discover,Mobile,0,Sonora,Supermercado,0,5
4998,2025-01-08 23:49:00,39.73,"Keller, Blevins and Lewis",Visa,Desktop,0,Nuevo León,Retail,0,8
4999,2025-01-07 03:30:00,169.14,Berg Ltd,Discover,Desktop,0,Jalisco,Entretenimiento,0,24
5000,2025-01-23 23:07:00,90.96,"Robinson, Krause and Brennan",Amex,Desktop,0,Guanajuato,Retail,0,49
